Employee_ID,Employee_Name,Country,Department,Job_Level,Plan_Type,Employment_Status,Join_Date,Grant_Date,Vesting_Date
EMP10001,Employee 1,UK,People,L4,RSU,Active,2023-08-02,2023-12-18,2026-12-17
EMP10002,Employee 2,Singapore,Risk,L3,RSU,Active,2024-07-10,2024-11-28,2025-11-28
EMP10003,Employee 3,India,People,L4,RSU,Active,2023-03-19,2023-04-28,2024-04-27
EMP10004,Employee 4,Singapore,Sales,L3,RSU,Active,2026-02-09,2026-11-19,2027-11-19
EMP10005,Employee 5,Germany,Technology,L3,RSU,Active,2026-03-21,2026-09-02,2029-09-01
EMP10006,Employee 6,USA,Legal,L2,RSU,Active,2024-12-21,2025-08-08,2027-08-08
EMP10007,Employee 7,India,Finance,L3,ESPP,Active,2023-03-30,2024-01-12,2026-01-11
EMP10008,Employee 8,UK,Sales,L4,RSU,Active,2024-03-25,2024-10-28,2026-10-28
EMP10009,Employee 9,UK,Sales,L5,Stock Option,Active,2023-01-05,2023-06-16,2024-06-15
EMP10010,Employee 10,India,Sales,L2,Stock Option,Active,2024-11-07,2025-05-15,2027-05-15
EMP10011,Employee 11,USA,Legal,L4,RSU,Active,2024-12-20,2025-07-03,2026-07-03
EMP10012,Employee 12,Singapore,Legal,L3,ESPP,Active,2025-01-21,2025-07-06,2027-07-06
EMP10013,Employee 13,India,Legal,L4,RSU,Active,2026-01-19,2026-02-28,2027-02-28
EMP10014,Employee 14,UK,Strategy,L3,RSU,Active,2023-11-28,2024-01-24,2025-01-23
EMP10015,Employee 15,India,Legal,L3,Performance Share,Active,2023-12-11,2024-07-18,2025-07-18
EMP10016,Employee 16,Germany,Legal,L2,RSU,Active,2023-01-08,2023-03-04,2025-03-03
EMP10017,Employee 17,UK,Legal,L3,RSU,Terminated,2023-11-25,2024-04-09,2026-04-09
EMP10018,Employee 18,India,Operations,L1,ESPP,Active,2026-01-02,2026-05-07,2029-05-06
EMP10019,Employee 19,Germany,Operations,L4,RSU,Active,2024-04-08,2025-01-06,2026-01-06
EMP10020,Employee 20,UK,Risk,L2,Performance Share,Active,2026-01-11,2026-10-23,2029-10-22
EMP10021,Employee 21,USA,Operations,L3,RSU,Active,2024-10-03,2025-01-17,2028-01-17
EMP10022,Employee 22,Germany,Operations,L3,Stock Option,Active,2024-10-25,2025-01-10,2026-01-10
EMP10023,Employee 23,UK,Risk,L3,ESPP,Active,2024-11-14,2025-05-21,2027-05-21
EMP10024,Employee 24,USA,People,L5,Performance Share,Active,2025-07-30,2026-04-01,2027-04-01
EMP10025,Employee 25,Germany,People,L4,Stock Option,On Leave,2026-05-02,2026-09-18,2029-09-17
EMP10026,Employee 26,UK,Technology,L4,RSU,Active,2024-12-04,2025-05-14,2026-05-14
EMP10027,Employee 27,USA,Sales,L2,Performance Share,Active,2025-11-07,2026-02-14,2027-02-14
EMP10028,Employee 28,Singapore,Risk,L3,RSU,Active,2025-01-29,2025-11-22,2028-11-21
EMP10029,Employee 29,USA,People,L3,ESPP,Active,2023-08-20,2024-06-05,2026-06-05
EMP10030,Employee 30,India,Finance,L1,ESPP,Active,2026-02-19,2026-04-03,2027-04-03
EMP10031,Employee 31,UK,Risk,L4,ESPP,On Leave,2023-10-24,2024-08-09,2027-08-09
EMP10032,Employee 32,India,Finance,L4,Performance Share,Active,2024-12-28,2025-09-15,2027-09-15
EMP10033,Employee 33,India,Finance,L5,RSU,On Leave,2024-08-30,2025-03-17,2028-03-16
EMP10034,Employee 34,India,Sales,L3,ESPP,Active,2023-04-30,2023-07-03,2025-07-02
EMP10035,Employee 35,India,People,L1,Performance Share,Active,2023-07-27,2024-05-10,2027-05-10
EMP10036,Employee 36,Australia,Risk,L2,RSU,Active,2025-02-22,2025-08-26,2026-08-26
EMP10037,Employee 37,Singapore,Finance,L4,RSU,Active,2023-07-05,2023-09-19,2026-09-18
EMP10038,Employee 38,India,Finance,L2,Stock Option,Active,2026-01-27,2026-10-28,2029-10-27
EMP10039,Employee 39,USA,Legal,L3,RSU,Active,2024-12-14,2025-07-06,2026-07-06
EMP10040,Employee 40,UK,Sales,L3,ESPP,Active,2025-10-08,2026-06-10,2029-06-09
EMP10041,Employee 41,India,Legal,L3,ESPP,Active,2024-11-22,2025-03-07,2028-03-06
EMP10042,Employee 42,India,Legal,L4,ESPP,Active,2026-01-08,2026-09-20,2029-09-19
EMP10043,Employee 43,USA,Sales,L2,Stock Option,On Leave,2025-07-10,2025-11-24,2028-11-23
EMP10044,Employee 44,India,Finance,L3,Stock Option,Active,2025-02-28,2025-09-26,2026-09-26
EMP10045,Employee 45,India,Risk,L3,RSU,Active,2024-08-18,2024-10-27,2027-10-27
EMP10046,Employee 46,USA,Finance,L4,Performance Share,Active,2023-04-23,2023-11-18,2024-11-17
EMP10047,Employee 47,India,Finance,L3,Performance Share,Active,2024-07-17,2025-02-12,2026-02-12
EMP10048,Employee 48,Germany,Finance,L2,ESPP,Active,2025-04-23,2025-08-13,2026-08-13
EMP10049,Employee 49,UK,Finance,L3,Performance Share,Active,2025-10-23,2026-06-26,2027-06-26
EMP10050,Employee 50,Singapore,Legal,L3,RSU,Active,2023-12-28,2024-02-25,2025-02-24
EMP10051,Employee 51,India,People,L1,RSU,Terminated,2024-09-30,2024-11-15,2026-11-15
EMP10052,Employee 52,India,Finance,L4,RSU,Active,2026-03-06,2026-12-22,2029-12-21
EMP10053,Employee 53,USA,Strategy,L3,Performance Share,Active,2025-08-17,2026-04-30,2027-04-30
EMP10054,Employee 54,USA,Risk,L2,RSU,Active,2025-01-15,2025-05-28,2027-05-28
EMP10055,Employee 55,India,Sales,L3,Stock Option,Active,2025-02-27,2025-10-17,2026-10-17
EMP10056,Employee 56,UK,People,L5,Performance Share,Active,2024-08-04,2025-02-11,2028-02-11
EMP10057,Employee 57,UK,Operations,L3,Performance Share,Active,2025-03-02,2025-09-15,2028-09-14
EMP10058,Employee 58,USA,Legal,L3,Stock Option,Active,2024-05-22,2024-06-29,2027-06-29
EMP10059,Employee 59,USA,Strategy,L3,ESPP,Active,2023-09-29,2023-11-20,2025-11-19
EMP10060,Employee 60,USA,Finance,L4,ESPP,Active,2023-05-29,2024-03-04,2025-03-04
EMP10061,Employee 61,Germany,Strategy,L3,RSU,Active,2023-03-03,2023-08-17,2024-08-16
EMP10062,Employee 62,USA,Sales,L2,RSU,Active,2024-12-14,2025-08-23,2027-08-23
EMP10063,Employee 63,UK,Strategy,L1,Performance Share,Active,2025-11-18,2026-06-18,2029-06-17
EMP10064,Employee 64,India,Risk,L2,ESPP,Active,2024-06-21,2025-01-05,2027-01-05
EMP10065,Employee 65,USA,Legal,L3,Performance Share,Active,2024-04-02,2024-12-24,2025-12-24
EMP10066,Employee 66,UK,Legal,L4,RSU,Active,2024-10-03,2025-02-02,2027-02-02
EMP10067,Employee 67,Germany,Operations,L1,RSU,Active,2025-01-20,2025-08-09,2027-08-09
EMP10068,Employee 68,Germany,Legal,L4,RSU,On Leave,2025-02-14,2025-08-28,2026-08-28
EMP10069,Employee 69,Australia,People,L1,Stock Option,On Leave,2026-01-02,2026-03-31,2029-03-30
EMP10070,Employee 70,India,Legal,L2,Performance Share,Active,2024-08-17,2025-03-13,2026-03-13
EMP10071,Employee 71,Australia,Operations,L3,RSU,Active,2023-02-01,2023-11-17,2024-11-16
EMP10072,Employee 72,UK,Finance,L5,RSU,Active,2023-05-19,2023-08-26,2024-08-25
EMP10073,Employee 73,India,Operations,L5,RSU,Active,2024-06-20,2024-08-17,2025-08-17
EMP10074,Employee 74,India,People,L1,RSU,Active,2024-02-01,2024-04-23,2027-04-23
EMP10075,Employee 75,Singapore,Risk,L2,ESPP,Active,2026-01-02,2026-09-11,2027-09-11
EMP10076,Employee 76,India,Legal,L3,RSU,Terminated,2026-01-04,2026-04-27,2028-04-26
EMP10077,Employee 77,UK,Operations,L2,Performance Share,Active,2026-01-10,2026-07-23,2029-07-22
EMP10078,Employee 78,India,Risk,L5,RSU,Active,2023-12-08,2024-05-09,2027-05-09
EMP10079,Employee 79,India,People,L3,RSU,Active,2025-04-14,2025-11-20,2027-11-20
EMP10080,Employee 80,India,Legal,L2,Performance Share,Active,2025-08-28,2026-01-01,2028-01-01
EMP10081,Employee 81,UK,Sales,L3,Performance Share,Active,2023-10-17,2024-02-23,2027-02-22
EMP10082,Employee 82,India,Risk,L3,Performance Share,Active,2025-08-25,2026-05-08,2028-05-07
EMP10083,Employee 83,India,People,L4,RSU,Active,2025-10-10,2026-05-22,2027-05-22
EMP10084,Employee 84,Singapore,Finance,L4,ESPP,Active,2024-03-14,2024-05-26,2026-05-26
EMP10085,Employee 85,Singapore,Strategy,L3,RSU,Active,2024-02-16,2024-05-12,2027-05-12
EMP10086,Employee 86,USA,Sales,L4,ESPP,Active,2024-12-04,2025-02-19,2028-02-19
EMP10087,Employee 87,India,Strategy,L5,RSU,Active,2025-12-22,2026-07-06,2028-07-05
EMP10088,Employee 88,Singapore,Risk,L3,RSU,On Leave,2025-04-27,2025-10-01,2027-10-01
EMP10089,Employee 89,Australia,Legal,L4,Performance Share,Active,2025-08-12,2025-09-19,2027-09-19
EMP10090,Employee 90,USA,Sales,L3,Stock Option,Active,2024-07-19,2025-04-20,2028-04-19
EMP10091,Employee 91,Singapore,Legal,L3,RSU,Active,2024-06-02,2024-09-26,2026-09-26
EMP10092,Employee 92,Germany,Risk,L2,Stock Option,Active,2025-09-09,2026-03-15,2029-03-14
EMP10093,Employee 93,UK,Legal,L1,RSU,Active,2024-11-03,2025-06-22,2028-06-21
EMP10094,Employee 94,Australia,Technology,L2,Performance Share,Active,2025-09-10,2025-11-05,2026-11-05
EMP10095,Employee 95,UK,Sales,L3,Performance Share,Active,2025-09-25,2026-06-15,2028-06-14
EMP10096,Employee 96,India,Risk,L3,ESPP,Active,2024-10-17,2024-12-26,2027-12-26
EMP10097,Employee 97,Singapore,Risk,L3,Performance Share,Active,2024-04-06,2024-06-17,2026-06-17
EMP10098,Employee 98,USA,Operations,L4,Stock Option,Active,2024-08-15,2025-03-15,2028-03-14
EMP10099,Employee 99,UK,People,L4,ESPP,Active,2025-05-28,2025-11-17,2026-11-17
EMP10100,Employee 100,USA,Operations,L3,ESPP,Active,2023-04-20,2023-06-05,2025-06-04
EMP10101,Employee 101,UK,Finance,L3,Stock Option,Active,2023-06-18,2024-03-02,2027-03-02
EMP10102,Employee 102,India,People,L3,RSU,Active,2025-12-25,2026-02-27,2029-02-26
EMP10103,Employee 103,Singapore,Operations,L4,Performance Share,Active,2024-02-22,2024-08-13,2025-08-13
EMP10104,Employee 104,India,Risk,L4,Performance Share,Active,2024-09-29,2025-07-19,2026-07-19
EMP10105,Employee 105,USA,Sales,L2,Performance Share,Active,2025-02-12,2025-08-22,2028-08-21
EMP10106,Employee 106,Singapore,Operations,L4,Performance Share,Active,2025-03-27,2025-05-22,2026-05-22
EMP10107,Employee 107,Australia,Legal,L2,RSU,Active,2026-03-08,2026-12-21,2028-12-20
EMP10108,Employee 108,Singapore,Legal,L1,Stock Option,Active,2024-10-15,2025-03-18,2027-03-18
EMP10109,Employee 109,UK,Sales,L4,ESPP,Active,2023-07-18,2024-01-03,2027-01-02
EMP10110,Employee 110,India,Operations,L2,RSU,Active,2024-03-18,2024-11-25,2025-11-25
EMP10111,Employee 111,India,Operations,L4,RSU,Active,2024-09-30,2025-04-19,2028-04-18
EMP10112,Employee 112,UK,Operations,L3,Performance Share,Active,2026-02-26,2026-11-16,2027-11-16
EMP10113,Employee 113,USA,People,L3,RSU,Active,2025-06-02,2026-02-07,2028-02-07
EMP10114,Employee 114,USA,Technology,L4,ESPP,Active,2025-10-31,2026-01-04,2029-01-03
EMP10115,Employee 115,Australia,Strategy,L4,RSU,Active,2023-03-08,2023-07-11,2024-07-10
EMP10116,Employee 116,Germany,People,L1,Stock Option,On Leave,2023-10-24,2024-02-27,2027-02-26
EMP10117,Employee 117,UK,Finance,L5,Performance Share,Active,2025-10-28,2026-01-14,2029-01-13
EMP10118,Employee 118,UK,Risk,L2,RSU,Active,2024-11-20,2025-07-31,2028-07-30
EMP10119,Employee 119,USA,Sales,L3,ESPP,Active,2024-11-20,2025-04-24,2026-04-24
EMP10120,Employee 120,UK,Sales,L5,ESPP,Active,2026-03-02,2026-04-22,2028-04-21
EMP10121,Employee 121,UK,Technology,L4,RSU,Active,2026-05-27,2026-09-25,2029-09-24
EMP10122,Employee 122,USA,Strategy,L3,RSU,Active,2024-10-11,2025-04-03,2027-04-03
EMP10123,Employee 123,UK,Operations,L5,ESPP,Active,2023-04-16,2023-11-05,2024-11-04
EMP10124,Employee 124,Singapore,Technology,L3,ESPP,Active,2024-09-03,2024-12-18,2025-12-18
EMP10125,Employee 125,Australia,Sales,L2,Stock Option,Active,2023-11-01,2024-03-26,2027-03-26
EMP10126,Employee 126,UK,Sales,L5,RSU,Active,2025-12-04,2026-05-30,2029-05-29
EMP10127,Employee 127,USA,Legal,L3,ESPP,Active,2024-09-06,2024-10-15,2027-10-15
EMP10128,Employee 128,Singapore,Legal,L2,RSU,Active,2024-08-10,2024-10-04,2025-10-04
EMP10129,Employee 129,Germany,Strategy,L3,Stock Option,Active,2023-11-18,2024-08-08,2026-08-08
EMP10130,Employee 130,UK,Strategy,L2,Stock Option,Active,2025-07-25,2026-03-22,2028-03-21
EMP10131,Employee 131,UK,Technology,L3,ESPP,Active,2023-04-17,2023-07-05,2025-07-04
EMP10132,Employee 132,Australia,Finance,L3,RSU,Active,2023-04-12,2023-09-02,2025-09-01
EMP10133,Employee 133,Germany,Sales,L2,RSU,Active,2023-04-13,2023-05-23,2025-05-22
EMP10134,Employee 134,UK,Technology,L3,Performance Share,Active,2025-08-25,2026-02-06,2029-02-05
EMP10135,Employee 135,India,People,L2,RSU,Active,2024-02-22,2024-10-28,2025-10-28
EMP10136,Employee 136,USA,Operations,L4,Stock Option,Active,2023-04-12,2023-10-08,2024-10-07
EMP10137,Employee 137,Australia,Risk,L2,Performance Share,Active,2025-07-01,2025-11-17,2028-11-16
EMP10138,Employee 138,UK,Technology,L3,RSU,Active,2023-10-29,2024-03-09,2027-03-09
EMP10139,Employee 139,USA,Risk,L3,ESPP,Terminated,2023-01-19,2023-04-06,2024-04-05
EMP10140,Employee 140,Singapore,Legal,L3,Stock Option,Active,2025-10-11,2026-03-24,2029-03-23
EMP10141,Employee 141,USA,Sales,L3,Stock Option,Active,2025-10-02,2025-12-25,2028-12-24
EMP10142,Employee 142,UK,Technology,L2,RSU,Active,2023-02-25,2023-11-22,2025-11-21
EMP10143,Employee 143,UK,Legal,L1,RSU,Terminated,2024-04-06,2024-11-07,2026-11-07
EMP10144,Employee 144,India,Legal,L2,ESPP,Active,2024-05-15,2025-01-16,2026-01-16
EMP10145,Employee 145,Singapore,Technology,L4,ESPP,Active,2025-03-06,2025-05-05,2026-05-05
EMP10146,Employee 146,UK,Risk,L2,RSU,Active,2025-12-08,2026-02-04,2028-02-04
EMP10147,Employee 147,UK,People,L3,Stock Option,Active,2024-10-30,2025-02-04,2028-02-04
EMP10148,Employee 148,India,Risk,L2,RSU,Active,2023-04-23,2023-12-04,2024-12-03
EMP10149,Employee 149,UK,Legal,L1,Performance Share,Active,2025-01-10,2025-10-09,2028-10-08
EMP10150,Employee 150,UK,Technology,L3,Performance Share,Active,2024-06-16,2025-02-06,2027-02-06
EMP10151,Employee 151,UK,Operations,L5,RSU,Terminated,2026-05-23,2026-11-14,2029-11-13
EMP10152,Employee 152,USA,Finance,L3,RSU,Active,2023-08-26,2024-02-10,2025-02-09
EMP10153,Employee 153,USA,Strategy,L3,ESPP,Active,2024-02-17,2024-04-18,2026-04-18
EMP10154,Employee 154,India,Strategy,L3,RSU,Active,2023-10-13,2024-06-04,2025-06-04
EMP10155,Employee 155,UK,Strategy,L3,RSU,Active,2024-11-08,2025-08-07,2028-08-06
EMP10156,Employee 156,India,Operations,L2,Stock Option,Active,2024-04-17,2024-05-31,2027-05-31
EMP10157,Employee 157,USA,Risk,L3,RSU,Active,2023-07-09,2024-01-24,2027-01-23
EMP10158,Employee 158,Germany,Risk,L4,RSU,Active,2024-10-29,2025-05-07,2027-05-07
EMP10159,Employee 159,Germany,Strategy,L2,Stock Option,Active,2026-04-03,2026-08-17,2028-08-16
EMP10160,Employee 160,UK,Sales,L2,RSU,Active,2024-02-27,2024-12-09,2025-12-09
EMP10161,Employee 161,UK,People,L4,RSU,Active,2025-04-07,2025-09-08,2027-09-08
EMP10162,Employee 162,Australia,Legal,L2,RSU,Active,2023-03-14,2023-09-01,2025-08-31
EMP10163,Employee 163,Germany,People,L2,ESPP,Active,2025-09-28,2025-12-29,2026-12-29
EMP10164,Employee 164,India,Operations,L2,Performance Share,Active,2023-07-16,2024-01-14,2027-01-13
EMP10165,Employee 165,Singapore,Operations,L4,Performance Share,On Leave,2023-07-01,2023-12-01,2024-11-30
EMP10166,Employee 166,Australia,Operations,L5,RSU,Active,2024-10-13,2025-03-15,2027-03-15
EMP10167,Employee 167,USA,Legal,L5,RSU,Active,2023-02-28,2023-07-01,2025-06-30
EMP10168,Employee 168,Australia,Technology,L2,Stock Option,Active,2025-01-29,2025-04-01,2028-03-31
EMP10169,Employee 169,UK,Operations,L4,RSU,Active,2025-05-19,2025-12-21,2028-12-20
EMP10170,Employee 170,UK,People,L1,RSU,Active,2026-05-19,2026-07-14,2029-07-13
EMP10171,Employee 171,UK,Legal,L3,RSU,Active,2023-06-02,2023-08-10,2024-08-09
EMP10172,Employee 172,UK,Sales,L3,Stock Option,Active,2026-04-30,2026-09-27,2028-09-26
EMP10173,Employee 173,Germany,Legal,L3,RSU,Active,2023-08-04,2024-02-14,2025-02-13
EMP10174,Employee 174,UK,Technology,L5,ESPP,Active,2024-05-28,2025-01-04,2028-01-04
EMP10175,Employee 175,USA,Strategy,L4,RSU,Active,2023-05-31,2023-10-22,2024-10-21
EMP10176,Employee 176,UK,People,L3,RSU,Active,2025-09-04,2026-06-21,2029-06-20
EMP10177,Employee 177,India,Legal,L4,RSU,Active,2024-03-29,2024-05-04,2027-05-04
EMP10178,Employee 178,India,Risk,L4,RSU,Active,2023-06-30,2023-12-03,2024-12-02
EMP10179,Employee 179,UK,Legal,L2,Performance Share,Active,2024-03-11,2024-12-03,2027-12-03
EMP10180,Employee 180,USA,Strategy,L2,RSU,Active,2024-07-20,2025-02-14,2027-02-14
EMP10181,Employee 181,USA,People,L2,Performance Share,Active,2023-06-25,2023-09-12,2024-09-11
EMP10182,Employee 182,India,Finance,L5,Stock Option,Active,2023-05-02,2024-01-05,2027-01-04
EMP10183,Employee 183,Singapore,Strategy,L4,RSU,Active,2024-06-07,2024-10-07,2026-10-07
EMP10184,Employee 184,UK,Legal,L2,Performance Share,Active,2024-04-05,2024-05-22,2027-05-22
EMP10185,Employee 185,UK,Strategy,L5,RSU,On Leave,2024-05-13,2025-01-27,2028-01-27
EMP10186,Employee 186,India,Technology,L1,RSU,Active,2023-05-24,2023-09-05,2024-09-04
EMP10187,Employee 187,India,Technology,L3,RSU,Active,2024-09-30,2025-04-11,2026-04-11
EMP10188,Employee 188,UK,Operations,L2,ESPP,On Leave,2025-12-22,2026-07-11,2029-07-10
EMP10189,Employee 189,Germany,Strategy,L3,Stock Option,Active,2024-10-26,2024-12-17,2026-12-17
EMP10190,Employee 190,Australia,People,L4,RSU,Active,2025-06-07,2025-10-22,2026-10-22
EMP10191,Employee 191,UK,Technology,L4,Performance Share,Active,2025-06-28,2026-02-13,2029-02-12
EMP10192,Employee 192,India,Legal,L1,Performance Share,Active,2023-12-04,2024-08-22,2027-08-22
EMP10193,Employee 193,UK,Technology,L2,RSU,Active,2024-02-01,2024-06-01,2025-06-01
EMP10194,Employee 194,India,Technology,L4,RSU,Active,2023-07-17,2023-12-09,2025-12-08
EMP10195,Employee 195,UK,Strategy,L2,RSU,Active,2023-06-24,2023-11-04,2025-11-03
EMP10196,Employee 196,India,Legal,L4,Stock Option,Active,2023-03-10,2023-12-24,2026-12-23
EMP10197,Employee 197,Germany,Sales,L3,RSU,Terminated,2026-01-13,2026-10-15,2027-10-15
EMP10198,Employee 198,India,Sales,L4,Performance Share,Active,2025-02-13,2025-08-07,2026-08-07
EMP10199,Employee 199,USA,Strategy,L4,ESPP,Active,2025-04-15,2025-06-21,2027-06-21
EMP10200,Employee 200,USA,Risk,L3,Performance Share,Active,2023-08-02,2023-12-23,2024-12-22
EMP10201,Employee 201,Singapore,Sales,L2,RSU,Active,2023-05-07,2023-12-21,2024-12-20
EMP10202,Employee 202,UK,Sales,L4,Performance Share,Active,2024-09-06,2025-05-19,2027-05-19
EMP10203,Employee 203,Singapore,Technology,L3,Stock Option,Active,2025-04-03,2025-07-11,2026-07-11
EMP10204,Employee 204,Germany,Legal,L4,Performance Share,Active,2024-11-11,2025-06-04,2026-06-04
EMP10205,Employee 205,USA,Strategy,L1,RSU,Active,2024-12-23,2025-09-08,2027-09-08
EMP10206,Employee 206,India,Sales,L2,RSU,Active,2024-07-05,2025-01-06,2026-01-06
EMP10207,Employee 207,USA,Strategy,L3,RSU,Active,2025-11-26,2026-03-29,2028-03-28
EMP10208,Employee 208,USA,Technology,L4,Performance Share,Active,2024-03-01,2024-05-25,2026-05-25
EMP10209,Employee 209,USA,People,L3,Performance Share,Active,2023-02-12,2023-05-24,2025-05-23
EMP10210,Employee 210,UK,Risk,L4,RSU,Active,2024-01-05,2024-07-14,2027-07-14
EMP10211,Employee 211,Germany,Strategy,L1,ESPP,Active,2025-07-22,2026-03-07,2027-03-07
EMP10212,Employee 212,Germany,Sales,L1,RSU,Active,2025-10-04,2026-05-16,2029-05-15
EMP10213,Employee 213,India,People,L3,Performance Share,Active,2026-04-07,2026-09-19,2027-09-19
EMP10214,Employee 214,USA,Operations,L5,Stock Option,Active,2025-09-21,2026-06-20,2027-06-20
EMP10215,Employee 215,UK,Finance,L2,RSU,Active,2025-11-13,2026-06-09,2029-06-08
EMP10216,Employee 216,Germany,Strategy,L3,Stock Option,Active,2024-11-15,2025-04-06,2026-04-06
EMP10217,Employee 217,Singapore,People,L3,ESPP,Active,2025-09-05,2026-03-08,2027-03-08
EMP10218,Employee 218,USA,Strategy,L3,RSU,Active,2025-01-13,2025-10-18,2028-10-17
EMP10219,Employee 219,Singapore,People,L3,RSU,Active,2023-12-28,2024-10-03,2025-10-03
EMP10220,Employee 220,UK,Strategy,L3,RSU,Active,2025-03-21,2025-11-15,2026-11-15
EMP10221,Employee 221,India,Finance,L4,Stock Option,Active,2023-01-18,2023-07-07,2024-07-06
EMP10222,Employee 222,UK,People,L1,Performance Share,Active,2024-06-08,2025-03-04,2027-03-04
EMP10223,Employee 223,USA,Sales,L4,Stock Option,Active,2023-12-04,2024-03-01,2026-03-01
EMP10224,Employee 224,UK,People,L4,RSU,Active,2024-04-05,2024-12-31,2027-12-31
EMP10225,Employee 225,Australia,Technology,L5,Performance Share,Active,2024-02-13,2024-04-21,2025-04-21
EMP10226,Employee 226,India,Technology,L4,ESPP,Active,2025-01-05,2025-05-18,2027-05-18
EMP10227,Employee 227,India,Operations,L4,Stock Option,Active,2024-03-10,2024-12-13,2026-12-13
EMP10228,Employee 228,UK,Sales,L2,Performance Share,Terminated,2025-05-29,2025-07-25,2027-07-25
EMP10229,Employee 229,USA,Sales,L4,ESPP,Active,2023-11-06,2024-06-21,2025-06-21
EMP10230,Employee 230,Singapore,Legal,L3,Performance Share,Active,2025-02-12,2025-10-09,2026-10-09
EMP10231,Employee 231,USA,Operations,L3,Stock Option,Active,2025-04-20,2025-11-20,2026-11-20
EMP10232,Employee 232,UK,People,L4,RSU,Active,2025-06-18,2026-02-08,2029-02-07
EMP10233,Employee 233,Singapore,Risk,L3,RSU,Active,2023-01-01,2023-04-27,2024-04-26
EMP10234,Employee 234,UK,Technology,L5,RSU,Active,2025-06-17,2025-11-21,2027-11-21
EMP10235,Employee 235,Australia,Operations,L4,RSU,Active,2024-01-03,2024-10-02,2026-10-02
EMP10236,Employee 236,USA,Strategy,L4,ESPP,Active,2026-05-04,2026-12-03,2029-12-02
EMP10237,Employee 237,India,Strategy,L4,ESPP,Active,2023-08-08,2023-11-02,2026-11-01
EMP10238,Employee 238,India,Sales,L3,Performance Share,Active,2023-04-30,2023-07-12,2025-07-11
EMP10239,Employee 239,USA,Sales,L4,RSU,On Leave,2025-08-13,2025-10-02,2026-10-02
EMP10240,Employee 240,UK,Finance,L3,Stock Option,Active,2024-12-07,2025-04-23,2026-04-23
EMP10241,Employee 241,Australia,Technology,L3,RSU,Active,2024-01-19,2024-05-09,2025-05-09
EMP10242,Employee 242,India,People,L5,RSU,Active,2026-01-09,2026-04-11,2029-04-10
EMP10243,Employee 243,Australia,Finance,L4,Performance Share,On Leave,2024-01-26,2024-07-04,2027-07-04
EMP10244,Employee 244,Australia,Technology,L4,RSU,Active,2024-03-24,2024-12-16,2026-12-16
EMP10245,Employee 245,UK,Operations,L5,RSU,Active,2024-07-19,2025-03-13,2028-03-12
EMP10246,Employee 246,USA,People,L3,RSU,Active,2025-05-06,2025-06-27,2027-06-27
EMP10247,Employee 247,India,Risk,L1,RSU,Active,2023-06-02,2023-07-05,2026-07-04
EMP10248,Employee 248,Singapore,Finance,L3,Performance Share,Active,2023-02-04,2023-07-02,2026-07-01
EMP10249,Employee 249,USA,Sales,L3,RSU,Active,2024-10-13,2025-06-20,2027-06-20
EMP10250,Employee 250,India,Operations,L4,Stock Option,Active,2023-07-10,2023-09-29,2024-09-28
EMP10251,Employee 251,Australia,Strategy,L5,ESPP,Active,2024-07-04,2024-09-30,2025-09-30
EMP10252,Employee 252,UK,People,L4,Performance Share,Active,2024-03-01,2024-05-11,2026-05-11
EMP10253,Employee 253,USA,Operations,L5,Stock Option,Active,2025-05-20,2025-11-17,2026-11-17
EMP10254,Employee 254,India,Strategy,L4,Stock Option,Active,2023-05-02,2023-09-27,2026-09-26
EMP10255,Employee 255,UK,Strategy,L5,ESPP,Active,2025-08-11,2026-05-25,2027-05-25
EMP10256,Employee 256,Singapore,Finance,L3,Performance Share,Active,2024-06-11,2025-03-14,2027-03-14
EMP10257,Employee 257,USA,Risk,L2,RSU,Active,2023-08-18,2024-01-31,2025-01-30
EMP10258,Employee 258,Australia,Finance,L3,RSU,Active,2025-10-10,2025-12-08,2028-12-07
EMP10259,Employee 259,USA,Finance,L4,ESPP,On Leave,2023-01-09,2023-02-25,2024-02-25
EMP10260,Employee 260,India,People,L4,RSU,Active,2024-06-25,2025-03-26,2027-03-26
EMP10261,Employee 261,Germany,Technology,L3,ESPP,Active,2025-10-29,2026-06-24,2027-06-24
EMP10262,Employee 262,UK,Strategy,L3,RSU,Active,2026-02-19,2026-10-08,2027-10-08
EMP10263,Employee 263,UK,Finance,L2,ESPP,Active,2025-03-07,2025-10-12,2027-10-12
EMP10264,Employee 264,Singapore,Technology,L1,RSU,Active,2023-04-07,2023-09-03,2025-09-02
EMP10265,Employee 265,India,Legal,L3,RSU,Active,2025-07-14,2026-04-17,2029-04-16
EMP10266,Employee 266,India,People,L3,Performance Share,Active,2023-09-06,2024-03-13,2025-03-13
EMP10267,Employee 267,Australia,Strategy,L5,RSU,Active,2026-04-30,2026-10-28,2027-10-28
EMP10268,Employee 268,India,Risk,L3,RSU,Active,2023-11-17,2024-05-18,2025-05-18
EMP10269,Employee 269,Australia,Risk,L3,RSU,Active,2023-11-13,2024-01-11,2027-01-10
EMP10270,Employee 270,USA,People,L3,ESPP,Active,2026-04-25,2026-12-07,2028-12-06
EMP10271,Employee 271,India,Operations,L1,RSU,Active,2024-10-27,2025-07-10,2027-07-10
EMP10272,Employee 272,UK,Risk,L2,Performance Share,Active,2024-10-06,2024-12-04,2025-12-04
EMP10273,Employee 273,UK,Risk,L3,RSU,Active,2023-07-11,2024-04-15,2026-04-15
EMP10274,Employee 274,Germany,Operations,L4,RSU,Active,2025-03-18,2025-05-13,2027-05-13
EMP10275,Employee 275,India,Strategy,L5,Performance Share,Active,2026-04-12,2026-09-04,2028-09-03
EMP10276,Employee 276,UK,Legal,L3,Performance Share,Active,2023-04-19,2023-12-29,2025-12-28
EMP10277,Employee 277,India,Risk,L3,RSU,Active,2025-08-22,2025-11-17,2028-11-16
EMP10278,Employee 278,Australia,Legal,L4,Performance Share,Active,2025-01-21,2025-11-11,2026-11-11
EMP10279,Employee 279,UK,People,L4,RSU,Active,2024-07-31,2025-01-20,2027-01-20
EMP10280,Employee 280,Singapore,People,L2,Stock Option,Active,2025-02-04,2025-03-13,2026-03-13
EMP10281,Employee 281,UK,Sales,L4,RSU,Active,2023-02-12,2023-07-03,2025-07-02
EMP10282,Employee 282,Germany,Sales,L4,RSU,Active,2026-02-27,2026-08-28,2029-08-27
EMP10283,Employee 283,USA,Sales,L3,RSU,Active,2026-02-09,2026-11-13,2027-11-13
EMP10284,Employee 284,UK,Legal,L2,RSU,Active,2023-10-12,2024-01-14,2025-01-13
EMP10285,Employee 285,Germany,Operations,L5,Performance Share,Active,2025-08-17,2026-03-07,2029-03-06
EMP10286,Employee 286,India,Technology,L3,Stock Option,Active,2026-01-28,2026-07-04,2028-07-03
EMP10287,Employee 287,Singapore,Operations,L2,RSU,Active,2023-10-22,2024-08-04,2027-08-04
EMP10288,Employee 288,USA,People,L3,RSU,Active,2023-07-31,2023-12-16,2026-12-15
EMP10289,Employee 289,UK,Risk,L2,RSU,Active,2023-07-03,2023-09-19,2024-09-18
EMP10290,Employee 290,UK,Strategy,L1,RSU,Active,2024-12-04,2025-08-17,2027-08-17
EMP10291,Employee 291,UK,Operations,L4,RSU,Active,2023-02-08,2023-09-30,2024-09-29
EMP10292,Employee 292,UK,Sales,L4,RSU,Active,2024-02-28,2024-08-25,2025-08-25
EMP10293,Employee 293,UK,Strategy,L3,ESPP,Active,2023-06-28,2023-11-22,2025-11-21
EMP10294,Employee 294,UK,Finance,L2,RSU,Active,2024-05-14,2025-01-25,2026-01-25
EMP10295,Employee 295,Germany,Technology,L2,RSU,Active,2024-07-31,2025-04-08,2026-04-08
EMP10296,Employee 296,UK,Technology,L2,RSU,Active,2023-12-07,2024-02-22,2026-02-21
EMP10297,Employee 297,India,Risk,L2,RSU,Active,2024-12-24,2025-02-06,2028-02-06
EMP10298,Employee 298,UK,Sales,L1,ESPP,Active,2024-09-21,2025-05-21,2027-05-21
EMP10299,Employee 299,UK,Risk,L3,RSU,Active,2026-01-06,2026-05-28,2027-05-28
EMP10300,Employee 300,Singapore,Strategy,L4,ESPP,On Leave,2023-02-22,2023-12-18,2025-12-17
EMP10301,Employee 301,Germany,Sales,L3,Performance Share,Active,2026-05-03,2027-02-11,2029-02-10
EMP10302,Employee 302,India,Legal,L3,Stock Option,Active,2023-11-03,2024-03-23,2025-03-23
EMP10303,Employee 303,UK,Operations,L2,ESPP,Active,2025-08-28,2026-02-23,2029-02-22
EMP10304,Employee 304,Germany,Risk,L4,Stock Option,Active,2026-02-28,2026-08-02,2027-08-02
EMP10305,Employee 305,UK,People,L3,RSU,On Leave,2023-11-29,2024-07-19,2026-07-19
EMP10306,Employee 306,India,Strategy,L2,Stock Option,Active,2025-06-10,2025-09-14,2027-09-14
EMP10307,Employee 307,USA,Risk,L3,Performance Share,Active,2023-01-20,2023-04-07,2025-04-06
EMP10308,Employee 308,Australia,Technology,L3,RSU,Active,2023-03-29,2023-11-04,2026-11-03
EMP10309,Employee 309,Australia,Legal,L4,RSU,Active,2026-05-30,2026-10-07,2027-10-07
EMP10310,Employee 310,USA,Strategy,L4,RSU,On Leave,2025-11-21,2026-08-18,2029-08-17
EMP10311,Employee 311,India,Risk,L1,RSU,Active,2023-04-20,2023-11-13,2024-11-12
EMP10312,Employee 312,Australia,Risk,L3,RSU,Terminated,2024-08-30,2025-04-14,2028-04-13
EMP10313,Employee 313,Australia,Operations,L1,Performance Share,Active,2025-02-23,2025-07-30,2028-07-29
EMP10314,Employee 314,Australia,Technology,L3,ESPP,Active,2025-02-23,2025-10-03,2026-10-03
EMP10315,Employee 315,USA,Legal,L4,ESPP,On Leave,2024-12-10,2025-08-14,2028-08-13
EMP10316,Employee 316,UK,Operations,L2,Performance Share,Active,2024-02-21,2024-08-04,2025-08-04
EMP10317,Employee 317,India,People,L3,Performance Share,Terminated,2023-06-05,2023-12-08,2025-12-07
EMP10318,Employee 318,India,Strategy,L3,Performance Share,Active,2024-07-17,2025-04-17,2026-04-17
EMP10319,Employee 319,India,Technology,L2,Performance Share,Active,2024-01-22,2024-10-29,2027-10-29
EMP10320,Employee 320,Australia,Finance,L4,RSU,Active,2023-11-07,2024-03-10,2025-03-10
EMP10321,Employee 321,UK,People,L4,RSU,Active,2023-12-02,2024-04-26,2026-04-26
EMP10322,Employee 322,USA,People,L2,ESPP,Active,2025-05-26,2025-06-27,2028-06-26
EMP10323,Employee 323,India,Operations,L2,RSU,Active,2023-09-12,2024-02-11,2026-02-10
EMP10324,Employee 324,Singapore,Strategy,L3,RSU,Active,2025-04-19,2026-01-22,2029-01-21
EMP10325,Employee 325,UK,Technology,L4,RSU,Active,2023-04-02,2023-09-29,2025-09-28
EMP10326,Employee 326,India,Operations,L4,Performance Share,Active,2024-10-31,2025-08-25,2026-08-25
EMP10327,Employee 327,UK,Finance,L3,Stock Option,Active,2026-01-04,2026-06-11,2029-06-10
EMP10328,Employee 328,UK,Strategy,L1,Performance Share,On Leave,2025-06-13,2025-08-09,2028-08-08
EMP10329,Employee 329,Germany,People,L1,Performance Share,Active,2024-12-08,2025-06-05,2028-06-04
EMP10330,Employee 330,India,Sales,L2,RSU,Active,2024-12-06,2025-07-24,2028-07-23
EMP10331,Employee 331,Australia,Technology,L4,RSU,Active,2024-09-27,2025-02-21,2028-02-21
EMP10332,Employee 332,USA,People,L2,ESPP,Active,2023-03-19,2024-01-05,2026-01-04
EMP10333,Employee 333,UK,Operations,L3,ESPP,Active,2024-06-08,2025-04-03,2028-04-02
EMP10334,Employee 334,Singapore,Finance,L1,RSU,Active,2025-05-31,2025-10-05,2027-10-05
EMP10335,Employee 335,UK,Risk,L2,Stock Option,Active,2024-08-07,2025-01-19,2028-01-19
EMP10336,Employee 336,Australia,Sales,L3,RSU,Active,2024-05-08,2024-07-22,2026-07-22
EMP10337,Employee 337,UK,Operations,L3,Performance Share,Active,2025-04-16,2025-12-22,2027-12-22
EMP10338,Employee 338,USA,Strategy,L1,ESPP,Active,2025-07-11,2025-11-12,2027-11-12
EMP10339,Employee 339,UK,Finance,L2,Stock Option,Active,2025-10-29,2026-03-06,2027-03-06
EMP10340,Employee 340,India,Operations,L2,RSU,Active,2023-09-03,2024-06-24,2025-06-24
EMP10341,Employee 341,Germany,Risk,L2,Performance Share,Active,2023-06-14,2024-04-02,2027-04-02
EMP10342,Employee 342,India,Strategy,L3,Performance Share,On Leave,2026-05-15,2026-12-15,2028-12-14
EMP10343,Employee 343,USA,Strategy,L4,Performance Share,Active,2024-09-04,2025-02-04,2028-02-04
EMP10344,Employee 344,Singapore,Legal,L2,RSU,Active,2024-01-02,2024-04-25,2026-04-25
EMP10345,Employee 345,UK,Risk,L2,RSU,Active,2026-04-26,2026-10-09,2029-10-08
EMP10346,Employee 346,Australia,Risk,L3,ESPP,Active,2023-01-08,2023-07-27,2025-07-26
EMP10347,Employee 347,Germany,People,L4,RSU,Active,2025-04-09,2025-07-11,2026-07-11
EMP10348,Employee 348,UK,Finance,L4,RSU,Active,2024-05-06,2025-02-03,2026-02-03
EMP10349,Employee 349,USA,Operations,L2,RSU,Active,2026-05-13,2026-10-23,2029-10-22
EMP10350,Employee 350,India,Finance,L3,ESPP,Active,2024-01-09,2024-09-17,2027-09-17
EMP10351,Employee 351,Singapore,Operations,L3,Stock Option,Active,2024-07-05,2025-02-15,2028-02-15
EMP10352,Employee 352,UK,People,L3,ESPP,Active,2023-11-28,2024-07-25,2027-07-25
EMP10353,Employee 353,India,Technology,L4,RSU,Active,2023-05-26,2023-08-10,2025-08-09
EMP10354,Employee 354,Singapore,Legal,L2,RSU,Active,2025-11-18,2026-08-26,2029-08-25
EMP10355,Employee 355,Singapore,Strategy,L3,Stock Option,Active,2023-06-10,2024-01-11,2025-01-10
EMP10356,Employee 356,UK,Legal,L4,Stock Option,Active,2024-12-17,2025-03-08,2028-03-07
EMP10357,Employee 357,Australia,Risk,L5,RSU,Active,2024-11-29,2025-03-30,2028-03-29
EMP10358,Employee 358,UK,Legal,L1,Performance Share,Active,2024-10-11,2024-12-30,2025-12-30
EMP10359,Employee 359,Singapore,Legal,L4,Performance Share,Active,2023-12-14,2024-05-14,2025-05-14
EMP10360,Employee 360,India,Technology,L3,RSU,Active,2025-07-19,2026-03-18,2027-03-18
EMP10361,Employee 361,UK,Finance,L4,ESPP,Active,2026-01-08,2026-07-22,2029-07-21
EMP10362,Employee 362,Singapore,Operations,L3,RSU,Active,2024-09-26,2024-11-25,2027-11-25
EMP10363,Employee 363,Singapore,Operations,L4,RSU,Active,2023-08-22,2023-11-29,2024-11-28
EMP10364,Employee 364,USA,Finance,L2,ESPP,Active,2024-04-13,2024-05-23,2027-05-23
EMP10365,Employee 365,Germany,Sales,L4,Performance Share,Active,2023-06-01,2023-11-11,2024-11-10
EMP10366,Employee 366,UK,Sales,L3,RSU,Active,2023-02-26,2023-07-20,2026-07-19
EMP10367,Employee 367,UK,Sales,L4,RSU,Active,2023-01-25,2023-08-15,2025-08-14
EMP10368,Employee 368,UK,Legal,L2,Stock Option,On Leave,2023-05-02,2024-01-31,2025-01-30
EMP10369,Employee 369,USA,People,L2,RSU,Active,2024-05-28,2025-02-10,2028-02-10
EMP10370,Employee 370,India,Risk,L3,RSU,Active,2024-04-05,2025-01-11,2028-01-11
EMP10371,Employee 371,India,Strategy,L3,Performance Share,Active,2025-10-04,2026-04-06,2027-04-06
EMP10372,Employee 372,India,Finance,L4,RSU,Active,2025-04-26,2025-08-01,2028-07-31
EMP10373,Employee 373,UK,Strategy,L3,Performance Share,Active,2024-01-18,2024-04-01,2025-04-01
EMP10374,Employee 374,UK,Legal,L3,Stock Option,Active,2025-08-10,2026-05-26,2028-05-25
EMP10375,Employee 375,India,Strategy,L5,RSU,Active,2024-02-12,2024-09-14,2025-09-14
EMP10376,Employee 376,UK,Strategy,L4,Performance Share,Active,2024-02-05,2024-06-30,2027-06-30
EMP10377,Employee 377,India,Legal,L3,RSU,Active,2025-06-06,2025-08-19,2026-08-19
EMP10378,Employee 378,Germany,People,L3,RSU,Active,2023-10-09,2024-06-15,2026-06-15
EMP10379,Employee 379,UK,Legal,L2,RSU,Active,2023-03-09,2023-08-15,2026-08-14
EMP10380,Employee 380,USA,Strategy,L3,ESPP,Active,2026-05-18,2026-10-16,2029-10-15
EMP10381,Employee 381,USA,Strategy,L3,Performance Share,Active,2025-03-06,2025-06-18,2027-06-18
EMP10382,Employee 382,India,Finance,L2,RSU,Active,2023-11-06,2024-03-25,2026-03-25
EMP10383,Employee 383,India,Risk,L1,RSU,Active,2024-09-26,2025-03-25,2027-03-25
EMP10384,Employee 384,Germany,Strategy,L2,RSU,Active,2026-04-03,2026-09-17,2029-09-16
EMP10385,Employee 385,India,Operations,L4,RSU,On Leave,2025-10-04,2026-04-05,2027-04-05
EMP10386,Employee 386,USA,Operations,L4,RSU,Active,2025-10-13,2025-12-14,2027-12-14
EMP10387,Employee 387,Australia,Sales,L3,Stock Option,Active,2025-03-07,2025-11-11,2026-11-11
EMP10388,Employee 388,India,Strategy,L4,RSU,Active,2023-05-29,2023-11-05,2024-11-04
EMP10389,Employee 389,Germany,Legal,L2,ESPP,Active,2025-09-14,2026-04-28,2027-04-28
EMP10390,Employee 390,USA,Risk,L4,RSU,Active,2023-07-24,2024-02-06,2026-02-05
EMP10391,Employee 391,India,Operations,L4,ESPP,Active,2025-02-05,2025-04-15,2028-04-14
EMP10392,Employee 392,USA,People,L1,RSU,Active,2025-05-16,2025-07-12,2028-07-11
EMP10393,Employee 393,India,People,L4,ESPP,Active,2023-02-19,2023-05-14,2024-05-13
EMP10394,Employee 394,USA,Legal,L4,RSU,Active,2023-06-03,2024-03-18,2027-03-18
EMP10395,Employee 395,UK,Technology,L3,RSU,Active,2023-02-21,2023-09-09,2025-09-08
EMP10396,Employee 396,Germany,Strategy,L3,RSU,Active,2025-11-02,2025-12-15,2028-12-14
EMP10397,Employee 397,USA,Legal,L3,Performance Share,Active,2025-11-11,2026-05-14,2027-05-14
EMP10398,Employee 398,UK,Legal,L3,RSU,Active,2023-04-01,2023-08-11,2026-08-10
EMP10399,Employee 399,India,Strategy,L1,RSU,Active,2024-04-15,2024-12-31,2025-12-31
EMP10400,Employee 400,Australia,Strategy,L3,Stock Option,Active,2025-12-23,2026-03-28,2027-03-28
EMP10401,Employee 401,Singapore,People,L4,Performance Share,Active,2025-10-28,2026-02-06,2029-02-05
EMP10402,Employee 402,India,Strategy,L3,RSU,Active,2023-03-03,2023-04-26,2024-04-25
EMP10403,Employee 403,India,Risk,L2,Performance Share,Active,2024-02-12,2024-05-07,2026-05-07
EMP10404,Employee 404,India,Technology,L4,ESPP,Active,2024-02-12,2024-07-31,2025-07-31
EMP10405,Employee 405,Germany,Legal,L3,RSU,Active,2025-05-11,2025-10-24,2026-10-24
EMP10406,Employee 406,UK,Operations,L2,RSU,Active,2025-12-15,2026-05-04,2029-05-03
EMP10407,Employee 407,Australia,Technology,L3,RSU,Active,2023-10-19,2023-12-14,2026-12-13
EMP10408,Employee 408,Australia,Sales,L2,Performance Share,Active,2024-01-22,2024-09-03,2025-09-03
EMP10409,Employee 409,UK,Finance,L3,RSU,Active,2024-01-21,2024-09-04,2025-09-04
EMP10410,Employee 410,India,Finance,L3,RSU,Active,2025-08-07,2026-04-12,2028-04-11
EMP10411,Employee 411,USA,Legal,L2,Stock Option,Active,2024-06-05,2024-09-12,2026-09-12
EMP10412,Employee 412,Singapore,Operations,L2,ESPP,Active,2023-07-26,2024-01-29,2026-01-28
EMP10413,Employee 413,Germany,People,L3,RSU,Active,2024-11-16,2025-07-07,2028-07-06
EMP10414,Employee 414,Germany,Legal,L2,RSU,Active,2025-12-30,2026-06-11,2028-06-10
EMP10415,Employee 415,India,Sales,L4,Stock Option,Active,2025-07-15,2026-04-19,2029-04-18
EMP10416,Employee 416,UK,Technology,L4,RSU,Active,2024-10-19,2025-08-01,2026-08-01
EMP10417,Employee 417,India,Operations,L2,Performance Share,Active,2024-07-26,2024-09-16,2025-09-16
EMP10418,Employee 418,USA,Sales,L3,ESPP,Active,2025-09-21,2025-12-16,2028-12-15
EMP10419,Employee 419,USA,Risk,L3,RSU,Active,2025-12-15,2026-04-21,2027-04-21
EMP10420,Employee 420,UK,Technology,L3,RSU,Active,2024-03-21,2024-05-27,2026-05-27
EMP10421,Employee 421,USA,Operations,L3,RSU,Active,2026-05-24,2026-07-12,2028-07-11
EMP10422,Employee 422,Germany,Finance,L3,RSU,Active,2026-05-28,2027-02-27,2029-02-26
EMP10423,Employee 423,Germany,Strategy,L3,Stock Option,Active,2023-09-01,2023-12-12,2024-12-11
EMP10424,Employee 424,Germany,Finance,L3,Performance Share,Active,2025-11-24,2026-02-08,2029-02-07
EMP10425,Employee 425,Germany,Legal,L3,Performance Share,Active,2023-01-04,2023-09-11,2025-09-10
EMP10426,Employee 426,Germany,Technology,L1,Stock Option,Active,2023-01-26,2023-08-15,2024-08-14
EMP10427,Employee 427,UK,People,L3,RSU,Active,2024-10-08,2025-02-23,2027-02-23
EMP10428,Employee 428,Germany,Legal,L2,RSU,Active,2025-09-20,2025-12-08,2028-12-07
EMP10429,Employee 429,UK,Strategy,L2,Stock Option,On Leave,2025-03-17,2025-12-30,2026-12-30
EMP10430,Employee 430,India,Legal,L4,Performance Share,Active,2026-03-11,2026-11-29,2029-11-28
EMP10431,Employee 431,India,Technology,L2,RSU,Active,2024-06-19,2025-04-06,2027-04-06
EMP10432,Employee 432,Germany,Finance,L3,RSU,Active,2024-12-19,2025-03-27,2028-03-26
EMP10433,Employee 433,USA,Technology,L2,Stock Option,Active,2025-07-16,2026-02-24,2028-02-24
EMP10434,Employee 434,India,People,L5,RSU,Active,2025-02-19,2025-04-03,2026-04-03
EMP10435,Employee 435,India,Technology,L5,RSU,Active,2026-02-15,2026-04-29,2029-04-28
EMP10436,Employee 436,Germany,Sales,L3,RSU,Active,2024-12-06,2025-05-01,2026-05-01
EMP10437,Employee 437,Australia,Legal,L4,Performance Share,Active,2023-04-20,2023-12-12,2024-12-11
EMP10438,Employee 438,UK,Operations,L4,Performance Share,Active,2026-02-13,2026-07-19,2028-07-18
EMP10439,Employee 439,UK,Legal,L2,RSU,Active,2023-11-06,2024-08-16,2027-08-16
EMP10440,Employee 440,India,Legal,L3,RSU,Active,2025-03-04,2025-08-09,2027-08-09
EMP10441,Employee 441,UK,Risk,L2,RSU,Active,2024-07-11,2025-03-03,2027-03-03
EMP10442,Employee 442,USA,People,L2,RSU,Active,2023-10-01,2023-11-22,2024-11-21
EMP10443,Employee 443,UK,Operations,L3,RSU,Active,2025-07-05,2026-04-24,2027-04-24
EMP10444,Employee 444,USA,Finance,L3,RSU,Active,2024-10-18,2025-06-22,2027-06-22
EMP10445,Employee 445,Germany,Operations,L3,Performance Share,Active,2023-07-11,2023-10-16,2026-10-15
EMP10446,Employee 446,Australia,People,L2,ESPP,Active,2024-01-29,2024-05-26,2026-05-26
EMP10447,Employee 447,UK,Legal,L3,RSU,Active,2024-03-01,2024-06-27,2027-06-27
EMP10448,Employee 448,UK,Operations,L5,Performance Share,Active,2025-10-31,2026-01-07,2027-01-07
EMP10449,Employee 449,India,People,L3,ESPP,Active,2025-03-25,2025-08-07,2027-08-07
EMP10450,Employee 450,USA,Strategy,L3,Performance Share,Active,2023-07-15,2023-10-17,2026-10-16
EMP10451,Employee 451,India,Technology,L2,Performance Share,Active,2025-01-23,2025-11-14,2027-11-14
EMP10452,Employee 452,UK,Finance,L4,RSU,Active,2025-12-12,2026-09-08,2028-09-07
EMP10453,Employee 453,India,Risk,L3,ESPP,Active,2024-03-12,2024-06-30,2027-06-30
EMP10454,Employee 454,UK,Technology,L4,RSU,Active,2024-05-22,2025-03-04,2027-03-04
EMP10455,Employee 455,Australia,Operations,L1,ESPP,Active,2025-12-27,2026-06-04,2027-06-04
EMP10456,Employee 456,USA,Operations,L3,RSU,Active,2023-12-05,2024-07-26,2025-07-26
EMP10457,Employee 457,India,People,L3,Stock Option,Active,2026-02-28,2026-07-11,2028-07-10
EMP10458,Employee 458,USA,Legal,L3,Performance Share,Active,2026-03-15,2026-12-14,2027-12-14
EMP10459,Employee 459,India,Technology,L3,ESPP,Active,2024-02-29,2024-04-29,2025-04-29
EMP10460,Employee 460,USA,Strategy,L4,ESPP,Active,2023-12-20,2024-08-20,2027-08-20
EMP10461,Employee 461,India,Operations,L2,Stock Option,Active,2023-04-15,2023-10-19,2026-10-18
EMP10462,Employee 462,India,People,L3,Performance Share,Active,2023-03-26,2023-11-02,2024-11-01
EMP10463,Employee 463,Germany,Sales,L1,RSU,Active,2026-05-28,2026-08-10,2028-08-09
EMP10464,Employee 464,Singapore,Finance,L5,RSU,Active,2024-01-18,2024-07-01,2026-07-01
EMP10465,Employee 465,Australia,Legal,L4,ESPP,Terminated,2025-10-14,2026-02-25,2028-02-25
EMP10466,Employee 466,UK,Risk,L3,Performance Share,Active,2023-04-19,2023-08-17,2026-08-16
EMP10467,Employee 467,India,Operations,L3,Performance Share,Active,2025-04-01,2025-11-04,2027-11-04
EMP10468,Employee 468,India,Operations,L3,Stock Option,Active,2025-11-10,2026-08-08,2029-08-07
EMP10469,Employee 469,UK,Operations,L3,Performance Share,Active,2025-07-29,2026-04-22,2027-04-22
EMP10470,Employee 470,India,People,L3,Stock Option,Active,2024-11-24,2025-08-02,2028-08-01
EMP10471,Employee 471,UK,Technology,L3,RSU,Active,2023-08-15,2023-11-18,2026-11-17
EMP10472,Employee 472,UK,People,L4,Performance Share,Active,2024-01-12,2024-05-16,2026-05-16
EMP10473,Employee 473,Singapore,Finance,L2,RSU,Active,2025-06-26,2026-02-08,2029-02-07
EMP10474,Employee 474,USA,People,L4,Performance Share,Active,2023-04-22,2023-11-16,2025-11-15
EMP10475,Employee 475,USA,Operations,L2,RSU,Active,2025-04-17,2025-09-04,2026-09-04
EMP10476,Employee 476,UK,People,L2,RSU,Active,2025-04-14,2025-10-08,2027-10-08
EMP10477,Employee 477,UK,People,L2,ESPP,Active,2023-06-03,2024-01-12,2025-01-11
EMP10478,Employee 478,UK,Legal,L2,ESPP,Active,2024-04-02,2024-05-02,2025-05-02
EMP10479,Employee 479,UK,Sales,L4,ESPP,Active,2025-04-04,2025-12-22,2026-12-22
EMP10480,Employee 480,UK,Operations,L4,RSU,Active,2023-01-16,2023-08-22,2024-08-21
EMP10481,Employee 481,Germany,Finance,L4,Performance Share,Active,2024-05-04,2024-09-12,2027-09-12
EMP10482,Employee 482,Australia,Strategy,L2,RSU,Active,2024-03-22,2024-05-07,2027-05-07
EMP10483,Employee 483,UK,Sales,L2,Performance Share,Active,2024-06-21,2025-02-28,2027-02-28
EMP10484,Employee 484,UK,Legal,L3,Stock Option,Active,2023-03-24,2023-11-25,2026-11-24
EMP10485,Employee 485,Germany,Operations,L3,RSU,On Leave,2023-02-14,2023-11-20,2026-11-19
EMP10486,Employee 486,USA,Legal,L2,RSU,Active,2024-09-22,2025-05-27,2026-05-27
EMP10487,Employee 487,India,Risk,L3,Stock Option,Active,2024-02-06,2024-09-07,2026-09-07
EMP10488,Employee 488,India,Strategy,L3,RSU,Active,2023-04-28,2023-10-05,2025-10-04
EMP10489,Employee 489,UK,Strategy,L4,RSU,Active,2026-01-19,2026-03-19,2029-03-18
EMP10490,Employee 490,USA,Legal,L3,RSU,Active,2024-11-23,2025-02-11,2028-02-11
EMP10491,Employee 491,Singapore,Sales,L2,RSU,Active,2026-03-29,2026-12-25,2027-12-25
EMP10492,Employee 492,India,Strategy,L2,RSU,Active,2023-05-20,2023-11-21,2026-11-20
EMP10493,Employee 493,Australia,Technology,L4,RSU,Active,2026-02-27,2026-07-05,2029-07-04
EMP10494,Employee 494,UK,People,L4,Performance Share,Active,2023-05-31,2024-03-11,2025-03-11
EMP10495,Employee 495,USA,Operations,L3,ESPP,On Leave,2026-01-09,2026-03-21,2029-03-20
EMP10496,Employee 496,Germany,Finance,L4,RSU,Active,2026-03-01,2026-07-26,2029-07-25
EMP10497,Employee 497,UK,People,L2,Stock Option,Active,2024-07-22,2025-03-27,2026-03-27
EMP10498,Employee 498,India,Strategy,L3,ESPP,Active,2023-03-30,2023-10-03,2024-10-02
EMP10499,Employee 499,USA,Technology,L3,RSU,Active,2023-09-11,2024-04-08,2026-04-08
EMP10500,Employee 500,India,Operations,L1,ESPP,Active,2026-04-06,2026-09-13,2027-09-13
EMP10501,Employee 501,Germany,Sales,L3,Stock Option,Active,2024-10-06,2025-05-18,2027-05-18
EMP10502,Employee 502,India,Finance,L4,RSU,Active,2025-07-07,2025-11-29,2027-11-29
EMP10503,Employee 503,India,Risk,L2,RSU,Active,2023-06-26,2023-11-12,2024-11-11
EMP10504,Employee 504,Germany,Operations,L1,RSU,Active,2023-03-27,2023-09-11,2024-09-10
EMP10505,Employee 505,UK,Risk,L3,Stock Option,Active,2023-08-11,2024-04-24,2027-04-24
EMP10506,Employee 506,Australia,Technology,L3,RSU,Active,2025-04-21,2025-12-15,2028-12-14
EMP10507,Employee 507,UK,Risk,L2,Performance Share,Active,2026-03-31,2026-10-21,2027-10-21
EMP10508,Employee 508,India,People,L2,RSU,Active,2024-08-07,2024-10-09,2025-10-09
EMP10509,Employee 509,India,Operations,L3,Performance Share,Active,2025-11-15,2026-01-10,2028-01-10
EMP10510,Employee 510,India,Risk,L1,RSU,Active,2024-04-23,2024-08-01,2025-08-01
EMP10511,Employee 511,UK,Sales,L4,RSU,Active,2025-03-26,2025-10-11,2027-10-11
EMP10512,Employee 512,India,Finance,L2,ESPP,Active,2025-08-22,2026-05-04,2028-05-03
EMP10513,Employee 513,India,Sales,L4,ESPP,Active,2026-01-17,2026-04-08,2027-04-08
EMP10514,Employee 514,Germany,Operations,L3,ESPP,Active,2024-05-30,2025-02-14,2026-02-14
EMP10515,Employee 515,Germany,Technology,L2,RSU,Active,2023-02-10,2023-07-21,2025-07-20
EMP10516,Employee 516,USA,Sales,L4,RSU,Active,2023-11-30,2024-06-04,2025-06-04
EMP10517,Employee 517,Germany,People,L2,RSU,Active,2025-12-08,2026-05-10,2028-05-09
EMP10518,Employee 518,Australia,Strategy,L3,Performance Share,Active,2023-10-05,2024-04-27,2027-04-27
EMP10519,Employee 519,India,People,L1,Stock Option,Active,2025-07-08,2025-08-14,2026-08-14
EMP10520,Employee 520,UK,Technology,L3,Stock Option,Active,2024-05-21,2024-09-21,2025-09-21
EMP10521,Employee 521,USA,Operations,L3,ESPP,Active,2023-02-02,2023-08-29,2024-08-28
EMP10522,Employee 522,India,Technology,L3,Stock Option,Active,2024-07-23,2024-11-22,2025-11-22
EMP10523,Employee 523,UK,Technology,L4,ESPP,Active,2024-01-04,2024-10-24,2026-10-24
EMP10524,Employee 524,Germany,People,L4,ESPP,Active,2025-06-15,2026-03-19,2029-03-18
EMP10525,Employee 525,Germany,Legal,L1,Stock Option,Active,2024-07-09,2024-08-13,2025-08-13
EMP10526,Employee 526,USA,Strategy,L2,ESPP,Active,2025-03-11,2025-11-15,2026-11-15
EMP10527,Employee 527,USA,Finance,L5,RSU,Active,2023-04-15,2023-07-28,2025-07-27
EMP10528,Employee 528,USA,Operations,L3,ESPP,Active,2026-04-28,2026-11-29,2029-11-28
EMP10529,Employee 529,Germany,Technology,L4,RSU,Active,2023-08-22,2024-02-28,2025-02-27
EMP10530,Employee 530,India,People,L3,Performance Share,Active,2023-12-06,2024-07-14,2026-07-14
EMP10531,Employee 531,USA,Legal,L4,ESPP,Active,2026-01-07,2026-03-28,2029-03-27
EMP10532,Employee 532,UK,People,L1,Stock Option,Active,2025-04-29,2026-02-11,2029-02-10
EMP10533,Employee 533,UK,People,L3,Performance Share,Active,2025-11-14,2026-01-23,2028-01-23
EMP10534,Employee 534,USA,Legal,L4,ESPP,Active,2026-04-08,2026-06-06,2027-06-06
EMP10535,Employee 535,UK,Sales,L3,RSU,Active,2024-05-31,2025-02-20,2027-02-20
EMP10536,Employee 536,UK,Sales,L4,Stock Option,Active,2024-07-28,2025-01-11,2026-01-11
EMP10537,Employee 537,India,Operations,L4,RSU,Active,2026-01-21,2026-04-22,2029-04-21
EMP10538,Employee 538,Singapore,Strategy,L4,Performance Share,Active,2024-08-13,2024-10-28,2026-10-28
EMP10539,Employee 539,UK,Technology,L2,Stock Option,Active,2023-07-28,2023-12-30,2024-12-29
EMP10540,Employee 540,Australia,Technology,L4,RSU,Active,2025-09-12,2026-07-07,2028-07-06
EMP10541,Employee 541,USA,Legal,L3,RSU,Active,2025-09-03,2026-02-18,2027-02-18
EMP10542,Employee 542,USA,Technology,L2,RSU,Active,2024-03-06,2024-11-05,2026-11-05
EMP10543,Employee 543,Australia,Finance,L4,RSU,Active,2026-05-15,2026-11-06,2028-11-05
EMP10544,Employee 544,UK,Technology,L2,RSU,Active,2025-01-19,2025-03-01,2028-02-29
EMP10545,Employee 545,UK,Legal,L3,RSU,Active,2026-05-30,2026-08-01,2028-07-31
EMP10546,Employee 546,Germany,Operations,L3,Stock Option,Active,2023-12-07,2024-01-11,2025-01-10
EMP10547,Employee 547,Germany,Sales,L3,RSU,Active,2024-10-30,2025-03-08,2026-03-08
EMP10548,Employee 548,UK,Legal,L2,RSU,Active,2025-05-27,2026-03-07,2029-03-06
EMP10549,Employee 549,Singapore,Legal,L4,RSU,Active,2025-02-08,2025-08-25,2028-08-24
EMP10550,Employee 550,UK,Risk,L4,Performance Share,On Leave,2024-09-20,2025-04-17,2027-04-17
EMP10551,Employee 551,UK,Strategy,L2,RSU,Active,2025-01-21,2025-10-13,2028-10-12
EMP10552,Employee 552,UK,Technology,L5,ESPP,Active,2024-04-11,2024-08-31,2026-08-31
EMP10553,Employee 553,India,Operations,L1,ESPP,Active,2026-04-30,2026-09-27,2027-09-27
EMP10554,Employee 554,India,Technology,L2,RSU,Active,2026-04-29,2026-11-22,2029-11-21
EMP10555,Employee 555,Germany,Operations,L4,RSU,Active,2023-10-25,2024-06-27,2025-06-27
EMP10556,Employee 556,India,Sales,L2,Performance Share,Active,2025-03-26,2025-05-30,2027-05-30
EMP10557,Employee 557,UK,Strategy,L2,ESPP,Active,2024-07-28,2024-11-01,2026-11-01
EMP10558,Employee 558,UK,People,L1,Stock Option,Active,2025-01-10,2025-07-16,2027-07-16
EMP10559,Employee 559,UK,People,L2,RSU,Active,2023-11-17,2024-02-22,2027-02-21
EMP10560,Employee 560,UK,Finance,L1,RSU,Active,2025-11-14,2026-06-02,2028-06-01
EMP10561,Employee 561,India,Strategy,L3,RSU,Active,2023-03-30,2023-10-13,2024-10-12
EMP10562,Employee 562,India,Legal,L1,Stock Option,Active,2023-12-25,2024-02-12,2025-02-11
EMP10563,Employee 563,UK,Finance,L3,Performance Share,Active,2025-05-26,2026-02-16,2029-02-15
EMP10564,Employee 564,India,Sales,L4,RSU,Active,2023-12-02,2024-01-28,2025-01-27
EMP10565,Employee 565,UK,Finance,L3,ESPP,Terminated,2026-03-24,2026-06-04,2029-06-03
EMP10566,Employee 566,USA,People,L2,RSU,Active,2024-11-01,2025-07-13,2028-07-12
EMP10567,Employee 567,India,Risk,L2,RSU,Active,2026-05-01,2026-11-26,2028-11-25
EMP10568,Employee 568,UK,Risk,L5,Performance Share,Active,2025-05-30,2025-07-28,2028-07-27
EMP10569,Employee 569,India,Strategy,L1,RSU,Active,2023-04-10,2023-10-26,2026-10-25
EMP10570,Employee 570,UK,Operations,L3,Performance Share,Active,2025-07-25,2026-01-28,2027-01-28
EMP10571,Employee 571,India,Legal,L3,RSU,Active,2026-04-28,2026-05-28,2029-05-27
EMP10572,Employee 572,UK,People,L4,Performance Share,Active,2025-01-23,2025-03-10,2027-03-10
EMP10573,Employee 573,Singapore,Finance,L3,Stock Option,Active,2024-03-01,2024-10-22,2025-10-22
EMP10574,Employee 574,UK,Technology,L5,Stock Option,Active,2026-01-20,2026-08-24,2027-08-24
EMP10575,Employee 575,Germany,Technology,L5,RSU,Active,2024-03-01,2024-05-27,2026-05-27
EMP10576,Employee 576,India,Operations,L4,Stock Option,Active,2025-07-02,2025-11-03,2028-11-02
EMP10577,Employee 577,UK,Legal,L3,ESPP,Active,2024-10-07,2024-12-20,2027-12-20
EMP10578,Employee 578,USA,People,L3,ESPP,Active,2024-12-19,2025-04-28,2026-04-28
EMP10579,Employee 579,Singapore,Technology,L4,RSU,Active,2025-03-13,2025-07-25,2026-07-25
EMP10580,Employee 580,Australia,Legal,L4,Stock Option,Active,2024-11-29,2025-05-14,2028-05-13
EMP10581,Employee 581,UK,Strategy,L4,Performance Share,Active,2026-02-08,2026-05-18,2027-05-18
EMP10582,Employee 582,Singapore,Operations,L5,Performance Share,Active,2026-01-26,2026-03-07,2027-03-07
EMP10583,Employee 583,Australia,Technology,L3,RSU,Active,2024-07-14,2024-12-16,2027-12-16
EMP10584,Employee 584,India,Strategy,L4,RSU,Active,2023-11-08,2024-01-02,2026-01-01
EMP10585,Employee 585,India,People,L4,RSU,Active,2026-05-31,2026-07-09,2027-07-09
EMP10586,Employee 586,USA,People,L3,Performance Share,Active,2023-05-20,2023-07-24,2025-07-23
EMP10587,Employee 587,UK,Legal,L4,Stock Option,Active,2023-08-28,2024-03-04,2026-03-04
EMP10588,Employee 588,Australia,Finance,L2,ESPP,Active,2024-03-15,2024-05-04,2025-05-04
EMP10589,Employee 589,USA,Finance,L1,Performance Share,Active,2025-07-15,2026-01-16,2029-01-15
EMP10590,Employee 590,Australia,People,L4,Performance Share,Active,2023-01-07,2023-07-27,2025-07-26
EMP10591,Employee 591,India,Legal,L5,Stock Option,On Leave,2024-05-10,2024-06-28,2025-06-28
EMP10592,Employee 592,India,Technology,L3,RSU,Active,2024-03-15,2024-06-15,2027-06-15
EMP10593,Employee 593,UK,Operations,L3,ESPP,Terminated,2024-03-23,2024-10-11,2026-10-11
EMP10594,Employee 594,India,Technology,L2,RSU,Active,2024-02-26,2024-11-16,2025-11-16
EMP10595,Employee 595,Singapore,Sales,L5,RSU,Active,2024-01-29,2024-04-21,2027-04-21
EMP10596,Employee 596,Germany,Strategy,L2,RSU,Active,2024-08-07,2024-11-21,2025-11-21
EMP10597,Employee 597,UK,People,L3,RSU,Active,2024-02-03,2024-08-06,2027-08-06
EMP10598,Employee 598,UK,People,L4,RSU,Active,2023-04-06,2023-07-13,2025-07-12
EMP10599,Employee 599,UK,Strategy,L3,RSU,Active,2024-06-25,2025-01-19,2027-01-19
EMP10600,Employee 600,India,Operations,L5,ESPP,Active,2024-12-21,2025-10-04,2026-10-04
EMP10601,Employee 601,Singapore,Legal,L3,Performance Share,Active,2025-10-18,2026-06-06,2029-06-05
EMP10602,Employee 602,UK,Legal,L4,RSU,Active,2023-01-04,2023-03-27,2024-03-26
EMP10603,Employee 603,India,Strategy,L2,Performance Share,Active,2026-04-24,2026-07-06,2027-07-06
EMP10604,Employee 604,India,Legal,L3,ESPP,Active,2023-08-09,2024-01-08,2025-01-07
EMP10605,Employee 605,Australia,Risk,L4,Performance Share,Active,2023-01-06,2023-08-04,2025-08-03
EMP10606,Employee 606,UK,Strategy,L2,Performance Share,Active,2023-09-13,2024-01-29,2026-01-28
EMP10607,Employee 607,UK,Risk,L4,RSU,On Leave,2023-08-15,2024-03-02,2025-03-02
EMP10608,Employee 608,India,Legal,L5,Stock Option,Active,2025-03-13,2025-05-31,2028-05-30
EMP10609,Employee 609,India,Finance,L2,RSU,Active,2024-10-10,2024-11-16,2027-11-16
EMP10610,Employee 610,India,Sales,L3,RSU,On Leave,2025-12-19,2026-08-01,2029-07-31
EMP10611,Employee 611,Singapore,Technology,L1,ESPP,Active,2023-04-16,2023-06-18,2025-06-17
EMP10612,Employee 612,USA,Finance,L3,Stock Option,Active,2024-04-22,2024-08-20,2027-08-20
EMP10613,Employee 613,UK,Strategy,L3,RSU,Active,2024-09-09,2025-06-13,2027-06-13
EMP10614,Employee 614,USA,Risk,L2,ESPP,Active,2024-06-21,2025-03-08,2026-03-08
EMP10615,Employee 615,Singapore,Technology,L5,Stock Option,Active,2026-03-26,2026-06-11,2029-06-10
EMP10616,Employee 616,Germany,Legal,L2,RSU,Active,2024-04-03,2024-10-03,2026-10-03
EMP10617,Employee 617,UK,Strategy,L3,ESPP,Active,2024-09-05,2025-04-17,2028-04-16
EMP10618,Employee 618,Singapore,People,L1,Stock Option,Active,2024-03-30,2024-05-10,2026-05-10
EMP10619,Employee 619,UK,Strategy,L2,Stock Option,Active,2023-05-12,2024-02-21,2026-02-20
EMP10620,Employee 620,USA,Finance,L4,RSU,Active,2023-12-11,2024-06-15,2025-06-15
EMP10621,Employee 621,USA,Risk,L3,RSU,Active,2025-05-18,2025-12-01,2028-11-30
EMP10622,Employee 622,Germany,Technology,L4,RSU,Active,2025-05-15,2025-11-15,2028-11-14
EMP10623,Employee 623,USA,Strategy,L4,RSU,Active,2024-03-13,2024-05-28,2025-05-28
EMP10624,Employee 624,UK,People,L3,Performance Share,Active,2024-06-20,2024-10-13,2026-10-13
EMP10625,Employee 625,USA,Technology,L2,RSU,Active,2024-11-19,2025-08-13,2027-08-13
EMP10626,Employee 626,UK,Sales,L4,ESPP,Active,2024-07-18,2024-12-21,2026-12-21
EMP10627,Employee 627,Australia,Technology,L5,Performance Share,Active,2023-03-17,2023-10-30,2025-10-29
EMP10628,Employee 628,UK,Operations,L2,Stock Option,Active,2023-03-20,2023-06-09,2024-06-08
EMP10629,Employee 629,India,Finance,L1,ESPP,Active,2023-03-23,2023-11-17,2026-11-16
EMP10630,Employee 630,USA,Technology,L4,RSU,Active,2023-12-24,2024-05-24,2025-05-24
EMP10631,Employee 631,UK,Legal,L3,RSU,On Leave,2023-04-22,2023-10-06,2026-10-05
EMP10632,Employee 632,USA,Technology,L2,ESPP,Active,2026-03-08,2026-04-24,2028-04-23
EMP10633,Employee 633,USA,Operations,L2,Performance Share,Active,2023-07-03,2023-10-09,2025-10-08
EMP10634,Employee 634,Singapore,Risk,L3,RSU,Active,2024-06-29,2025-04-02,2026-04-02
EMP10635,Employee 635,Australia,Operations,L5,Stock Option,Active,2023-08-21,2023-12-20,2026-12-19
EMP10636,Employee 636,India,Risk,L2,Stock Option,Active,2023-04-09,2023-07-17,2025-07-16
EMP10637,Employee 637,UK,People,L4,RSU,Active,2024-02-01,2024-05-09,2026-05-09
EMP10638,Employee 638,UK,People,L2,RSU,Active,2023-03-17,2023-09-03,2025-09-02
EMP10639,Employee 639,India,Strategy,L3,RSU,Active,2024-06-08,2025-02-25,2028-02-25
EMP10640,Employee 640,UK,Legal,L3,Stock Option,Active,2024-01-11,2024-04-21,2027-04-21
EMP10641,Employee 641,USA,Finance,L3,RSU,Active,2024-11-04,2025-06-24,2028-06-23
EMP10642,Employee 642,UK,Sales,L2,RSU,Active,2026-05-07,2026-08-25,2027-08-25
EMP10643,Employee 643,UK,Operations,L4,Performance Share,Active,2024-05-29,2024-11-29,2025-11-29
EMP10644,Employee 644,Germany,Risk,L5,Stock Option,Active,2025-06-05,2025-09-05,2027-09-05
EMP10645,Employee 645,Singapore,Technology,L3,RSU,On Leave,2023-07-26,2024-05-08,2027-05-08
EMP10646,Employee 646,UK,Finance,L3,ESPP,Active,2023-04-12,2023-11-04,2024-11-03
EMP10647,Employee 647,India,Strategy,L4,Performance Share,Active,2023-08-20,2024-04-16,2026-04-16
EMP10648,Employee 648,Australia,Operations,L2,Performance Share,Active,2023-04-02,2023-12-04,2024-12-03
EMP10649,Employee 649,USA,Risk,L1,RSU,Active,2023-01-27,2023-10-28,2026-10-27
EMP10650,Employee 650,UK,Technology,L4,ESPP,Terminated,2023-10-22,2024-07-04,2025-07-04
EMP10651,Employee 651,India,Legal,L3,Stock Option,Active,2023-12-29,2024-03-20,2027-03-20
EMP10652,Employee 652,Australia,Operations,L3,Stock Option,Active,2025-01-31,2025-05-25,2027-05-25
EMP10653,Employee 653,UK,Legal,L1,ESPP,Active,2024-07-08,2025-01-15,2027-01-15
EMP10654,Employee 654,Germany,Strategy,L4,Performance Share,Active,2023-07-07,2023-10-05,2025-10-04
EMP10655,Employee 655,USA,Legal,L3,Performance Share,Active,2024-07-16,2025-02-15,2026-02-15
EMP10656,Employee 656,UK,Finance,L2,ESPP,Active,2025-11-21,2026-01-01,2028-01-01
EMP10657,Employee 657,Singapore,Finance,L3,ESPP,Active,2024-10-18,2025-03-25,2026-03-25
EMP10658,Employee 658,UK,Operations,L5,Performance Share,Active,2024-02-21,2024-12-16,2026-12-16
EMP10659,Employee 659,India,Finance,L2,Performance Share,Active,2023-07-03,2023-09-17,2024-09-16
EMP10660,Employee 660,USA,Operations,L5,Performance Share,Active,2026-03-19,2026-10-30,2029-10-29
EMP10661,Employee 661,UK,Operations,L5,ESPP,Active,2024-06-19,2024-08-24,2025-08-24
EMP10662,Employee 662,Australia,Strategy,L4,RSU,Active,2023-07-11,2023-09-07,2025-09-06
EMP10663,Employee 663,USA,Legal,L3,RSU,Active,2024-09-27,2024-12-19,2027-12-19
EMP10664,Employee 664,UK,People,L3,RSU,Active,2024-09-07,2025-04-07,2027-04-07
EMP10665,Employee 665,UK,Risk,L3,RSU,Active,2025-10-29,2025-11-30,2027-11-30
EMP10666,Employee 666,UK,People,L4,Performance Share,Active,2024-10-23,2025-05-21,2026-05-21
EMP10667,Employee 667,USA,Strategy,L2,Performance Share,Active,2025-02-28,2025-12-17,2027-12-17
EMP10668,Employee 668,UK,Operations,L3,ESPP,Active,2025-02-22,2025-06-01,2028-05-31
EMP10669,Employee 669,USA,People,L3,Performance Share,Active,2026-03-26,2026-05-10,2027-05-10
EMP10670,Employee 670,Singapore,Sales,L5,RSU,Active,2023-02-22,2023-12-11,2025-12-10
EMP10671,Employee 671,Australia,Strategy,L4,Performance Share,Active,2023-11-06,2024-07-01,2025-07-01
EMP10672,Employee 672,UK,Operations,L3,ESPP,Active,2026-04-19,2026-10-05,2028-10-04
EMP10673,Employee 673,India,Technology,L3,RSU,Active,2024-03-04,2024-08-02,2026-08-02
EMP10674,Employee 674,India,People,L4,Performance Share,Active,2024-10-16,2025-04-16,2028-04-15
EMP10675,Employee 675,India,Technology,L3,ESPP,Active,2023-10-24,2024-07-20,2027-07-20
EMP10676,Employee 676,India,People,L2,ESPP,Active,2023-08-05,2023-12-29,2026-12-28
EMP10677,Employee 677,India,Operations,L2,RSU,Active,2025-02-10,2025-08-29,2026-08-29
EMP10678,Employee 678,Singapore,Risk,L3,Stock Option,Active,2023-07-19,2023-09-26,2024-09-25
EMP10679,Employee 679,India,Finance,L3,RSU,Active,2024-02-14,2024-11-10,2026-11-10
EMP10680,Employee 680,India,Strategy,L2,ESPP,Active,2026-03-17,2026-11-02,2027-11-02
EMP10681,Employee 681,India,Legal,L3,RSU,Active,2023-10-27,2024-03-04,2025-03-04
EMP10682,Employee 682,UK,Sales,L1,RSU,Active,2025-11-03,2026-03-15,2029-03-14
EMP10683,Employee 683,USA,Finance,L3,RSU,Active,2024-12-18,2025-03-02,2026-03-02
EMP10684,Employee 684,India,Strategy,L1,Stock Option,Active,2023-12-16,2024-03-27,2025-03-27
EMP10685,Employee 685,Germany,Sales,L2,RSU,Active,2023-11-25,2024-01-05,2027-01-04
EMP10686,Employee 686,Australia,Legal,L4,Stock Option,Active,2025-11-13,2026-09-07,2028-09-06
EMP10687,Employee 687,UK,Technology,L2,ESPP,On Leave,2024-01-25,2024-05-22,2025-05-22
EMP10688,Employee 688,UK,People,L4,ESPP,Active,2025-12-21,2026-02-26,2028-02-26
EMP10689,Employee 689,Singapore,Technology,L3,RSU,Active,2025-05-27,2025-09-17,2027-09-17
EMP10690,Employee 690,USA,Risk,L2,RSU,Active,2023-09-18,2023-11-15,2025-11-14
EMP10691,Employee 691,UK,Sales,L3,RSU,Active,2025-11-06,2026-08-06,2028-08-05
EMP10692,Employee 692,USA,Strategy,L3,Performance Share,Active,2024-08-03,2025-05-04,2028-05-03
EMP10693,Employee 693,India,People,L4,RSU,On Leave,2025-01-11,2025-07-12,2026-07-12
EMP10694,Employee 694,Singapore,Strategy,L5,Stock Option,Active,2026-03-02,2026-11-12,2027-11-12
EMP10695,Employee 695,Singapore,Finance,L3,RSU,Active,2025-07-17,2025-09-01,2028-08-31
EMP10696,Employee 696,Germany,Risk,L3,RSU,Active,2025-04-22,2025-10-12,2026-10-12
EMP10697,Employee 697,USA,Operations,L3,ESPP,Active,2025-07-06,2026-04-16,2027-04-16
EMP10698,Employee 698,Germany,Strategy,L2,Performance Share,On Leave,2025-09-01,2025-12-28,2026-12-28
EMP10699,Employee 699,India,Risk,L3,RSU,Active,2025-06-04,2026-01-13,2028-01-13
EMP10700,Employee 700,India,People,L2,ESPP,Active,2024-06-19,2024-08-09,2025-08-09
EMP10701,Employee 701,UK,Legal,L2,Stock Option,Active,2023-06-18,2023-08-05,2026-08-04
EMP10702,Employee 702,Australia,Strategy,L4,Performance Share,Terminated,2024-01-13,2024-07-29,2027-07-29
EMP10703,Employee 703,UK,Sales,L4,Stock Option,Active,2024-01-11,2024-08-27,2027-08-27
EMP10704,Employee 704,USA,People,L3,RSU,Active,2024-08-26,2025-04-20,2027-04-20
EMP10705,Employee 705,India,Finance,L5,RSU,Active,2023-04-29,2023-08-20,2024-08-19
EMP10706,Employee 706,Singapore,Technology,L2,RSU,On Leave,2026-02-10,2026-06-19,2028-06-18
EMP10707,Employee 707,India,Risk,L2,RSU,Active,2024-12-04,2025-09-25,2028-09-24
EMP10708,Employee 708,UK,Operations,L3,Stock Option,Active,2023-06-16,2024-01-10,2025-01-09
EMP10709,Employee 709,India,Risk,L3,ESPP,Active,2025-10-10,2026-04-05,2028-04-04
EMP10710,Employee 710,UK,Sales,L3,Performance Share,Terminated,2025-05-16,2026-01-07,2028-01-07
EMP10711,Employee 711,India,Strategy,L1,RSU,Active,2025-06-26,2026-04-04,2027-04-04
EMP10712,Employee 712,USA,Finance,L4,RSU,Active,2025-01-18,2025-09-22,2027-09-22
EMP10713,Employee 713,UK,Technology,L2,RSU,Active,2024-12-21,2025-06-09,2026-06-09
EMP10714,Employee 714,Germany,Technology,L2,ESPP,Active,2026-01-16,2026-08-11,2027-08-11
EMP10715,Employee 715,USA,Risk,L2,RSU,Active,2026-01-04,2026-10-06,2028-10-05
EMP10716,Employee 716,India,Sales,L4,RSU,Active,2023-12-27,2024-08-24,2025-08-24
EMP10717,Employee 717,Australia,Risk,L1,ESPP,Active,2023-01-24,2023-03-29,2026-03-28
EMP10718,Employee 718,UK,Legal,L5,Stock Option,Active,2023-10-24,2024-02-18,2026-02-17
EMP10719,Employee 719,India,Technology,L3,Stock Option,Active,2025-04-25,2025-06-21,2028-06-20
EMP10720,Employee 720,Germany,Finance,L2,ESPP,Active,2025-12-20,2026-09-19,2029-09-18
EMP10721,Employee 721,UK,Legal,L2,RSU,Active,2024-02-28,2024-10-06,2027-10-06
EMP10722,Employee 722,Singapore,Risk,L3,Performance Share,Active,2024-07-05,2024-08-27,2027-08-27
EMP10723,Employee 723,UK,Sales,L2,ESPP,Active,2023-02-20,2023-10-25,2024-10-24
EMP10724,Employee 724,USA,Finance,L4,RSU,Active,2025-09-15,2026-01-22,2029-01-21
EMP10725,Employee 725,USA,People,L4,Stock Option,Active,2026-02-09,2026-05-03,2029-05-02
EMP10726,Employee 726,UK,Sales,L3,RSU,Active,2024-01-15,2024-05-08,2027-05-08
EMP10727,Employee 727,India,People,L4,Performance Share,Active,2025-01-19,2025-08-14,2026-08-14
EMP10728,Employee 728,USA,Operations,L4,Performance Share,Active,2023-05-31,2024-02-03,2025-02-02
EMP10729,Employee 729,USA,Legal,L2,RSU,Active,2025-03-19,2025-11-07,2026-11-07
EMP10730,Employee 730,UK,Legal,L2,ESPP,Active,2025-04-02,2025-07-12,2027-07-12
EMP10731,Employee 731,India,Sales,L3,Performance Share,Active,2023-06-14,2023-08-17,2024-08-16
EMP10732,Employee 732,Germany,Operations,L2,RSU,Active,2023-09-14,2024-04-16,2026-04-16
EMP10733,Employee 733,India,Operations,L3,RSU,Active,2025-02-25,2025-05-27,2026-05-27
EMP10734,Employee 734,Singapore,Technology,L3,Performance Share,Active,2023-01-07,2023-07-12,2024-07-11
EMP10735,Employee 735,UK,Operations,L4,Performance Share,Active,2026-05-14,2027-02-10,2028-02-10
EMP10736,Employee 736,India,Legal,L3,Performance Share,On Leave,2024-04-28,2024-12-22,2026-12-22
EMP10737,Employee 737,India,Strategy,L4,RSU,Active,2025-04-16,2025-11-11,2027-11-11
EMP10738,Employee 738,USA,Technology,L3,RSU,Active,2024-02-27,2024-04-28,2026-04-28
EMP10739,Employee 739,USA,Operations,L1,RSU,Active,2024-02-08,2024-10-09,2025-10-09
EMP10740,Employee 740,Singapore,Sales,L5,Stock Option,Active,2023-09-07,2023-11-29,2025-11-28
EMP10741,Employee 741,USA,Finance,L2,ESPP,Active,2023-07-04,2024-01-03,2025-01-02
EMP10742,Employee 742,Singapore,Legal,L3,Performance Share,Active,2024-12-26,2025-06-21,2026-06-21
EMP10743,Employee 743,Australia,Operations,L1,RSU,Active,2024-11-29,2025-07-09,2028-07-08
EMP10744,Employee 744,India,Sales,L3,Performance Share,On Leave,2023-08-25,2024-05-18,2027-05-18
EMP10745,Employee 745,Australia,Legal,L3,Stock Option,Active,2023-02-15,2023-12-01,2024-11-30
EMP10746,Employee 746,India,Operations,L2,Stock Option,Active,2025-08-19,2026-01-26,2029-01-25
EMP10747,Employee 747,UK,Operations,L5,RSU,Active,2024-01-27,2024-07-22,2025-07-22
EMP10748,Employee 748,UK,Sales,L2,RSU,Active,2024-03-02,2024-10-20,2026-10-20
EMP10749,Employee 749,Singapore,Technology,L5,ESPP,Active,2023-04-04,2023-11-05,2026-11-04
EMP10750,Employee 750,USA,Risk,L4,ESPP,Active,2026-04-06,2026-11-24,2029-11-23
EMP10751,Employee 751,UK,Operations,L2,RSU,Active,2025-10-31,2025-12-19,2028-12-18
EMP10752,Employee 752,USA,Sales,L2,RSU,Active,2025-03-14,2025-12-28,2028-12-27
EMP10753,Employee 753,UK,People,L1,Stock Option,Active,2025-03-01,2025-10-15,2028-10-14
EMP10754,Employee 754,India,Operations,L3,Performance Share,Active,2025-10-07,2026-01-18,2028-01-18
EMP10755,Employee 755,USA,People,L2,RSU,Active,2023-11-02,2024-01-28,2026-01-27
EMP10756,Employee 756,USA,Risk,L5,RSU,Active,2025-03-14,2025-12-20,2026-12-20
EMP10757,Employee 757,UK,Legal,L2,ESPP,On Leave,2024-01-04,2024-02-17,2026-02-16
EMP10758,Employee 758,UK,People,L4,RSU,Active,2023-03-31,2023-12-20,2026-12-19
EMP10759,Employee 759,USA,Operations,L3,Performance Share,Active,2024-08-23,2025-04-27,2028-04-26
EMP10760,Employee 760,Singapore,Risk,L1,RSU,Active,2026-05-19,2026-08-12,2027-08-12
EMP10761,Employee 761,Singapore,Legal,L4,RSU,Active,2025-02-07,2025-05-05,2026-05-05
EMP10762,Employee 762,India,Finance,L3,ESPP,Active,2024-09-08,2025-04-29,2026-04-29
EMP10763,Employee 763,USA,Legal,L2,Performance Share,Active,2025-01-30,2025-06-05,2027-06-05
EMP10764,Employee 764,USA,Operations,L3,RSU,Active,2025-10-14,2026-06-09,2029-06-08
EMP10765,Employee 765,Australia,Operations,L2,RSU,Active,2023-06-20,2023-11-18,2024-11-17
EMP10766,Employee 766,India,People,L2,Performance Share,Active,2025-06-16,2025-09-25,2028-09-24
EMP10767,Employee 767,Australia,Sales,L3,ESPP,Active,2024-03-17,2024-05-24,2025-05-24
EMP10768,Employee 768,India,Technology,L3,RSU,Active,2025-08-09,2026-04-25,2028-04-24
EMP10769,Employee 769,UK,Finance,L2,RSU,Active,2024-10-02,2025-01-01,2027-01-01
EMP10770,Employee 770,India,Legal,L2,Performance Share,Active,2026-05-02,2027-01-09,2028-01-09
EMP10771,Employee 771,Singapore,Finance,L5,RSU,On Leave,2023-08-13,2024-03-21,2026-03-21
EMP10772,Employee 772,Australia,People,L3,Stock Option,On Leave,2023-12-05,2024-01-13,2026-01-12
EMP10773,Employee 773,India,Finance,L3,Performance Share,Terminated,2024-01-25,2024-09-06,2026-09-06
EMP10774,Employee 774,USA,Sales,L2,RSU,Active,2023-10-19,2024-06-21,2026-06-21
EMP10775,Employee 775,UK,Finance,L1,RSU,Active,2024-05-06,2024-09-09,2027-09-09
EMP10776,Employee 776,India,Finance,L3,Performance Share,Active,2024-09-10,2025-04-06,2028-04-05
EMP10777,Employee 777,India,Technology,L2,RSU,Active,2024-03-17,2024-12-21,2027-12-21
EMP10778,Employee 778,India,Strategy,L4,ESPP,Active,2023-11-14,2024-01-06,2025-01-05
EMP10779,Employee 779,UK,Risk,L2,Performance Share,Active,2025-07-09,2025-11-29,2027-11-29
EMP10780,Employee 780,USA,Technology,L3,RSU,On Leave,2023-01-14,2023-06-07,2026-06-06
EMP10781,Employee 781,USA,People,L3,Performance Share,Active,2025-03-25,2025-08-05,2026-08-05
EMP10782,Employee 782,USA,Strategy,L4,RSU,Active,2025-09-27,2026-02-21,2029-02-20
EMP10783,Employee 783,Singapore,Operations,L3,Stock Option,Active,2025-02-16,2025-10-20,2028-10-19
EMP10784,Employee 784,India,Legal,L4,ESPP,Active,2024-03-05,2024-06-08,2025-06-08
EMP10785,Employee 785,Australia,Legal,L3,ESPP,Active,2024-03-21,2024-11-05,2027-11-05
EMP10786,Employee 786,USA,Finance,L4,Stock Option,Active,2026-02-24,2026-08-08,2027-08-08
EMP10787,Employee 787,Australia,Finance,L4,Stock Option,Active,2024-09-25,2025-05-08,2028-05-07
EMP10788,Employee 788,India,Finance,L4,RSU,Active,2026-01-01,2026-10-22,2028-10-21
EMP10789,Employee 789,USA,Strategy,L2,RSU,Active,2024-01-10,2024-05-12,2027-05-12
EMP10790,Employee 790,UK,Operations,L1,Stock Option,Active,2023-12-15,2024-02-02,2025-02-01
EMP10791,Employee 791,UK,Sales,L1,RSU,On Leave,2023-11-22,2024-06-27,2025-06-27
EMP10792,Employee 792,Germany,Strategy,L3,ESPP,Active,2024-07-28,2025-05-07,2027-05-07
EMP10793,Employee 793,India,Technology,L3,Performance Share,Active,2025-03-10,2025-11-09,2026-11-09
EMP10794,Employee 794,UK,Risk,L2,Performance Share,Active,2025-11-02,2025-12-16,2027-12-16
EMP10795,Employee 795,USA,People,L2,ESPP,Active,2024-07-16,2024-11-14,2025-11-14
EMP10796,Employee 796,Germany,Operations,L3,Stock Option,Active,2024-11-09,2025-05-08,2027-05-08
EMP10797,Employee 797,Singapore,Operations,L2,Stock Option,Active,2023-03-21,2023-10-10,2025-10-09
EMP10798,Employee 798,Germany,Sales,L1,RSU,Active,2024-07-25,2024-10-07,2027-10-07
EMP10799,Employee 799,Germany,Risk,L4,Stock Option,Active,2026-01-15,2026-06-12,2028-06-11
EMP10800,Employee 800,India,Operations,L3,ESPP,Active,2023-09-14,2024-05-31,2026-05-31
EMP10801,Employee 801,UK,Technology,L2,RSU,Active,2024-12-07,2025-05-04,2026-05-04
EMP10802,Employee 802,UK,Risk,L3,RSU,Active,2026-02-24,2026-04-06,2029-04-05
EMP10803,Employee 803,UK,Strategy,L3,RSU,Active,2025-11-07,2026-07-20,2029-07-19
EMP10804,Employee 804,USA,Legal,L1,Stock Option,Active,2025-02-17,2025-10-03,2028-10-02
EMP10805,Employee 805,Germany,People,L3,Stock Option,Active,2023-05-23,2024-01-15,2027-01-14
EMP10806,Employee 806,UK,Legal,L4,RSU,Active,2023-08-13,2024-03-22,2027-03-22
EMP10807,Employee 807,Singapore,Strategy,L2,RSU,Active,2026-03-14,2026-10-03,2029-10-02
EMP10808,Employee 808,Singapore,Legal,L3,RSU,Active,2026-02-10,2026-08-23,2028-08-22
EMP10809,Employee 809,USA,Risk,L4,RSU,Active,2024-10-16,2025-01-09,2027-01-09
EMP10810,Employee 810,UK,Risk,L4,RSU,Active,2025-10-29,2026-05-11,2029-05-10
EMP10811,Employee 811,UK,Operations,L3,RSU,Terminated,2024-05-31,2025-03-08,2027-03-08
EMP10812,Employee 812,Singapore,Legal,L1,Stock Option,Active,2023-05-04,2024-01-27,2026-01-26
EMP10813,Employee 813,USA,Operations,L5,Stock Option,Active,2025-10-28,2025-12-03,2028-12-02
EMP10814,Employee 814,India,Operations,L5,RSU,Active,2023-12-24,2024-04-16,2026-04-16
EMP10815,Employee 815,India,Strategy,L4,RSU,Active,2025-08-12,2025-09-14,2026-09-14
EMP10816,Employee 816,UK,Technology,L2,RSU,Active,2025-12-28,2026-09-16,2027-09-16
EMP10817,Employee 817,Germany,Risk,L3,Performance Share,Active,2023-10-18,2024-03-11,2025-03-11
EMP10818,Employee 818,Australia,Sales,L4,RSU,Active,2025-11-16,2026-06-17,2029-06-16
EMP10819,Employee 819,Germany,Operations,L3,ESPP,Active,2025-03-06,2025-08-03,2027-08-03
EMP10820,Employee 820,Singapore,Legal,L5,RSU,Active,2023-11-15,2024-01-29,2026-01-28
EMP10821,Employee 821,India,Risk,L3,RSU,Active,2025-03-26,2025-10-20,2028-10-19
EMP10822,Employee 822,Australia,Technology,L1,RSU,Active,2023-11-30,2024-06-02,2026-06-02
EMP10823,Employee 823,UK,Finance,L2,Stock Option,Terminated,2025-10-26,2025-12-15,2027-12-15
EMP10824,Employee 824,USA,Sales,L5,RSU,Active,2026-05-21,2027-03-14,2029-03-13
EMP10825,Employee 825,UK,People,L5,RSU,Active,2025-08-29,2026-06-18,2027-06-18
EMP10826,Employee 826,India,Strategy,L5,Performance Share,Active,2024-03-09,2024-05-19,2025-05-19
EMP10827,Employee 827,Australia,Risk,L2,Performance Share,Active,2025-11-13,2026-06-30,2027-06-30
EMP10828,Employee 828,India,Legal,L2,RSU,Active,2025-03-16,2025-12-16,2027-12-16
EMP10829,Employee 829,Australia,Legal,L3,Stock Option,Active,2023-12-31,2024-02-05,2027-02-04
EMP10830,Employee 830,USA,Sales,L1,RSU,On Leave,2026-02-22,2026-03-28,2027-03-28
EMP10831,Employee 831,India,Operations,L4,Stock Option,Active,2024-08-03,2024-11-24,2026-11-24
EMP10832,Employee 832,UK,Finance,L3,ESPP,Active,2025-06-15,2026-03-28,2027-03-28
EMP10833,Employee 833,UK,Risk,L4,RSU,Active,2024-01-15,2024-02-14,2025-02-13
EMP10834,Employee 834,USA,People,L3,RSU,Active,2024-03-04,2024-09-27,2026-09-27
EMP10835,Employee 835,Australia,Sales,L3,Performance Share,Active,2023-02-06,2023-08-06,2026-08-05
EMP10836,Employee 836,UK,Technology,L4,Stock Option,Terminated,2025-01-18,2025-03-16,2027-03-16
EMP10837,Employee 837,India,Strategy,L2,ESPP,Active,2024-03-29,2024-07-11,2026-07-11
EMP10838,Employee 838,Germany,Strategy,L3,Stock Option,Active,2023-05-12,2024-02-02,2025-02-01
EMP10839,Employee 839,India,Sales,L3,ESPP,Active,2023-03-29,2023-09-24,2025-09-23
EMP10840,Employee 840,Germany,Sales,L4,RSU,Active,2024-04-06,2024-06-04,2026-06-04
EMP10841,Employee 841,Australia,Legal,L4,RSU,Active,2023-11-09,2024-04-29,2026-04-29
EMP10842,Employee 842,India,Legal,L3,ESPP,Active,2024-04-08,2024-12-07,2026-12-07
EMP10843,Employee 843,USA,Legal,L3,ESPP,Terminated,2023-06-10,2024-01-20,2027-01-19
EMP10844,Employee 844,UK,Sales,L2,ESPP,Active,2025-05-17,2026-02-08,2027-02-08
EMP10845,Employee 845,India,Legal,L1,RSU,Active,2024-10-29,2025-07-04,2027-07-04
EMP10846,Employee 846,Singapore,Sales,L3,ESPP,Active,2025-12-06,2026-08-26,2028-08-25
EMP10847,Employee 847,UK,Legal,L1,Stock Option,Active,2024-02-20,2024-10-03,2025-10-03
EMP10848,Employee 848,UK,People,L3,Performance Share,On Leave,2024-04-24,2024-08-30,2025-08-30
EMP10849,Employee 849,UK,Operations,L5,RSU,Active,2024-05-28,2024-11-29,2027-11-29
EMP10850,Employee 850,UK,Strategy,L3,ESPP,Active,2025-08-01,2026-01-07,2028-01-07
EMP10851,Employee 851,UK,People,L3,Performance Share,Active,2023-08-29,2023-10-24,2026-10-23
EMP10852,Employee 852,Singapore,Technology,L5,Stock Option,Active,2024-05-02,2024-07-25,2027-07-25
EMP10853,Employee 853,India,Risk,L5,RSU,Active,2023-09-27,2024-04-23,2025-04-23
EMP10854,Employee 854,USA,Legal,L4,ESPP,Active,2023-01-17,2023-08-04,2025-08-03
EMP10855,Employee 855,India,Risk,L2,Performance Share,Active,2024-09-05,2025-05-07,2028-05-06
EMP10856,Employee 856,India,Sales,L4,RSU,Active,2025-08-01,2025-11-02,2028-11-01
EMP10857,Employee 857,USA,Finance,L4,RSU,Active,2023-08-18,2024-01-19,2025-01-18
EMP10858,Employee 858,Singapore,Strategy,L3,Performance Share,Active,2024-12-29,2025-03-06,2026-03-06
EMP10859,Employee 859,UK,Sales,L3,RSU,On Leave,2025-10-29,2026-08-03,2027-08-03
EMP10860,Employee 860,India,Technology,L2,ESPP,Active,2026-01-27,2026-04-18,2029-04-17
EMP10861,Employee 861,USA,People,L2,ESPP,Active,2026-03-23,2026-10-18,2029-10-17
EMP10862,Employee 862,Germany,People,L3,RSU,Active,2024-05-05,2025-01-01,2027-01-01
EMP10863,Employee 863,UK,Technology,L3,Stock Option,Active,2025-08-15,2026-02-08,2028-02-08
EMP10864,Employee 864,India,Sales,L3,RSU,Active,2023-04-03,2023-10-23,2024-10-22
EMP10865,Employee 865,USA,Legal,L4,Performance Share,Active,2023-06-05,2024-02-18,2026-02-17
EMP10866,Employee 866,UK,Finance,L2,Stock Option,Active,2026-05-21,2026-12-13,2028-12-12
EMP10867,Employee 867,USA,Risk,L2,RSU,Active,2023-10-14,2024-07-27,2025-07-27
EMP10868,Employee 868,Germany,Sales,L2,Performance Share,Active,2023-10-27,2024-07-10,2026-07-10
EMP10869,Employee 869,UK,Sales,L3,RSU,Active,2025-01-29,2025-08-04,2028-08-03
EMP10870,Employee 870,India,Technology,L1,RSU,Active,2023-06-15,2024-02-11,2025-02-10
EMP10871,Employee 871,UK,Technology,L2,RSU,Active,2025-10-17,2026-06-13,2028-06-12
EMP10872,Employee 872,India,People,L2,ESPP,Active,2023-01-26,2023-08-17,2026-08-16
EMP10873,Employee 873,Germany,Legal,L1,Performance Share,Active,2023-05-01,2023-06-04,2024-06-03
EMP10874,Employee 874,USA,Strategy,L5,Stock Option,Active,2023-02-17,2023-05-16,2026-05-15
EMP10875,Employee 875,UK,Sales,L3,RSU,Terminated,2024-03-02,2024-10-11,2027-10-11
EMP10876,Employee 876,India,Strategy,L4,ESPP,Active,2023-01-01,2023-09-01,2024-08-31
EMP10877,Employee 877,USA,People,L3,ESPP,Active,2025-10-22,2026-07-18,2028-07-17
EMP10878,Employee 878,Australia,People,L5,RSU,Active,2023-01-26,2023-10-06,2026-10-05
EMP10879,Employee 879,India,Operations,L2,RSU,Active,2023-07-21,2024-04-28,2026-04-28
EMP10880,Employee 880,India,Operations,L3,RSU,Active,2024-12-27,2025-05-07,2026-05-07
EMP10881,Employee 881,Singapore,Technology,L2,ESPP,Active,2025-06-23,2026-01-11,2027-01-11
EMP10882,Employee 882,UK,Sales,L4,RSU,Active,2024-09-06,2024-12-03,2026-12-03
EMP10883,Employee 883,Germany,People,L2,RSU,Active,2024-12-19,2025-04-14,2026-04-14
EMP10884,Employee 884,India,Operations,L3,ESPP,Active,2026-04-09,2026-08-17,2028-08-16
EMP10885,Employee 885,India,Technology,L2,RSU,Active,2023-02-28,2023-09-06,2026-09-05
EMP10886,Employee 886,Singapore,Operations,L1,RSU,Active,2025-04-19,2025-12-25,2027-12-25
EMP10887,Employee 887,UK,Sales,L4,Performance Share,Active,2023-09-09,2023-12-15,2025-12-14
EMP10888,Employee 888,UK,Strategy,L4,Stock Option,Active,2024-03-22,2024-06-07,2026-06-07
EMP10889,Employee 889,UK,Strategy,L4,RSU,Active,2026-03-20,2027-01-08,2029-01-07
EMP10890,Employee 890,USA,Finance,L5,ESPP,Active,2026-02-20,2026-10-23,2028-10-22
EMP10891,Employee 891,UK,Risk,L4,RSU,Active,2023-03-04,2023-05-09,2026-05-08
EMP10892,Employee 892,India,Technology,L1,Performance Share,Active,2026-03-02,2026-11-05,2029-11-04
EMP10893,Employee 893,UK,People,L2,RSU,Active,2025-07-02,2026-03-31,2027-03-31
EMP10894,Employee 894,USA,Sales,L3,RSU,Active,2023-03-04,2023-10-06,2026-10-05
EMP10895,Employee 895,UK,Finance,L5,RSU,Active,2026-04-07,2026-11-16,2027-11-16
EMP10896,Employee 896,Singapore,Strategy,L1,RSU,Active,2024-04-26,2025-02-18,2028-02-18
EMP10897,Employee 897,Germany,People,L4,Stock Option,Active,2026-01-13,2026-05-27,2027-05-27
EMP10898,Employee 898,India,Legal,L1,Stock Option,Terminated,2024-07-15,2025-03-07,2026-03-07
EMP10899,Employee 899,India,Strategy,L2,ESPP,On Leave,2024-01-15,2024-09-27,2027-09-27
EMP10900,Employee 900,USA,People,L2,RSU,Active,2024-04-20,2024-07-13,2026-07-13
EMP10901,Employee 901,Singapore,Finance,L3,RSU,Active,2024-06-03,2024-12-23,2026-12-23
EMP10902,Employee 902,UK,Strategy,L4,Stock Option,Active,2025-06-05,2025-12-15,2026-12-15
EMP10903,Employee 903,USA,Technology,L4,ESPP,Active,2026-05-22,2027-02-23,2030-02-22
EMP10904,Employee 904,Singapore,Legal,L2,Stock Option,Terminated,2025-03-17,2025-12-26,2026-12-26
EMP10905,Employee 905,Singapore,Sales,L5,RSU,Active,2023-11-08,2024-07-18,2026-07-18
EMP10906,Employee 906,India,Risk,L1,ESPP,Active,2023-11-15,2023-12-20,2026-12-19
EMP10907,Employee 907,Australia,Risk,L1,RSU,On Leave,2023-03-15,2023-05-07,2025-05-06
EMP10908,Employee 908,USA,Operations,L3,Stock Option,Active,2024-02-19,2024-09-16,2026-09-16
EMP10909,Employee 909,UK,Strategy,L3,Stock Option,Active,2025-03-21,2025-05-18,2027-05-18
EMP10910,Employee 910,India,Legal,L4,ESPP,Active,2023-09-30,2023-12-27,2024-12-26
EMP10911,Employee 911,USA,Risk,L1,ESPP,Active,2023-01-20,2023-10-17,2024-10-16
EMP10912,Employee 912,USA,Finance,L4,Stock Option,Active,2023-07-06,2023-10-10,2024-10-09
EMP10913,Employee 913,Singapore,Strategy,L2,RSU,Active,2025-07-04,2025-10-30,2026-10-30
EMP10914,Employee 914,USA,Sales,L4,Stock Option,Active,2025-10-03,2026-05-18,2027-05-18
EMP10915,Employee 915,UK,People,L1,RSU,Terminated,2026-02-03,2026-04-01,2029-03-31
EMP10916,Employee 916,India,Legal,L4,RSU,Active,2025-08-29,2026-06-21,2028-06-20
EMP10917,Employee 917,Singapore,Risk,L4,Performance Share,Active,2023-08-19,2024-01-07,2026-01-06
EMP10918,Employee 918,India,People,L3,Performance Share,Active,2023-04-08,2023-12-23,2025-12-22
EMP10919,Employee 919,UK,People,L4,RSU,Active,2023-06-29,2024-03-18,2025-03-18
EMP10920,Employee 920,Germany,Finance,L4,Performance Share,Active,2023-05-23,2023-08-05,2024-08-04
EMP10921,Employee 921,India,Strategy,L4,ESPP,Active,2026-01-09,2026-04-08,2028-04-07
EMP10922,Employee 922,India,People,L3,ESPP,Active,2023-08-09,2024-03-26,2026-03-26
EMP10923,Employee 923,India,Sales,L5,RSU,Active,2025-08-06,2025-09-19,2026-09-19
EMP10924,Employee 924,India,People,L3,ESPP,Active,2025-07-02,2026-03-23,2028-03-22
EMP10925,Employee 925,UK,Operations,L4,Stock Option,Active,2023-10-07,2023-12-31,2024-12-30
EMP10926,Employee 926,USA,People,L3,Performance Share,Active,2024-02-17,2024-08-18,2026-08-18
EMP10927,Employee 927,Singapore,Technology,L5,RSU,Active,2025-09-03,2025-11-25,2026-11-25
EMP10928,Employee 928,India,Finance,L1,RSU,Active,2025-11-24,2026-05-12,2027-05-12
EMP10929,Employee 929,UK,Legal,L4,Stock Option,Active,2026-02-07,2026-03-17,2028-03-16
EMP10930,Employee 930,India,Legal,L2,RSU,Active,2025-03-19,2025-12-25,2026-12-25
EMP10931,Employee 931,India,Technology,L3,Stock Option,Active,2023-08-26,2024-01-01,2026-12-31
EMP10932,Employee 932,India,Legal,L2,RSU,Active,2024-04-01,2024-05-04,2026-05-04
EMP10933,Employee 933,UK,People,L3,RSU,Active,2024-07-11,2024-11-29,2026-11-29
EMP10934,Employee 934,Singapore,People,L3,Stock Option,Active,2024-08-20,2025-04-21,2027-04-21
EMP10935,Employee 935,UK,Risk,L3,Performance Share,Active,2025-01-25,2025-06-02,2027-06-02
EMP10936,Employee 936,UK,Operations,L3,Stock Option,Active,2024-09-11,2025-06-04,2026-06-04
EMP10937,Employee 937,USA,Technology,L3,Stock Option,Active,2025-02-22,2025-10-13,2028-10-12
EMP10938,Employee 938,Singapore,Technology,L2,RSU,Active,2023-08-18,2024-04-19,2026-04-19
EMP10939,Employee 939,UK,People,L4,RSU,Active,2025-01-24,2025-10-05,2026-10-05
EMP10940,Employee 940,UK,Finance,L2,RSU,On Leave,2023-05-06,2023-07-22,2025-07-21
EMP10941,Employee 941,USA,Operations,L3,RSU,Active,2025-01-02,2025-05-05,2028-05-04
EMP10942,Employee 942,Germany,Strategy,L3,RSU,Active,2023-09-17,2023-11-19,2025-11-18
EMP10943,Employee 943,UK,People,L3,RSU,Active,2026-05-14,2026-12-14,2029-12-13
EMP10944,Employee 944,USA,Legal,L2,RSU,Active,2025-06-30,2025-12-21,2028-12-20
EMP10945,Employee 945,UK,Technology,L2,RSU,Active,2026-02-26,2026-12-16,2028-12-15
EMP10946,Employee 946,Singapore,Technology,L3,RSU,Active,2023-07-06,2024-02-21,2025-02-20
EMP10947,Employee 947,India,Strategy,L4,Performance Share,Active,2025-09-02,2026-03-29,2029-03-28
EMP10948,Employee 948,India,People,L2,Performance Share,On Leave,2024-10-31,2024-12-15,2025-12-15
EMP10949,Employee 949,USA,Technology,L3,RSU,Active,2025-10-15,2025-11-15,2028-11-14
EMP10950,Employee 950,USA,Technology,L2,RSU,Active,2025-07-25,2025-09-24,2027-09-24
EMP10951,Employee 951,UK,Legal,L3,RSU,Active,2025-09-09,2025-10-18,2026-10-18
EMP10952,Employee 952,India,People,L2,Stock Option,Active,2024-03-01,2024-12-17,2025-12-17
EMP10953,Employee 953,Germany,Strategy,L3,ESPP,Active,2025-04-20,2025-07-12,2027-07-12
EMP10954,Employee 954,Singapore,People,L3,ESPP,Active,2025-04-17,2025-11-20,2028-11-19
EMP10955,Employee 955,India,Sales,L3,RSU,Active,2024-08-30,2024-12-26,2026-12-26
EMP10956,Employee 956,USA,Finance,L3,RSU,Active,2025-09-10,2025-11-20,2027-11-20
EMP10957,Employee 957,UK,Legal,L2,ESPP,Active,2024-08-30,2025-05-27,2027-05-27
EMP10958,Employee 958,India,Finance,L4,RSU,Active,2023-06-19,2024-02-08,2027-02-07
EMP10959,Employee 959,Australia,Finance,L2,Stock Option,Active,2023-01-06,2023-08-07,2026-08-06
EMP10960,Employee 960,UK,People,L3,Performance Share,Active,2023-10-18,2024-07-16,2026-07-16
EMP10961,Employee 961,Germany,Technology,L1,ESPP,Active,2024-01-21,2024-05-10,2027-05-10
EMP10962,Employee 962,Australia,Legal,L4,RSU,Active,2023-12-18,2024-02-08,2026-02-07
EMP10963,Employee 963,USA,Technology,L5,Stock Option,Active,2025-01-01,2025-05-15,2026-05-15
EMP10964,Employee 964,India,Operations,L2,RSU,Active,2023-07-20,2023-12-30,2026-12-29
EMP10965,Employee 965,UK,Risk,L3,ESPP,On Leave,2025-02-21,2025-03-31,2026-03-31
EMP10966,Employee 966,India,Sales,L2,ESPP,On Leave,2024-04-12,2024-09-12,2025-09-12
EMP10967,Employee 967,Singapore,Finance,L3,ESPP,Active,2023-02-01,2023-10-15,2026-10-14
EMP10968,Employee 968,India,Sales,L4,ESPP,On Leave,2023-08-27,2023-11-04,2025-11-03
EMP10969,Employee 969,Singapore,People,L3,Stock Option,Active,2025-10-21,2026-08-15,2028-08-14
EMP10970,Employee 970,UK,Operations,L2,RSU,Active,2026-05-31,2026-08-09,2029-08-08
EMP10971,Employee 971,Australia,Risk,L5,Stock Option,Active,2025-09-01,2025-11-22,2027-11-22
EMP10972,Employee 972,Australia,Technology,L3,RSU,Active,2026-05-13,2027-01-26,2028-01-26
EMP10973,Employee 973,Singapore,Sales,L1,Stock Option,On Leave,2024-01-11,2024-08-29,2025-08-29
EMP10974,Employee 974,UK,Finance,L3,Performance Share,Active,2024-12-14,2025-10-06,2026-10-06
EMP10975,Employee 975,UK,People,L2,Performance Share,Active,2026-01-24,2026-03-08,2028-03-07
EMP10976,Employee 976,UK,Technology,L4,RSU,Active,2024-07-11,2025-03-11,2028-03-10
EMP10977,Employee 977,UK,Operations,L3,Stock Option,Active,2023-01-13,2023-10-03,2024-10-02
EMP10978,Employee 978,Singapore,Technology,L3,RSU,Active,2024-05-04,2024-12-02,2027-12-02
EMP10979,Employee 979,India,People,L4,RSU,Active,2024-03-24,2024-10-15,2025-10-15
EMP10980,Employee 980,Singapore,Operations,L3,RSU,Active,2024-11-28,2025-03-10,2027-03-10
EMP10981,Employee 981,India,Risk,L1,RSU,Active,2023-01-26,2023-05-11,2024-05-10
EMP10982,Employee 982,India,Sales,L1,Performance Share,Active,2024-05-16,2024-09-26,2027-09-26
EMP10983,Employee 983,Australia,Technology,L2,Stock Option,Active,2023-03-24,2023-07-02,2024-07-01
EMP10984,Employee 984,Germany,Operations,L3,Performance Share,Active,2023-07-23,2024-05-08,2025-05-08
EMP10985,Employee 985,UK,Finance,L3,RSU,Active,2025-09-06,2025-12-28,2027-12-28
EMP10986,Employee 986,Singapore,Legal,L3,ESPP,Active,2025-05-15,2026-02-17,2029-02-16
EMP10987,Employee 987,USA,Technology,L2,Performance Share,Active,2024-05-23,2024-07-15,2025-07-15
EMP10988,Employee 988,UK,Risk,L1,Stock Option,On Leave,2025-09-09,2025-11-26,2027-11-26
EMP10989,Employee 989,USA,Operations,L1,RSU,Active,2026-05-24,2026-07-29,2029-07-28
EMP10990,Employee 990,UK,Legal,L3,ESPP,Active,2025-02-17,2025-10-11,2027-10-11
EMP10991,Employee 991,India,Legal,L4,RSU,Active,2026-05-09,2026-12-19,2027-12-19
EMP10992,Employee 992,Germany,Strategy,L3,Performance Share,Active,2024-04-04,2025-01-27,2027-01-27
EMP10993,Employee 993,Singapore,Risk,L3,Stock Option,Active,2023-05-08,2024-02-12,2027-02-11
EMP10994,Employee 994,UK,Operations,L3,Stock Option,Active,2025-03-19,2025-11-08,2028-11-07
EMP10995,Employee 995,USA,Finance,L1,Stock Option,On Leave,2025-10-29,2026-07-10,2028-07-09
EMP10996,Employee 996,UK,Risk,L1,RSU,Active,2026-05-17,2027-02-01,2029-01-31
EMP10997,Employee 997,Australia,Legal,L4,Performance Share,Active,2024-02-07,2024-10-31,2025-10-31
EMP10998,Employee 998,USA,People,L4,RSU,Active,2025-08-17,2025-11-28,2026-11-28
EMP10999,Employee 999,USA,People,L5,Stock Option,Active,2023-07-24,2024-05-15,2026-05-15
EMP11000,Employee 1000,UK,Legal,L2,RSU,Active,2025-11-25,2026-03-21,2027-03-21
EMP11001,Employee 1001,UK,Risk,L4,RSU,On Leave,2025-07-23,2026-05-04,2028-05-03
EMP11002,Employee 1002,USA,Strategy,L4,ESPP,Active,2025-04-28,2025-06-19,2026-06-19
EMP11003,Employee 1003,India,Legal,L3,RSU,Active,2023-10-09,2024-05-08,2026-05-08
EMP11004,Employee 1004,Singapore,Finance,L4,RSU,Active,2026-01-21,2026-05-29,2029-05-28
EMP11005,Employee 1005,India,People,L5,Stock Option,Active,2023-09-22,2024-04-27,2025-04-27
EMP11006,Employee 1006,India,People,L2,Stock Option,Active,2023-06-14,2024-02-06,2027-02-05
EMP11007,Employee 1007,UK,Legal,L4,Performance Share,Active,2024-05-07,2024-09-12,2026-09-12
EMP11008,Employee 1008,India,Technology,L3,ESPP,Active,2023-04-04,2024-01-10,2027-01-09
EMP11009,Employee 1009,Germany,Legal,L4,RSU,Active,2023-03-26,2023-11-16,2024-11-15
EMP11010,Employee 1010,UK,Technology,L4,RSU,Active,2024-11-29,2025-06-26,2028-06-25
EMP11011,Employee 1011,Singapore,Strategy,L5,RSU,Active,2025-12-18,2026-07-23,2029-07-22
EMP11012,Employee 1012,UK,Strategy,L4,ESPP,Active,2025-10-07,2026-05-24,2029-05-23
EMP11013,Employee 1013,Australia,Legal,L4,ESPP,Active,2025-12-14,2026-09-01,2027-09-01
EMP11014,Employee 1014,India,Operations,L2,Performance Share,Active,2025-03-10,2025-12-10,2026-12-10
EMP11015,Employee 1015,UK,Operations,L1,Performance Share,Active,2023-02-17,2023-06-06,2024-06-05
EMP11016,Employee 1016,Singapore,Strategy,L3,ESPP,Active,2026-04-13,2026-11-28,2027-11-28
EMP11017,Employee 1017,Australia,Risk,L4,Performance Share,Active,2023-12-11,2024-05-06,2025-05-06
EMP11018,Employee 1018,UK,Legal,L4,RSU,Active,2024-09-09,2025-06-22,2026-06-22
EMP11019,Employee 1019,UK,Operations,L4,RSU,Active,2023-06-02,2023-11-27,2026-11-26
EMP11020,Employee 1020,UK,Sales,L2,RSU,Active,2024-04-15,2024-12-18,2025-12-18
EMP11021,Employee 1021,India,Risk,L3,Performance Share,Active,2026-01-08,2026-05-21,2029-05-20
EMP11022,Employee 1022,Germany,Technology,L3,RSU,Active,2024-03-19,2024-11-15,2026-11-15
EMP11023,Employee 1023,Australia,Operations,L2,Performance Share,Active,2024-09-24,2025-05-17,2027-05-17
EMP11024,Employee 1024,India,Strategy,L3,Performance Share,Active,2023-05-29,2023-12-08,2026-12-07
EMP11025,Employee 1025,UK,Risk,L4,Performance Share,Active,2024-11-05,2025-07-20,2027-07-20
EMP11026,Employee 1026,USA,People,L2,ESPP,Active,2025-11-25,2026-05-08,2029-05-07
EMP11027,Employee 1027,USA,Technology,L4,ESPP,Active,2026-05-24,2026-12-09,2027-12-09
EMP11028,Employee 1028,UK,Strategy,L2,RSU,Active,2026-02-08,2026-06-05,2027-06-05
EMP11029,Employee 1029,USA,Risk,L1,Performance Share,Active,2025-04-26,2025-12-11,2027-12-11
EMP11030,Employee 1030,Germany,Sales,L3,Stock Option,Active,2025-06-17,2026-02-03,2029-02-02
EMP11031,Employee 1031,UK,People,L4,ESPP,Active,2026-05-27,2026-11-06,2029-11-05
EMP11032,Employee 1032,India,Sales,L4,Performance Share,Active,2023-01-23,2023-04-22,2026-04-21
EMP11033,Employee 1033,Australia,Finance,L4,ESPP,Active,2025-01-24,2025-03-02,2028-03-01
EMP11034,Employee 1034,UK,Legal,L2,Performance Share,Active,2026-04-06,2026-12-24,2029-12-23
EMP11035,Employee 1035,UK,Finance,L2,Performance Share,Terminated,2025-03-19,2025-09-04,2027-09-04
EMP11036,Employee 1036,UK,Risk,L2,Stock Option,Active,2023-09-18,2023-12-01,2024-11-30
EMP11037,Employee 1037,Singapore,Finance,L2,ESPP,Active,2023-01-14,2023-07-23,2024-07-22
EMP11038,Employee 1038,UK,Sales,L3,Stock Option,Active,2026-03-10,2026-12-19,2028-12-18
EMP11039,Employee 1039,UK,Legal,L5,Stock Option,Active,2025-03-29,2025-10-23,2028-10-22
EMP11040,Employee 1040,USA,Risk,L3,RSU,Active,2023-09-02,2024-04-07,2027-04-07
EMP11041,Employee 1041,Singapore,Sales,L3,RSU,Active,2023-04-16,2023-12-06,2026-12-05
EMP11042,Employee 1042,Singapore,Strategy,L5,Performance Share,Active,2026-01-01,2026-04-30,2028-04-29
EMP11043,Employee 1043,India,Legal,L3,RSU,Active,2023-05-02,2023-10-31,2026-10-30
EMP11044,Employee 1044,Germany,Legal,L1,Stock Option,Active,2026-02-01,2026-07-01,2027-07-01
EMP11045,Employee 1045,UK,Finance,L1,RSU,Active,2025-08-12,2026-01-20,2029-01-19
EMP11046,Employee 1046,India,Sales,L3,RSU,Active,2025-07-22,2026-04-14,2027-04-14
EMP11047,Employee 1047,India,Sales,L2,RSU,Active,2023-03-09,2023-11-28,2024-11-27
EMP11048,Employee 1048,USA,Operations,L2,RSU,Active,2026-05-08,2026-10-10,2027-10-10
EMP11049,Employee 1049,UK,Risk,L3,RSU,Active,2025-11-14,2026-07-02,2027-07-02
EMP11050,Employee 1050,UK,Finance,L3,RSU,Active,2024-09-28,2025-01-23,2026-01-23
EMP11051,Employee 1051,Germany,Sales,L5,RSU,Active,2024-06-18,2024-11-14,2025-11-14
EMP11052,Employee 1052,India,Operations,L1,RSU,Active,2024-11-13,2025-06-28,2028-06-27
EMP11053,Employee 1053,India,Sales,L5,RSU,Active,2026-04-09,2026-06-02,2028-06-01
EMP11054,Employee 1054,Germany,Technology,L3,ESPP,Active,2023-09-18,2024-07-02,2026-07-02
EMP11055,Employee 1055,India,Sales,L2,RSU,Active,2024-01-09,2024-06-12,2026-06-12
EMP11056,Employee 1056,India,Operations,L2,ESPP,Active,2023-11-19,2024-04-05,2026-04-05
EMP11057,Employee 1057,USA,Operations,L3,RSU,Active,2026-04-05,2026-11-30,2028-11-29
EMP11058,Employee 1058,UK,Sales,L3,Stock Option,Active,2024-08-14,2025-06-03,2028-06-02
EMP11059,Employee 1059,UK,Finance,L3,RSU,Active,2025-09-02,2026-03-14,2028-03-13
EMP11060,Employee 1060,USA,Strategy,L4,Performance Share,On Leave,2025-10-02,2026-04-20,2027-04-20
EMP11061,Employee 1061,India,Legal,L3,RSU,Active,2026-04-25,2026-12-24,2028-12-23
EMP11062,Employee 1062,UK,Finance,L2,Stock Option,Active,2024-07-31,2025-03-02,2026-03-02
EMP11063,Employee 1063,India,Strategy,L5,RSU,Active,2023-12-08,2024-03-11,2025-03-11
EMP11064,Employee 1064,USA,Operations,L4,RSU,Active,2026-05-22,2026-09-05,2029-09-04
EMP11065,Employee 1065,Singapore,Technology,L1,RSU,Active,2025-04-14,2025-09-10,2027-09-10
EMP11066,Employee 1066,India,Finance,L3,RSU,Active,2024-06-02,2024-09-13,2026-09-13
EMP11067,Employee 1067,UK,People,L3,Stock Option,Active,2023-06-19,2024-01-17,2025-01-16
EMP11068,Employee 1068,Australia,Operations,L2,Stock Option,On Leave,2023-05-12,2024-01-04,2027-01-03
EMP11069,Employee 1069,UK,Finance,L3,RSU,Active,2025-01-27,2025-11-01,2027-11-01
EMP11070,Employee 1070,Singapore,People,L2,RSU,Active,2024-02-10,2024-06-29,2026-06-29
EMP11071,Employee 1071,UK,Strategy,L1,Performance Share,Active,2023-04-30,2023-12-19,2024-12-18
EMP11072,Employee 1072,Germany,Strategy,L3,Stock Option,Active,2024-02-13,2024-07-06,2026-07-06
EMP11073,Employee 1073,Singapore,Strategy,L1,Stock Option,Active,2023-10-13,2024-01-31,2027-01-30
EMP11074,Employee 1074,India,Technology,L3,Stock Option,Active,2025-12-16,2026-03-23,2027-03-23
EMP11075,Employee 1075,India,Strategy,L3,ESPP,Active,2024-06-30,2024-08-24,2025-08-24
EMP11076,Employee 1076,USA,Finance,L3,RSU,Active,2024-03-04,2024-07-27,2027-07-27
EMP11077,Employee 1077,USA,Risk,L4,RSU,Active,2026-01-06,2026-03-02,2028-03-01
EMP11078,Employee 1078,USA,Strategy,L1,RSU,Active,2025-10-11,2026-04-09,2027-04-09
EMP11079,Employee 1079,USA,Risk,L2,Performance Share,Active,2025-04-11,2025-07-04,2026-07-04
EMP11080,Employee 1080,UK,Legal,L3,Performance Share,Active,2023-06-16,2024-03-11,2025-03-11
EMP11081,Employee 1081,India,Operations,L3,RSU,Active,2024-11-03,2025-04-09,2026-04-09
EMP11082,Employee 1082,Singapore,Risk,L2,Performance Share,On Leave,2024-03-20,2024-09-04,2026-09-04
EMP11083,Employee 1083,India,People,L2,Performance Share,Active,2023-03-31,2023-07-25,2024-07-24
EMP11084,Employee 1084,Germany,Legal,L2,RSU,Active,2026-02-17,2026-05-26,2028-05-25
EMP11085,Employee 1085,USA,Technology,L5,RSU,Active,2025-06-25,2025-09-20,2028-09-19
EMP11086,Employee 1086,India,Sales,L3,Performance Share,Active,2025-07-03,2025-10-28,2026-10-28
EMP11087,Employee 1087,Australia,Sales,L3,ESPP,Active,2025-02-26,2025-10-10,2028-10-09
EMP11088,Employee 1088,India,Risk,L3,Performance Share,On Leave,2024-07-30,2025-04-15,2026-04-15
EMP11089,Employee 1089,USA,Technology,L4,Stock Option,Active,2025-08-20,2026-01-07,2028-01-07
EMP11090,Employee 1090,USA,Strategy,L3,Stock Option,Active,2023-03-28,2023-10-17,2026-10-16
EMP11091,Employee 1091,Australia,Sales,L3,ESPP,Active,2023-02-19,2023-05-26,2026-05-25
EMP11092,Employee 1092,UK,Sales,L4,RSU,Active,2023-05-27,2024-01-20,2026-01-19
EMP11093,Employee 1093,Australia,Operations,L2,ESPP,Active,2025-03-11,2025-07-03,2028-07-02
EMP11094,Employee 1094,USA,Risk,L1,Performance Share,Active,2025-03-09,2025-06-13,2026-06-13
EMP11095,Employee 1095,India,Operations,L5,Stock Option,Active,2024-08-25,2024-11-04,2026-11-04
EMP11096,Employee 1096,India,Operations,L5,ESPP,Active,2024-01-27,2024-11-03,2027-11-03
EMP11097,Employee 1097,Germany,Sales,L3,Performance Share,Active,2025-02-19,2025-07-06,2028-07-05
EMP11098,Employee 1098,Germany,Technology,L4,Stock Option,Active,2025-11-21,2026-08-10,2029-08-09
EMP11099,Employee 1099,USA,Sales,L4,ESPP,Active,2025-04-03,2026-01-03,2029-01-02
EMP11100,Employee 1100,India,Sales,L3,Performance Share,Active,2025-09-28,2026-03-11,2029-03-10
EMP11101,Employee 1101,Germany,Sales,L2,RSU,Active,2024-02-06,2024-08-26,2025-08-26
EMP11102,Employee 1102,UK,Legal,L2,ESPP,Terminated,2023-10-25,2024-02-13,2026-02-12
EMP11103,Employee 1103,UK,Finance,L4,RSU,Active,2025-05-06,2025-11-21,2028-11-20
EMP11104,Employee 1104,India,Technology,L5,RSU,Active,2024-04-29,2025-02-01,2028-02-01
EMP11105,Employee 1105,USA,Sales,L3,RSU,On Leave,2025-08-09,2025-09-28,2028-09-27
EMP11106,Employee 1106,UK,Technology,L5,Stock Option,Active,2024-05-02,2024-07-29,2027-07-29
EMP11107,Employee 1107,UK,Strategy,L3,RSU,Active,2024-11-19,2025-05-06,2027-05-06
EMP11108,Employee 1108,UK,Sales,L3,RSU,Active,2025-06-05,2025-12-28,2027-12-28
EMP11109,Employee 1109,UK,People,L2,Performance Share,Active,2023-06-17,2023-12-19,2025-12-18
EMP11110,Employee 1110,UK,Operations,L3,ESPP,Active,2024-10-17,2025-02-18,2026-02-18
EMP11111,Employee 1111,UK,Operations,L3,RSU,Active,2023-11-03,2024-08-25,2027-08-25
EMP11112,Employee 1112,UK,Strategy,L4,RSU,Terminated,2023-02-14,2023-05-23,2025-05-22
EMP11113,Employee 1113,India,Technology,L5,RSU,Active,2026-02-23,2026-07-21,2028-07-20
EMP11114,Employee 1114,UK,People,L4,RSU,Active,2026-02-19,2026-06-23,2028-06-22
EMP11115,Employee 1115,Singapore,Operations,L3,RSU,Active,2023-11-11,2024-08-06,2027-08-06
EMP11116,Employee 1116,India,People,L3,RSU,Active,2023-06-19,2024-02-10,2026-02-09
EMP11117,Employee 1117,UK,Strategy,L5,ESPP,Active,2025-02-12,2025-04-25,2028-04-24
EMP11118,Employee 1118,USA,Legal,L3,ESPP,Active,2023-03-25,2023-05-07,2025-05-06
EMP11119,Employee 1119,Singapore,Strategy,L3,Performance Share,Active,2023-07-18,2024-04-18,2026-04-18
EMP11120,Employee 1120,India,Finance,L1,Stock Option,Active,2024-06-17,2024-10-11,2027-10-11
EMP11121,Employee 1121,UK,Legal,L5,ESPP,Active,2023-01-17,2023-04-28,2024-04-27
EMP11122,Employee 1122,USA,Legal,L3,RSU,Active,2024-12-31,2025-04-15,2027-04-15
EMP11123,Employee 1123,Singapore,Operations,L3,Stock Option,Active,2023-09-04,2024-06-15,2025-06-15
EMP11124,Employee 1124,Australia,Sales,L2,RSU,On Leave,2024-02-04,2024-07-03,2027-07-03
EMP11125,Employee 1125,USA,Risk,L5,ESPP,Active,2023-05-14,2023-10-15,2026-10-14
EMP11126,Employee 1126,USA,Sales,L4,RSU,Active,2024-07-02,2025-01-13,2026-01-13
EMP11127,Employee 1127,India,People,L3,ESPP,Active,2023-12-20,2024-06-09,2026-06-09
EMP11128,Employee 1128,UK,Strategy,L4,Stock Option,Active,2024-04-21,2024-08-30,2026-08-30
EMP11129,Employee 1129,UK,Operations,L5,RSU,Active,2024-10-07,2024-11-23,2025-11-23
EMP11130,Employee 1130,Singapore,Technology,L4,Stock Option,Active,2025-04-26,2026-01-15,2028-01-15
EMP11131,Employee 1131,USA,Sales,L2,RSU,Active,2023-06-25,2023-11-08,2024-11-07
EMP11132,Employee 1132,India,Technology,L1,Performance Share,Active,2024-05-04,2025-01-15,2028-01-15
EMP11133,Employee 1133,UK,Strategy,L3,RSU,Active,2025-10-23,2026-04-18,2027-04-18
EMP11134,Employee 1134,India,Risk,L3,ESPP,Active,2023-11-11,2024-02-16,2025-02-15
EMP11135,Employee 1135,Singapore,People,L2,RSU,Active,2025-01-11,2025-07-01,2026-07-01
EMP11136,Employee 1136,UK,Strategy,L2,Stock Option,Active,2023-02-23,2023-10-28,2024-10-27
EMP11137,Employee 1137,UK,People,L2,ESPP,Active,2023-04-18,2023-08-31,2026-08-30
EMP11138,Employee 1138,India,Legal,L5,ESPP,Active,2024-02-21,2024-11-15,2027-11-15
EMP11139,Employee 1139,India,Technology,L4,ESPP,On Leave,2023-07-07,2024-03-05,2027-03-05
EMP11140,Employee 1140,USA,Risk,L2,RSU,On Leave,2025-01-02,2025-06-23,2027-06-23
EMP11141,Employee 1141,USA,Finance,L3,RSU,Active,2024-02-17,2024-06-30,2026-06-30
EMP11142,Employee 1142,India,People,L4,RSU,Active,2023-10-06,2024-01-30,2026-01-29
EMP11143,Employee 1143,Germany,Finance,L2,Performance Share,Active,2023-08-22,2023-11-19,2025-11-18
EMP11144,Employee 1144,Australia,People,L3,ESPP,Active,2025-11-15,2026-02-05,2027-02-05
EMP11145,Employee 1145,UK,Technology,L2,ESPP,Terminated,2024-02-23,2024-07-24,2025-07-24
EMP11146,Employee 1146,UK,Risk,L5,Performance Share,Active,2023-04-07,2023-06-12,2026-06-11
EMP11147,Employee 1147,India,Technology,L3,Stock Option,Active,2024-12-02,2025-09-17,2026-09-17
EMP11148,Employee 1148,UK,Technology,L2,RSU,Active,2025-03-29,2025-10-03,2028-10-02
EMP11149,Employee 1149,Singapore,Finance,L4,Stock Option,Active,2023-10-08,2024-01-20,2027-01-19
EMP11150,Employee 1150,Singapore,People,L2,Performance Share,Active,2024-08-30,2025-03-29,2027-03-29
EMP11151,Employee 1151,India,People,L2,RSU,Terminated,2023-06-09,2023-07-23,2024-07-22
EMP11152,Employee 1152,Germany,Operations,L5,RSU,Active,2023-04-03,2023-07-05,2026-07-04
EMP11153,Employee 1153,USA,Legal,L4,Stock Option,Active,2023-02-20,2023-12-10,2026-12-09
EMP11154,Employee 1154,UK,Finance,L2,RSU,Terminated,2025-11-15,2026-04-08,2029-04-07
EMP11155,Employee 1155,USA,Sales,L1,RSU,Active,2023-08-21,2024-01-19,2027-01-18
EMP11156,Employee 1156,USA,People,L4,RSU,Active,2025-10-26,2026-06-13,2027-06-13
EMP11157,Employee 1157,USA,Legal,L3,RSU,On Leave,2023-07-12,2024-02-29,2027-02-28
EMP11158,Employee 1158,Germany,Strategy,L4,RSU,Active,2025-10-05,2026-07-10,2029-07-09
EMP11159,Employee 1159,Germany,Risk,L3,RSU,Active,2023-07-22,2024-03-01,2025-03-01
EMP11160,Employee 1160,India,Legal,L1,ESPP,Active,2024-08-22,2024-10-16,2025-10-16
EMP11161,Employee 1161,India,Technology,L2,Performance Share,Active,2024-06-07,2024-11-06,2026-11-06
EMP11162,Employee 1162,UK,Strategy,L3,Stock Option,On Leave,2026-03-17,2026-09-19,2029-09-18
EMP11163,Employee 1163,India,Strategy,L4,Stock Option,Active,2025-10-15,2026-07-15,2028-07-14
EMP11164,Employee 1164,UK,People,L4,Stock Option,Active,2023-09-12,2024-03-30,2025-03-30
EMP11165,Employee 1165,UK,Sales,L2,RSU,Active,2025-08-18,2025-12-02,2027-12-02
EMP11166,Employee 1166,Singapore,Operations,L3,Performance Share,Active,2025-05-20,2025-06-27,2026-06-27
EMP11167,Employee 1167,UK,Strategy,L4,ESPP,Active,2024-11-16,2025-04-18,2028-04-17
EMP11168,Employee 1168,UK,Risk,L4,RSU,On Leave,2024-02-04,2024-04-01,2025-04-01
EMP11169,Employee 1169,USA,Operations,L4,RSU,Active,2024-05-01,2024-12-12,2027-12-12
EMP11170,Employee 1170,USA,People,L4,RSU,Active,2024-07-24,2025-04-10,2028-04-09
EMP11171,Employee 1171,India,People,L3,RSU,Active,2025-06-09,2025-12-16,2028-12-15
EMP11172,Employee 1172,Singapore,Technology,L4,RSU,Active,2023-09-16,2024-06-29,2027-06-29
EMP11173,Employee 1173,UK,Strategy,L3,RSU,Active,2023-05-27,2023-12-10,2024-12-09
EMP11174,Employee 1174,UK,Strategy,L4,RSU,Active,2026-04-11,2026-07-08,2029-07-07
EMP11175,Employee 1175,India,Legal,L3,RSU,Terminated,2024-12-17,2025-07-28,2027-07-28
EMP11176,Employee 1176,UK,Finance,L2,RSU,Active,2025-10-02,2026-01-05,2028-01-05
EMP11177,Employee 1177,USA,Technology,L4,ESPP,Active,2024-07-12,2025-01-10,2027-01-10
EMP11178,Employee 1178,Germany,Legal,L2,RSU,Active,2024-04-20,2024-10-16,2026-10-16
EMP11179,Employee 1179,Singapore,Operations,L3,RSU,Active,2023-12-19,2024-05-24,2027-05-24
EMP11180,Employee 1180,Australia,Sales,L4,Stock Option,Active,2023-11-02,2024-03-30,2027-03-30
EMP11181,Employee 1181,UK,Operations,L3,RSU,Active,2023-06-03,2023-07-10,2025-07-09
EMP11182,Employee 1182,India,Strategy,L3,Stock Option,Active,2023-07-26,2024-03-27,2025-03-27
EMP11183,Employee 1183,Germany,Legal,L5,Performance Share,Active,2023-01-11,2023-04-03,2025-04-02
EMP11184,Employee 1184,Australia,Sales,L2,RSU,Active,2023-01-01,2023-09-08,2025-09-07
EMP11185,Employee 1185,USA,Legal,L3,RSU,Active,2023-09-15,2023-10-19,2024-10-18
EMP11186,Employee 1186,USA,Technology,L4,Stock Option,Active,2025-02-23,2025-05-13,2027-05-13
EMP11187,Employee 1187,UK,People,L5,RSU,Active,2025-08-28,2025-10-27,2027-10-27
EMP11188,Employee 1188,UK,Operations,L2,RSU,Active,2025-12-15,2026-04-27,2029-04-26
EMP11189,Employee 1189,UK,Sales,L1,Performance Share,Terminated,2026-02-22,2026-06-19,2028-06-18
EMP11190,Employee 1190,Germany,People,L4,RSU,Active,2024-08-24,2024-10-11,2027-10-11
EMP11191,Employee 1191,India,Risk,L3,RSU,Active,2025-11-29,2026-01-08,2028-01-08
EMP11192,Employee 1192,Germany,Operations,L3,Performance Share,Active,2025-03-27,2025-10-06,2028-10-05
EMP11193,Employee 1193,UK,Strategy,L4,RSU,Active,2025-06-26,2026-01-14,2028-01-14
EMP11194,Employee 1194,Singapore,Risk,L5,Performance Share,Active,2023-05-19,2023-07-15,2024-07-14
EMP11195,Employee 1195,USA,Legal,L3,ESPP,Active,2026-04-11,2026-09-03,2027-09-03
EMP11196,Employee 1196,UK,People,L3,RSU,Active,2023-01-08,2023-03-02,2025-03-01
EMP11197,Employee 1197,USA,Finance,L3,Stock Option,On Leave,2025-08-08,2026-01-17,2028-01-17
EMP11198,Employee 1198,USA,Sales,L3,RSU,Active,2023-06-22,2024-04-04,2025-04-04
EMP11199,Employee 1199,USA,Legal,L3,Performance Share,Active,2026-05-11,2026-09-26,2029-09-25
EMP11200,Employee 1200,USA,Strategy,L2,ESPP,Active,2024-03-08,2024-11-01,2027-11-01
EMP11201,Employee 1201,USA,Legal,L4,RSU,On Leave,2025-03-18,2025-08-01,2026-08-01
EMP11202,Employee 1202,Singapore,Operations,L3,Stock Option,Active,2023-05-17,2023-11-04,2024-11-03
EMP11203,Employee 1203,India,Operations,L4,RSU,Active,2023-12-05,2024-04-02,2027-04-02
EMP11204,Employee 1204,Germany,Risk,L4,RSU,Active,2023-05-13,2023-07-18,2026-07-17
EMP11205,Employee 1205,India,Sales,L3,Stock Option,On Leave,2025-09-06,2025-12-22,2027-12-22
EMP11206,Employee 1206,UK,Risk,L2,RSU,On Leave,2023-07-15,2023-11-25,2026-11-24
EMP11207,Employee 1207,Germany,Technology,L1,RSU,Active,2023-05-15,2024-02-14,2027-02-13
EMP11208,Employee 1208,UK,Sales,L2,Performance Share,Active,2025-05-05,2025-08-22,2026-08-22
EMP11209,Employee 1209,India,Technology,L4,RSU,Active,2024-09-24,2025-05-08,2028-05-07
EMP11210,Employee 1210,USA,People,L3,RSU,On Leave,2026-03-01,2026-10-09,2029-10-08
EMP11211,Employee 1211,Singapore,Legal,L4,RSU,Active,2023-04-21,2024-01-28,2025-01-27
EMP11212,Employee 1212,India,Operations,L1,Performance Share,Active,2023-08-15,2024-05-07,2026-05-07
EMP11213,Employee 1213,UK,People,L4,ESPP,Active,2026-03-20,2026-10-27,2028-10-26
EMP11214,Employee 1214,USA,Technology,L5,RSU,Active,2023-06-23,2023-08-28,2024-08-27
EMP11215,Employee 1215,USA,Risk,L1,Stock Option,Active,2025-10-20,2026-01-02,2028-01-02
EMP11216,Employee 1216,Singapore,Finance,L2,Performance Share,Active,2023-06-27,2024-01-18,2026-01-17
EMP11217,Employee 1217,UK,People,L4,RSU,Active,2025-03-23,2025-06-27,2027-06-27
EMP11218,Employee 1218,Australia,Operations,L3,Stock Option,On Leave,2024-01-01,2024-07-03,2027-07-03
EMP11219,Employee 1219,Singapore,Strategy,L2,Performance Share,Active,2023-11-12,2024-02-20,2026-02-19
EMP11220,Employee 1220,Australia,Strategy,L4,Performance Share,Active,2025-02-21,2025-11-02,2028-11-01
EMP11221,Employee 1221,Singapore,Finance,L4,ESPP,Active,2023-07-07,2024-01-22,2025-01-21
EMP11222,Employee 1222,USA,People,L5,Stock Option,Active,2023-05-05,2024-01-09,2025-01-08
EMP11223,Employee 1223,USA,Sales,L2,RSU,Active,2023-03-30,2024-01-03,2026-01-02
EMP11224,Employee 1224,Australia,People,L3,RSU,Active,2023-08-09,2023-12-22,2026-12-21
EMP11225,Employee 1225,UK,Legal,L1,ESPP,Active,2026-04-15,2026-08-08,2028-08-07
EMP11226,Employee 1226,USA,Risk,L3,RSU,Active,2026-03-09,2026-10-23,2028-10-22
EMP11227,Employee 1227,Singapore,Risk,L4,ESPP,Active,2026-06-02,2026-07-06,2027-07-06
EMP11228,Employee 1228,Singapore,Strategy,L3,Stock Option,Active,2024-11-07,2025-02-03,2027-02-03
EMP11229,Employee 1229,UK,Operations,L3,Performance Share,Active,2026-05-25,2026-06-30,2027-06-30
EMP11230,Employee 1230,India,People,L3,RSU,Active,2023-12-08,2024-10-01,2026-10-01
EMP11231,Employee 1231,Germany,Legal,L1,Performance Share,Active,2023-12-30,2024-02-15,2027-02-14
EMP11232,Employee 1232,Singapore,Legal,L2,RSU,Active,2024-08-23,2025-06-17,2027-06-17
EMP11233,Employee 1233,UK,Operations,L3,RSU,Active,2023-07-08,2024-01-21,2025-01-20
EMP11234,Employee 1234,India,Risk,L4,RSU,Active,2026-02-23,2026-10-01,2028-09-30
EMP11235,Employee 1235,Singapore,Sales,L4,ESPP,Active,2024-02-10,2024-04-02,2026-04-02
EMP11236,Employee 1236,Australia,Risk,L3,RSU,Active,2025-01-20,2025-09-27,2028-09-26
EMP11237,Employee 1237,India,Risk,L2,ESPP,Active,2024-07-04,2024-08-03,2026-08-03
EMP11238,Employee 1238,UK,Operations,L4,ESPP,Active,2023-01-17,2023-11-05,2025-11-04
EMP11239,Employee 1239,UK,Strategy,L2,Stock Option,Active,2024-01-23,2024-09-02,2027-09-02
EMP11240,Employee 1240,UK,Technology,L4,RSU,Active,2024-05-14,2024-08-18,2025-08-18
EMP11241,Employee 1241,UK,Sales,L2,Stock Option,Active,2025-06-04,2025-10-04,2026-10-04
EMP11242,Employee 1242,UK,Finance,L5,RSU,Active,2024-02-27,2024-06-25,2026-06-25
EMP11243,Employee 1243,USA,Finance,L1,Stock Option,On Leave,2025-11-21,2026-04-19,2027-04-19
EMP11244,Employee 1244,USA,Sales,L2,Performance Share,Active,2023-05-19,2023-07-18,2026-07-17
EMP11245,Employee 1245,India,Legal,L4,ESPP,Active,2025-06-07,2026-02-19,2029-02-18
EMP11246,Employee 1246,Australia,Technology,L2,RSU,Active,2024-05-23,2024-11-11,2027-11-11
EMP11247,Employee 1247,UK,Finance,L3,RSU,Active,2026-05-09,2026-07-13,2028-07-12
EMP11248,Employee 1248,UK,People,L3,RSU,Active,2024-11-20,2025-05-28,2028-05-27
EMP11249,Employee 1249,USA,Operations,L3,ESPP,On Leave,2023-09-01,2023-11-23,2025-11-22
EMP11250,Employee 1250,USA,People,L3,ESPP,Active,2024-03-17,2024-11-23,2027-11-23
EMP11251,Employee 1251,UK,Finance,L3,RSU,Active,2025-02-27,2025-11-04,2027-11-04
EMP11252,Employee 1252,Germany,Risk,L3,ESPP,Active,2024-06-15,2025-03-02,2028-03-01
EMP11253,Employee 1253,USA,Finance,L4,Stock Option,Active,2023-11-09,2024-04-09,2027-04-09
EMP11254,Employee 1254,USA,People,L2,Stock Option,Terminated,2024-05-09,2025-01-07,2028-01-07
EMP11255,Employee 1255,India,Risk,L4,RSU,Active,2025-07-18,2025-09-30,2028-09-29
EMP11256,Employee 1256,USA,Sales,L1,ESPP,On Leave,2023-04-19,2023-10-10,2025-10-09
EMP11257,Employee 1257,UK,Operations,L4,Stock Option,Active,2025-04-01,2025-06-19,2028-06-18
EMP11258,Employee 1258,India,People,L3,Stock Option,Active,2025-12-02,2026-08-02,2027-08-02
EMP11259,Employee 1259,USA,Legal,L3,RSU,Active,2024-11-25,2025-07-10,2027-07-10
EMP11260,Employee 1260,USA,Strategy,L2,ESPP,Active,2026-03-03,2026-07-02,2028-07-01
EMP11261,Employee 1261,USA,Strategy,L5,ESPP,Terminated,2025-11-16,2026-07-23,2027-07-23
EMP11262,Employee 1262,UK,People,L5,ESPP,Active,2023-11-06,2024-06-02,2025-06-02
EMP11263,Employee 1263,India,Operations,L4,RSU,Active,2026-01-07,2026-07-20,2029-07-19
EMP11264,Employee 1264,Germany,Finance,L4,Performance Share,Active,2025-09-21,2026-01-07,2027-01-07
EMP11265,Employee 1265,Germany,Strategy,L4,ESPP,Active,2023-06-16,2024-02-10,2027-02-09
EMP11266,Employee 1266,Australia,Sales,L1,ESPP,Active,2023-03-01,2023-03-31,2025-03-30
EMP11267,Employee 1267,UK,Operations,L3,RSU,On Leave,2024-09-17,2025-02-03,2027-02-03
EMP11268,Employee 1268,UK,Finance,L2,Performance Share,Active,2024-03-30,2024-10-18,2026-10-18
EMP11269,Employee 1269,UK,Risk,L1,RSU,Active,2024-05-08,2024-08-27,2025-08-27
EMP11270,Employee 1270,Australia,Technology,L4,ESPP,Active,2023-08-29,2023-11-03,2025-11-02
EMP11271,Employee 1271,UK,Legal,L5,RSU,Active,2023-10-02,2024-06-28,2027-06-28
EMP11272,Employee 1272,UK,Technology,L5,RSU,Active,2026-05-03,2027-02-09,2030-02-08
EMP11273,Employee 1273,UK,Legal,L3,Stock Option,Active,2024-07-22,2024-10-24,2025-10-24
EMP11274,Employee 1274,Singapore,Finance,L2,ESPP,Active,2023-03-06,2023-12-26,2026-12-25
EMP11275,Employee 1275,USA,Operations,L3,RSU,Active,2024-06-21,2025-02-18,2026-02-18
EMP11276,Employee 1276,Australia,Strategy,L2,RSU,Active,2026-01-25,2026-05-11,2029-05-10
EMP11277,Employee 1277,UK,Sales,L4,RSU,Active,2023-12-14,2024-05-13,2025-05-13
EMP11278,Employee 1278,UK,Technology,L4,Stock Option,Active,2023-10-21,2024-06-07,2025-06-07
EMP11279,Employee 1279,Australia,Risk,L3,ESPP,Active,2025-08-15,2025-10-09,2028-10-08
EMP11280,Employee 1280,UK,Legal,L4,RSU,On Leave,2023-05-03,2024-02-24,2027-02-23
EMP11281,Employee 1281,USA,Operations,L2,Performance Share,Active,2025-06-20,2026-02-24,2029-02-23
EMP11282,Employee 1282,USA,People,L4,Performance Share,Terminated,2023-01-18,2023-08-09,2024-08-08
EMP11283,Employee 1283,UK,Finance,L2,RSU,Active,2024-11-30,2025-04-03,2026-04-03
EMP11284,Employee 1284,UK,Risk,L3,ESPP,Active,2024-11-18,2025-07-27,2026-07-27
EMP11285,Employee 1285,Singapore,Technology,L5,RSU,Active,2025-10-05,2026-07-30,2029-07-29
EMP11286,Employee 1286,UK,Legal,L3,Performance Share,Active,2023-01-19,2023-08-30,2026-08-29
EMP11287,Employee 1287,Germany,Sales,L4,RSU,Active,2023-01-23,2023-10-09,2025-10-08
EMP11288,Employee 1288,UK,People,L2,Performance Share,Active,2023-01-25,2023-06-01,2024-05-31
EMP11289,Employee 1289,UK,Risk,L1,RSU,Active,2024-03-20,2024-09-09,2025-09-09
EMP11290,Employee 1290,USA,Operations,L5,RSU,On Leave,2025-09-23,2025-12-15,2028-12-14
EMP11291,Employee 1291,UK,Strategy,L4,ESPP,Active,2024-01-30,2024-09-01,2026-09-01
EMP11292,Employee 1292,Germany,Risk,L4,Stock Option,Active,2023-05-01,2023-09-13,2024-09-12
EMP11293,Employee 1293,India,Sales,L3,RSU,Active,2023-10-24,2023-12-06,2024-12-05
EMP11294,Employee 1294,UK,People,L2,Stock Option,Active,2023-01-05,2023-10-02,2024-10-01
EMP11295,Employee 1295,UK,Operations,L1,RSU,Active,2023-03-27,2023-06-01,2026-05-31
EMP11296,Employee 1296,USA,Strategy,L4,RSU,Active,2025-10-20,2025-12-13,2028-12-12
EMP11297,Employee 1297,Australia,Operations,L4,ESPP,Active,2024-09-05,2025-04-22,2027-04-22
EMP11298,Employee 1298,UK,Legal,L2,ESPP,Active,2025-12-26,2026-07-18,2027-07-18
EMP11299,Employee 1299,India,Technology,L3,ESPP,Active,2023-05-27,2024-01-23,2025-01-22
EMP11300,Employee 1300,USA,Strategy,L3,RSU,Active,2023-11-01,2024-06-25,2027-06-25
EMP11301,Employee 1301,USA,Strategy,L3,Performance Share,Active,2025-09-02,2026-06-03,2027-06-03
EMP11302,Employee 1302,Singapore,Operations,L3,Performance Share,Active,2024-06-20,2025-01-03,2026-01-03
EMP11303,Employee 1303,India,Legal,L3,Performance Share,Active,2023-05-27,2023-12-21,2026-12-20
EMP11304,Employee 1304,India,People,L1,Stock Option,Active,2025-06-02,2025-09-23,2028-09-22
EMP11305,Employee 1305,Australia,People,L2,RSU,Active,2025-12-09,2026-04-16,2029-04-15
EMP11306,Employee 1306,Germany,People,L2,RSU,Active,2024-07-03,2024-08-21,2025-08-21
EMP11307,Employee 1307,India,Operations,L3,RSU,Active,2025-07-30,2026-05-15,2027-05-15
EMP11308,Employee 1308,Germany,Strategy,L3,Performance Share,Active,2025-12-19,2026-05-11,2027-05-11
EMP11309,Employee 1309,UK,Finance,L5,RSU,Active,2023-08-20,2024-05-26,2026-05-26
EMP11310,Employee 1310,Australia,People,L5,Stock Option,Active,2024-12-04,2025-05-31,2026-05-31
EMP11311,Employee 1311,Germany,Legal,L4,Stock Option,Active,2024-02-25,2024-11-08,2026-11-08
EMP11312,Employee 1312,USA,Risk,L3,ESPP,On Leave,2025-02-23,2025-12-15,2028-12-14
EMP11313,Employee 1313,USA,Legal,L3,RSU,Active,2024-02-15,2024-03-31,2027-03-31
EMP11314,Employee 1314,UK,People,L3,RSU,Active,2024-08-18,2024-12-19,2026-12-19
EMP11315,Employee 1315,Australia,Operations,L3,Performance Share,Active,2024-02-24,2024-04-21,2026-04-21
EMP11316,Employee 1316,USA,Operations,L4,Stock Option,Active,2025-01-07,2025-07-02,2026-07-02
EMP11317,Employee 1317,USA,Operations,L4,RSU,Active,2025-06-16,2025-09-04,2028-09-03
EMP11318,Employee 1318,USA,Operations,L4,Performance Share,Active,2026-02-24,2026-05-03,2029-05-02
EMP11319,Employee 1319,UK,Risk,L3,Performance Share,Active,2023-05-18,2024-02-15,2025-02-14
EMP11320,Employee 1320,Australia,People,L3,RSU,Active,2026-05-04,2026-08-02,2029-08-01
EMP11321,Employee 1321,USA,Finance,L3,RSU,Active,2024-01-17,2024-05-12,2027-05-12
EMP11322,Employee 1322,USA,Strategy,L3,RSU,Active,2024-05-17,2024-09-15,2026-09-15
EMP11323,Employee 1323,UK,Technology,L4,RSU,Active,2026-02-09,2026-04-18,2029-04-17
EMP11324,Employee 1324,USA,Strategy,L4,ESPP,Active,2023-12-11,2024-03-13,2026-03-13
EMP11325,Employee 1325,UK,Technology,L3,ESPP,Active,2024-07-03,2024-10-11,2026-10-11
EMP11326,Employee 1326,Singapore,Sales,L2,Performance Share,Active,2025-05-31,2025-09-19,2027-09-19
EMP11327,Employee 1327,UK,Technology,L4,Performance Share,Active,2024-03-12,2024-12-25,2025-12-25
EMP11328,Employee 1328,UK,Risk,L3,RSU,Active,2025-11-27,2026-04-07,2029-04-06
EMP11329,Employee 1329,UK,Risk,L5,RSU,Active,2025-11-27,2026-08-09,2028-08-08
EMP11330,Employee 1330,India,Legal,L3,RSU,Active,2026-04-05,2027-01-11,2028-01-11
EMP11331,Employee 1331,Australia,Operations,L2,RSU,Active,2023-09-08,2024-06-28,2025-06-28
EMP11332,Employee 1332,UK,Finance,L4,RSU,Active,2025-06-04,2026-01-12,2028-01-12
EMP11333,Employee 1333,USA,Finance,L1,ESPP,Active,2023-11-12,2024-05-29,2026-05-29
EMP11334,Employee 1334,UK,Sales,L2,RSU,Active,2026-04-21,2026-08-24,2027-08-24
EMP11335,Employee 1335,India,People,L3,Performance Share,Active,2023-12-06,2024-01-26,2025-01-25
EMP11336,Employee 1336,India,Technology,L4,RSU,Active,2026-01-17,2026-09-19,2029-09-18
EMP11337,Employee 1337,UK,Legal,L2,Performance Share,Active,2026-02-24,2026-08-24,2027-08-24
EMP11338,Employee 1338,India,Sales,L1,Performance Share,Active,2023-07-10,2023-10-26,2024-10-25
EMP11339,Employee 1339,India,Technology,L3,ESPP,Active,2024-11-07,2025-04-08,2027-04-08
EMP11340,Employee 1340,UK,Strategy,L4,Stock Option,Active,2024-02-06,2024-03-09,2026-03-09
EMP11341,Employee 1341,USA,Risk,L5,RSU,Active,2024-05-20,2024-10-13,2026-10-13
EMP11342,Employee 1342,UK,Legal,L2,RSU,Active,2025-03-16,2025-05-28,2026-05-28
EMP11343,Employee 1343,Germany,Legal,L2,RSU,Active,2025-12-26,2026-03-22,2027-03-22
EMP11344,Employee 1344,UK,Legal,L4,ESPP,Active,2023-08-28,2023-11-24,2024-11-23
EMP11345,Employee 1345,Germany,People,L4,RSU,Active,2023-04-03,2023-11-18,2024-11-17
EMP11346,Employee 1346,UK,Technology,L2,Stock Option,Active,2025-12-04,2026-09-04,2027-09-04
EMP11347,Employee 1347,Germany,People,L2,ESPP,Active,2024-07-18,2025-02-17,2027-02-17
EMP11348,Employee 1348,UK,People,L2,RSU,Active,2024-02-05,2024-05-11,2027-05-11
EMP11349,Employee 1349,UK,Finance,L2,RSU,Active,2023-12-17,2024-05-15,2026-05-15
EMP11350,Employee 1350,UK,Technology,L3,Performance Share,Active,2025-08-24,2026-03-13,2028-03-12
EMP11351,Employee 1351,USA,Technology,L2,Performance Share,Active,2024-05-08,2024-06-24,2027-06-24
EMP11352,Employee 1352,UK,Risk,L1,ESPP,Active,2023-05-29,2024-01-07,2026-01-06
EMP11353,Employee 1353,UK,Finance,L5,Stock Option,Active,2025-02-07,2025-06-22,2028-06-21
EMP11354,Employee 1354,USA,Technology,L3,Stock Option,Active,2024-09-08,2024-12-18,2026-12-18
EMP11355,Employee 1355,UK,Finance,L1,Performance Share,Active,2024-01-23,2024-10-23,2025-10-23
EMP11356,Employee 1356,USA,Sales,L4,Performance Share,Active,2023-01-02,2023-04-04,2025-04-03
EMP11357,Employee 1357,India,Finance,L2,RSU,Active,2024-04-26,2025-01-06,2026-01-06
EMP11358,Employee 1358,UK,Operations,L3,RSU,Active,2024-08-26,2024-10-03,2025-10-03
EMP11359,Employee 1359,Germany,Sales,L3,ESPP,Active,2024-05-30,2024-10-04,2027-10-04
EMP11360,Employee 1360,India,Risk,L4,Performance Share,On Leave,2024-04-16,2024-11-11,2026-11-11
EMP11361,Employee 1361,India,People,L5,Stock Option,Active,2026-05-29,2026-07-06,2028-07-05
EMP11362,Employee 1362,USA,Risk,L2,ESPP,Active,2023-01-11,2023-09-01,2024-08-31
EMP11363,Employee 1363,Australia,People,L1,RSU,Active,2024-11-29,2025-05-06,2028-05-05
EMP11364,Employee 1364,UK,People,L2,RSU,Active,2024-05-13,2024-09-25,2026-09-25
EMP11365,Employee 1365,UK,Sales,L2,RSU,Active,2026-05-13,2027-02-19,2028-02-19
EMP11366,Employee 1366,Germany,Technology,L2,Stock Option,Active,2024-10-20,2025-02-05,2027-02-05
EMP11367,Employee 1367,India,Finance,L3,ESPP,Active,2025-12-04,2026-03-31,2028-03-30
EMP11368,Employee 1368,USA,Finance,L3,Performance Share,Active,2023-09-30,2024-03-07,2026-03-07
EMP11369,Employee 1369,India,Finance,L5,Stock Option,Active,2025-08-05,2025-11-16,2026-11-16
EMP11370,Employee 1370,Australia,Technology,L5,RSU,Active,2023-10-29,2024-03-07,2025-03-07
EMP11371,Employee 1371,India,Technology,L3,RSU,Active,2024-11-27,2025-03-12,2027-03-12
EMP11372,Employee 1372,Singapore,Sales,L3,Performance Share,Active,2025-11-16,2026-04-10,2029-04-09
EMP11373,Employee 1373,USA,Sales,L4,RSU,Active,2023-01-23,2023-04-16,2026-04-15
EMP11374,Employee 1374,UK,Strategy,L4,RSU,Active,2024-11-08,2025-04-16,2028-04-15
EMP11375,Employee 1375,India,Operations,L4,Performance Share,On Leave,2026-01-04,2026-09-22,2029-09-21
EMP11376,Employee 1376,Australia,Risk,L3,Performance Share,Active,2024-11-07,2025-01-25,2027-01-25
EMP11377,Employee 1377,USA,Risk,L1,RSU,Active,2023-11-08,2024-02-15,2025-02-14
EMP11378,Employee 1378,India,People,L2,RSU,Active,2023-12-03,2024-05-25,2025-05-25
EMP11379,Employee 1379,UK,Legal,L2,Stock Option,Active,2025-07-21,2026-03-16,2028-03-15
EMP11380,Employee 1380,USA,Finance,L3,ESPP,On Leave,2024-11-12,2025-06-12,2026-06-12
EMP11381,Employee 1381,India,Strategy,L3,ESPP,Active,2025-03-20,2025-08-13,2026-08-13
EMP11382,Employee 1382,India,Sales,L2,Performance Share,Active,2025-12-02,2026-09-09,2029-09-08
EMP11383,Employee 1383,India,Sales,L4,Performance Share,Active,2025-02-01,2025-03-18,2026-03-18
EMP11384,Employee 1384,India,Finance,L3,RSU,Active,2024-09-30,2024-12-30,2025-12-30
EMP11385,Employee 1385,India,People,L3,ESPP,Active,2026-04-30,2026-10-17,2029-10-16
EMP11386,Employee 1386,India,Legal,L3,Performance Share,Active,2023-11-24,2024-07-02,2025-07-02
EMP11387,Employee 1387,India,People,L3,RSU,Active,2023-09-25,2024-05-29,2025-05-29
EMP11388,Employee 1388,UK,Risk,L3,ESPP,Active,2024-03-27,2024-05-28,2025-05-28
EMP11389,Employee 1389,UK,Sales,L3,RSU,Active,2025-07-22,2025-11-18,2028-11-17
EMP11390,Employee 1390,India,Sales,L4,Stock Option,Active,2025-02-17,2025-10-30,2028-10-29
EMP11391,Employee 1391,Australia,Strategy,L3,RSU,Active,2023-01-08,2023-04-28,2025-04-27
EMP11392,Employee 1392,India,People,L3,Performance Share,Active,2025-10-13,2026-07-05,2027-07-05
EMP11393,Employee 1393,USA,Sales,L4,ESPP,Active,2023-06-11,2023-11-12,2024-11-11
EMP11394,Employee 1394,Australia,People,L3,ESPP,Active,2024-05-16,2024-07-18,2026-07-18
EMP11395,Employee 1395,Singapore,Sales,L2,RSU,Active,2023-08-08,2024-01-06,2025-01-05
EMP11396,Employee 1396,USA,Strategy,L3,Stock Option,Active,2025-05-27,2025-09-13,2027-09-13
EMP11397,Employee 1397,USA,People,L4,ESPP,Active,2024-06-28,2024-12-01,2026-12-01
EMP11398,Employee 1398,USA,Legal,L3,Performance Share,Active,2023-12-19,2024-08-18,2025-08-18
EMP11399,Employee 1399,UK,Sales,L3,RSU,Active,2026-04-05,2026-09-26,2028-09-25
EMP11400,Employee 1400,UK,People,L1,RSU,Active,2024-07-02,2024-09-05,2027-09-05
EMP11401,Employee 1401,UK,Finance,L1,Stock Option,Active,2026-03-10,2026-08-24,2029-08-23
EMP11402,Employee 1402,UK,Technology,L2,RSU,Active,2025-02-28,2025-07-10,2026-07-10
EMP11403,Employee 1403,USA,Risk,L5,RSU,Active,2024-08-05,2024-12-31,2025-12-31
EMP11404,Employee 1404,USA,Operations,L2,RSU,Active,2023-12-18,2024-10-11,2026-10-11
EMP11405,Employee 1405,UK,People,L2,RSU,Active,2023-10-03,2024-04-26,2027-04-26
EMP11406,Employee 1406,Australia,Technology,L3,ESPP,Active,2025-02-06,2025-03-18,2026-03-18
EMP11407,Employee 1407,India,Sales,L4,Stock Option,Active,2024-07-14,2024-12-09,2026-12-09
EMP11408,Employee 1408,USA,Risk,L5,ESPP,Active,2024-08-05,2025-04-14,2028-04-13
EMP11409,Employee 1409,UK,Legal,L3,Stock Option,Active,2026-05-01,2026-06-05,2027-06-05
EMP11410,Employee 1410,Australia,Risk,L1,Performance Share,Active,2024-05-09,2024-06-20,2026-06-20
EMP11411,Employee 1411,UK,Sales,L3,Stock Option,On Leave,2025-04-02,2025-09-14,2028-09-13
EMP11412,Employee 1412,UK,Finance,L4,RSU,Terminated,2025-09-27,2026-07-13,2029-07-12
EMP11413,Employee 1413,India,Risk,L2,Stock Option,Active,2024-12-15,2025-06-19,2026-06-19
EMP11414,Employee 1414,India,People,L1,Performance Share,Active,2024-12-12,2025-07-28,2028-07-27
EMP11415,Employee 1415,USA,Strategy,L5,Stock Option,Active,2023-03-14,2023-09-16,2025-09-15
EMP11416,Employee 1416,Germany,Legal,L4,RSU,Active,2025-01-09,2025-03-15,2027-03-15
EMP11417,Employee 1417,UK,Operations,L4,RSU,Active,2023-07-30,2023-12-01,2024-11-30
EMP11418,Employee 1418,USA,People,L2,RSU,Active,2024-11-24,2025-09-13,2028-09-12
EMP11419,Employee 1419,India,People,L4,RSU,Active,2024-10-05,2025-02-18,2028-02-18
EMP11420,Employee 1420,Singapore,Sales,L2,RSU,Active,2024-03-27,2024-07-12,2025-07-12
EMP11421,Employee 1421,USA,People,L2,ESPP,Active,2024-12-24,2025-08-18,2027-08-18
EMP11422,Employee 1422,Singapore,Risk,L1,RSU,Active,2023-06-06,2023-10-09,2025-10-08
EMP11423,Employee 1423,Australia,People,L2,RSU,Active,2026-04-02,2026-06-04,2027-06-04
EMP11424,Employee 1424,Singapore,Operations,L4,Performance Share,On Leave,2023-02-04,2023-04-03,2026-04-02
EMP11425,Employee 1425,UK,Finance,L4,RSU,Active,2026-01-10,2026-03-21,2029-03-20
EMP11426,Employee 1426,USA,Operations,L3,Stock Option,Active,2026-05-14,2026-12-05,2027-12-05
EMP11427,Employee 1427,Singapore,Finance,L3,RSU,Active,2024-10-11,2025-04-22,2027-04-22
EMP11428,Employee 1428,Singapore,Legal,L2,RSU,Active,2024-03-30,2024-11-21,2025-11-21
EMP11429,Employee 1429,Germany,Strategy,L1,RSU,Active,2024-10-11,2025-01-24,2028-01-24
EMP11430,Employee 1430,India,Operations,L2,RSU,Active,2024-08-14,2025-04-30,2026-04-30
EMP11431,Employee 1431,UK,Operations,L4,RSU,Active,2026-05-20,2026-07-14,2028-07-13
EMP11432,Employee 1432,Singapore,Legal,L3,Performance Share,Active,2025-09-22,2026-03-04,2028-03-03
EMP11433,Employee 1433,UK,Strategy,L1,RSU,Active,2024-10-09,2025-01-15,2027-01-15
EMP11434,Employee 1434,USA,Risk,L2,RSU,Active,2024-08-11,2025-01-07,2026-01-07
EMP11435,Employee 1435,UK,Risk,L3,RSU,Active,2024-03-23,2024-10-05,2027-10-05
EMP11436,Employee 1436,India,Finance,L2,RSU,On Leave,2025-09-17,2025-12-09,2026-12-09
EMP11437,Employee 1437,USA,Strategy,L2,RSU,On Leave,2023-03-28,2023-05-02,2025-05-01
EMP11438,Employee 1438,UK,Sales,L3,Performance Share,Active,2026-05-30,2026-09-06,2029-09-05
EMP11439,Employee 1439,India,Finance,L4,RSU,Active,2024-02-17,2024-05-01,2025-05-01
EMP11440,Employee 1440,UK,Operations,L2,ESPP,On Leave,2023-11-07,2024-06-06,2025-06-06
EMP11441,Employee 1441,Australia,Finance,L3,RSU,Active,2023-02-20,2023-09-16,2025-09-15
EMP11442,Employee 1442,Singapore,People,L4,ESPP,Active,2025-09-20,2026-07-13,2029-07-12
EMP11443,Employee 1443,USA,Sales,L3,Performance Share,Active,2023-12-12,2024-05-05,2027-05-05
EMP11444,Employee 1444,India,Strategy,L3,RSU,Active,2025-05-01,2025-10-14,2027-10-14
EMP11445,Employee 1445,Germany,Strategy,L4,RSU,Active,2026-04-12,2026-05-21,2027-05-21
EMP11446,Employee 1446,UK,People,L4,ESPP,Active,2024-06-07,2024-12-06,2025-12-06
EMP11447,Employee 1447,USA,Risk,L1,Stock Option,Active,2023-04-04,2023-08-02,2025-08-01
EMP11448,Employee 1448,UK,Risk,L3,Performance Share,Active,2024-12-10,2025-03-21,2028-03-20
EMP11449,Employee 1449,USA,Finance,L1,ESPP,Active,2025-03-20,2025-10-24,2028-10-23
EMP11450,Employee 1450,UK,Risk,L2,ESPP,Active,2026-03-04,2026-06-18,2027-06-18
EMP11451,Employee 1451,UK,Strategy,L1,RSU,Active,2026-04-12,2026-07-26,2027-07-26
EMP11452,Employee 1452,Germany,Legal,L2,RSU,Active,2025-10-23,2026-03-26,2027-03-26
EMP11453,Employee 1453,UK,Sales,L4,Performance Share,Active,2024-03-23,2024-10-30,2027-10-30
EMP11454,Employee 1454,Germany,Sales,L2,Stock Option,Active,2025-02-26,2025-08-10,2027-08-10
EMP11455,Employee 1455,USA,Finance,L1,ESPP,Active,2023-10-22,2023-11-28,2024-11-27
EMP11456,Employee 1456,USA,Operations,L2,Performance Share,Active,2025-11-08,2026-07-18,2027-07-18
EMP11457,Employee 1457,USA,Technology,L4,Performance Share,Active,2025-12-26,2026-07-12,2028-07-11
EMP11458,Employee 1458,Germany,Sales,L3,ESPP,Active,2024-09-10,2025-05-29,2028-05-28
EMP11459,Employee 1459,UK,Sales,L3,Stock Option,Active,2024-10-21,2025-02-03,2027-02-03
EMP11460,Employee 1460,Germany,Operations,L3,ESPP,Active,2024-02-18,2024-07-14,2025-07-14
EMP11461,Employee 1461,India,Technology,L2,ESPP,Active,2023-12-11,2024-06-20,2026-06-20
EMP11462,Employee 1462,UK,Technology,L4,Performance Share,Active,2023-05-16,2023-12-21,2024-12-20
EMP11463,Employee 1463,Germany,Legal,L3,ESPP,Active,2025-06-11,2026-03-01,2027-03-01
EMP11464,Employee 1464,UK,Risk,L2,Stock Option,Active,2024-09-26,2024-12-17,2025-12-17
EMP11465,Employee 1465,India,People,L2,Performance Share,Active,2024-01-03,2024-03-22,2027-03-22
EMP11466,Employee 1466,Australia,Finance,L5,ESPP,Active,2025-02-27,2025-07-14,2027-07-14
EMP11467,Employee 1467,UK,Risk,L4,Performance Share,Active,2025-03-09,2025-11-05,2028-11-04
EMP11468,Employee 1468,Singapore,Operations,L3,Stock Option,Active,2025-07-08,2025-09-17,2026-09-17
EMP11469,Employee 1469,USA,Strategy,L3,RSU,Active,2025-05-30,2025-09-12,2028-09-11
EMP11470,Employee 1470,USA,Legal,L3,RSU,Active,2023-08-29,2023-11-30,2025-11-29
EMP11471,Employee 1471,UK,Strategy,L1,Performance Share,Terminated,2024-05-02,2024-12-03,2026-12-03
EMP11472,Employee 1472,USA,Sales,L1,RSU,Active,2025-06-29,2025-10-12,2028-10-11
EMP11473,Employee 1473,Australia,People,L3,ESPP,Active,2025-04-19,2025-12-22,2028-12-21
EMP11474,Employee 1474,UK,Sales,L3,RSU,Active,2023-09-02,2024-06-05,2026-06-05
EMP11475,Employee 1475,Germany,People,L4,Performance Share,Active,2023-03-30,2023-07-18,2026-07-17
EMP11476,Employee 1476,Germany,Sales,L3,Stock Option,Active,2023-02-19,2023-06-25,2026-06-24
EMP11477,Employee 1477,India,Finance,L4,Stock Option,Active,2025-12-22,2026-05-10,2029-05-09
EMP11478,Employee 1478,Germany,Strategy,L3,RSU,Active,2024-01-04,2024-07-14,2027-07-14
EMP11479,Employee 1479,Germany,People,L3,Stock Option,Active,2023-05-12,2024-01-06,2025-01-05
EMP11480,Employee 1480,UK,People,L3,Performance Share,On Leave,2025-12-16,2026-03-23,2029-03-22
EMP11481,Employee 1481,Singapore,Strategy,L5,RSU,Active,2025-11-22,2026-01-03,2029-01-02
EMP11482,Employee 1482,Germany,Legal,L5,RSU,Active,2026-02-28,2026-12-09,2029-12-08
EMP11483,Employee 1483,Australia,Technology,L4,ESPP,Active,2025-04-01,2025-12-12,2026-12-12
EMP11484,Employee 1484,UK,Legal,L3,RSU,Active,2025-09-29,2026-07-15,2029-07-14
EMP11485,Employee 1485,India,Technology,L2,Stock Option,Active,2023-12-03,2024-07-26,2026-07-26
EMP11486,Employee 1486,USA,Strategy,L1,Stock Option,Active,2026-02-07,2026-04-05,2027-04-05
EMP11487,Employee 1487,India,Risk,L4,ESPP,Active,2024-07-02,2024-08-20,2026-08-20
EMP11488,Employee 1488,India,Risk,L2,ESPP,Active,2024-05-13,2024-12-05,2027-12-05
EMP11489,Employee 1489,UK,Operations,L3,RSU,Active,2025-11-19,2026-08-27,2028-08-26
EMP11490,Employee 1490,UK,People,L4,RSU,Active,2025-06-21,2026-01-01,2027-01-01
EMP11491,Employee 1491,India,Sales,L2,Performance Share,Terminated,2023-01-23,2023-11-01,2025-10-31
EMP11492,Employee 1492,India,Risk,L4,ESPP,Active,2025-01-18,2025-02-26,2026-02-26
EMP11493,Employee 1493,USA,Operations,L2,RSU,Active,2025-01-15,2025-07-25,2028-07-24
EMP11494,Employee 1494,Germany,People,L4,ESPP,On Leave,2025-10-08,2026-03-18,2028-03-17
EMP11495,Employee 1495,UK,Sales,L4,ESPP,Active,2024-08-19,2024-11-07,2027-11-07
EMP11496,Employee 1496,India,Technology,L2,ESPP,Active,2023-08-07,2024-01-15,2025-01-14
EMP11497,Employee 1497,Australia,Sales,L3,ESPP,Active,2024-07-27,2024-09-28,2026-09-28
EMP11498,Employee 1498,Australia,Technology,L3,ESPP,Active,2024-03-31,2024-07-14,2027-07-14
EMP11499,Employee 1499,UK,Operations,L3,Stock Option,Active,2025-10-17,2026-08-10,2028-08-09
EMP11500,Employee 1500,USA,Technology,L4,Stock Option,Active,2025-05-19,2026-03-14,2028-03-13
EMP11501,Employee 1501,UK,Technology,L3,ESPP,Active,2024-09-20,2025-02-24,2027-02-24
EMP11502,Employee 1502,Germany,Technology,L3,RSU,Active,2025-05-07,2025-10-19,2028-10-18
EMP11503,Employee 1503,UK,Operations,L3,Stock Option,Active,2025-08-24,2025-11-16,2027-11-16
EMP11504,Employee 1504,USA,Legal,L2,ESPP,Active,2023-12-21,2024-04-16,2027-04-16
EMP11505,Employee 1505,India,Technology,L3,RSU,On Leave,2025-05-15,2026-03-06,2028-03-05
EMP11506,Employee 1506,India,Finance,L3,Stock Option,Active,2023-05-10,2023-12-31,2025-12-30
EMP11507,Employee 1507,UK,Legal,L4,ESPP,Active,2024-12-23,2025-10-17,2028-10-16
EMP11508,Employee 1508,India,Risk,L3,RSU,Active,2025-04-13,2025-05-30,2026-05-30
EMP11509,Employee 1509,India,Technology,L5,Performance Share,Active,2025-06-15,2026-01-28,2027-01-28
EMP11510,Employee 1510,USA,Sales,L3,RSU,Active,2025-09-03,2025-11-14,2027-11-14
EMP11511,Employee 1511,India,Legal,L3,Performance Share,Active,2023-03-24,2023-10-12,2026-10-11
EMP11512,Employee 1512,USA,Finance,L2,ESPP,Active,2024-02-08,2024-06-28,2026-06-28
EMP11513,Employee 1513,USA,Operations,L4,RSU,Active,2025-08-30,2025-12-30,2028-12-29
EMP11514,Employee 1514,USA,Legal,L1,RSU,Active,2023-04-26,2023-10-20,2025-10-19
EMP11515,Employee 1515,Germany,Strategy,L2,RSU,Active,2025-10-19,2026-01-17,2029-01-16
EMP11516,Employee 1516,USA,Sales,L2,RSU,Active,2026-01-22,2026-05-08,2029-05-07
EMP11517,Employee 1517,USA,Risk,L4,RSU,Active,2025-05-23,2025-10-22,2028-10-21
EMP11518,Employee 1518,USA,Finance,L3,RSU,Active,2025-10-16,2026-08-07,2029-08-06
EMP11519,Employee 1519,USA,Risk,L2,RSU,Terminated,2024-09-10,2024-10-24,2027-10-24
EMP11520,Employee 1520,India,Operations,L4,RSU,Active,2026-03-04,2026-12-07,2028-12-06
EMP11521,Employee 1521,UK,Legal,L4,RSU,Active,2024-11-24,2025-03-13,2026-03-13
EMP11522,Employee 1522,USA,Legal,L1,Performance Share,Active,2023-04-02,2023-05-18,2025-05-17
EMP11523,Employee 1523,UK,Sales,L2,ESPP,Terminated,2024-09-12,2024-12-05,2025-12-05
EMP11524,Employee 1524,USA,Technology,L4,RSU,Active,2023-12-27,2024-05-21,2026-05-21
EMP11525,Employee 1525,Australia,Technology,L4,ESPP,Active,2024-06-24,2025-02-28,2027-02-28
EMP11526,Employee 1526,Singapore,Risk,L4,RSU,Active,2023-12-12,2024-01-29,2026-01-28
EMP11527,Employee 1527,Singapore,Legal,L4,Performance Share,Active,2026-03-21,2026-05-11,2027-05-11
EMP11528,Employee 1528,UK,Legal,L2,RSU,Active,2025-11-18,2026-05-09,2027-05-09
EMP11529,Employee 1529,UK,Operations,L1,Stock Option,Active,2025-07-19,2026-04-18,2027-04-18
EMP11530,Employee 1530,UK,Sales,L3,RSU,Active,2023-01-11,2023-08-12,2025-08-11
EMP11531,Employee 1531,USA,People,L1,RSU,Active,2024-08-09,2024-09-27,2025-09-27
EMP11532,Employee 1532,UK,Technology,L3,Performance Share,Active,2024-05-26,2024-07-16,2025-07-16
EMP11533,Employee 1533,UK,Legal,L4,RSU,Active,2024-07-08,2024-09-08,2027-09-08
EMP11534,Employee 1534,Germany,Strategy,L3,RSU,Active,2023-10-26,2024-05-29,2025-05-29
EMP11535,Employee 1535,India,Operations,L3,ESPP,Active,2026-02-22,2026-05-10,2027-05-10
EMP11536,Employee 1536,UK,Operations,L3,Stock Option,Active,2024-03-05,2024-07-04,2027-07-04
EMP11537,Employee 1537,India,Legal,L2,RSU,Active,2026-03-18,2026-10-22,2029-10-21
EMP11538,Employee 1538,USA,People,L2,ESPP,Active,2024-04-20,2025-02-05,2027-02-05
EMP11539,Employee 1539,India,Strategy,L4,RSU,Active,2024-04-25,2025-02-10,2026-02-10
EMP11540,Employee 1540,UK,Finance,L4,Performance Share,Active,2023-07-15,2024-01-24,2026-01-23
EMP11541,Employee 1541,India,Legal,L3,Stock Option,Active,2024-11-27,2025-01-19,2028-01-19
EMP11542,Employee 1542,UK,Risk,L2,RSU,Active,2026-05-29,2026-08-01,2028-07-31
EMP11543,Employee 1543,Singapore,Legal,L4,RSU,Active,2025-12-28,2026-05-03,2027-05-03
EMP11544,Employee 1544,Germany,Finance,L2,RSU,Active,2025-04-05,2025-06-27,2028-06-26
EMP11545,Employee 1545,UK,Technology,L4,Performance Share,Active,2024-02-24,2024-12-11,2025-12-11
EMP11546,Employee 1546,USA,Operations,L3,Stock Option,Active,2025-10-19,2026-04-01,2028-03-31
EMP11547,Employee 1547,Australia,Operations,L2,Stock Option,Active,2025-10-21,2026-06-14,2027-06-14
EMP11548,Employee 1548,USA,Legal,L3,RSU,Active,2025-04-25,2025-11-23,2026-11-23
EMP11549,Employee 1549,UK,Operations,L3,RSU,Active,2025-07-15,2025-08-25,2026-08-25
EMP11550,Employee 1550,UK,Risk,L2,Performance Share,Active,2026-03-25,2026-12-21,2029-12-20
EMP11551,Employee 1551,India,Technology,L2,RSU,Active,2026-03-03,2026-07-26,2028-07-25
EMP11552,Employee 1552,UK,Strategy,L3,Stock Option,Active,2023-10-17,2024-02-04,2025-02-03
EMP11553,Employee 1553,Australia,Strategy,L4,RSU,Active,2026-02-15,2026-11-03,2028-11-02
EMP11554,Employee 1554,India,Operations,L1,RSU,Active,2023-12-13,2024-08-04,2025-08-04
EMP11555,Employee 1555,India,Legal,L2,RSU,Active,2024-09-09,2025-04-08,2028-04-07
EMP11556,Employee 1556,Singapore,Risk,L1,Stock Option,Active,2025-06-26,2025-09-22,2026-09-22
EMP11557,Employee 1557,UK,Finance,L5,RSU,Active,2025-03-20,2026-01-03,2029-01-02
EMP11558,Employee 1558,India,Sales,L2,Stock Option,On Leave,2023-09-19,2023-11-19,2025-11-18
EMP11559,Employee 1559,India,Sales,L3,RSU,Active,2024-02-21,2024-04-22,2025-04-22
EMP11560,Employee 1560,UK,Risk,L1,Performance Share,Active,2025-12-30,2026-10-04,2028-10-03
EMP11561,Employee 1561,Singapore,Technology,L3,RSU,Active,2024-07-13,2024-10-21,2025-10-21
EMP11562,Employee 1562,USA,Operations,L3,Stock Option,Active,2025-10-10,2026-08-04,2027-08-04
EMP11563,Employee 1563,UK,Technology,L3,Stock Option,Active,2024-11-27,2025-06-23,2028-06-22
EMP11564,Employee 1564,India,Finance,L3,Stock Option,Active,2023-11-21,2024-05-05,2027-05-05
EMP11565,Employee 1565,India,Finance,L2,RSU,Active,2024-05-04,2024-09-06,2025-09-06
EMP11566,Employee 1566,Germany,Technology,L4,RSU,On Leave,2025-12-21,2026-07-05,2029-07-04
EMP11567,Employee 1567,USA,People,L4,Stock Option,Active,2024-08-02,2024-10-31,2026-10-31
EMP11568,Employee 1568,Germany,Technology,L2,ESPP,On Leave,2026-01-23,2026-07-30,2028-07-29
EMP11569,Employee 1569,Singapore,Risk,L3,RSU,On Leave,2025-05-03,2025-06-23,2027-06-23
EMP11570,Employee 1570,Singapore,People,L1,ESPP,Active,2023-08-07,2023-10-18,2024-10-17
EMP11571,Employee 1571,India,Strategy,L4,Stock Option,Active,2025-01-31,2025-08-27,2028-08-26
EMP11572,Employee 1572,Australia,Legal,L4,RSU,Active,2024-06-12,2024-09-25,2027-09-25
EMP11573,Employee 1573,India,People,L3,ESPP,Active,2026-01-27,2026-11-01,2027-11-01
EMP11574,Employee 1574,Australia,Strategy,L3,RSU,Active,2024-12-25,2025-07-01,2026-07-01
EMP11575,Employee 1575,USA,Strategy,L4,RSU,Active,2024-05-17,2025-01-11,2027-01-11
EMP11576,Employee 1576,India,Risk,L3,Performance Share,Active,2026-01-30,2026-09-05,2028-09-04
EMP11577,Employee 1577,UK,People,L1,RSU,Active,2024-04-03,2025-01-19,2026-01-19
EMP11578,Employee 1578,USA,Operations,L3,Performance Share,On Leave,2026-03-31,2026-06-17,2028-06-16
EMP11579,Employee 1579,USA,Risk,L3,RSU,Active,2023-11-02,2024-01-11,2026-01-10
EMP11580,Employee 1580,USA,Finance,L5,ESPP,Active,2025-10-15,2026-07-23,2027-07-23
EMP11581,Employee 1581,UK,Technology,L3,RSU,Active,2025-07-02,2026-04-02,2027-04-02
EMP11582,Employee 1582,UK,Operations,L2,ESPP,On Leave,2023-02-05,2023-10-10,2026-10-09
EMP11583,Employee 1583,USA,Finance,L4,RSU,Active,2025-01-04,2025-02-14,2026-02-14
EMP11584,Employee 1584,Australia,People,L5,RSU,Active,2023-02-08,2023-04-21,2024-04-20
EMP11585,Employee 1585,UK,Operations,L2,RSU,Active,2024-02-23,2024-07-05,2026-07-05
EMP11586,Employee 1586,Australia,Operations,L2,Performance Share,Active,2025-11-10,2026-04-25,2027-04-25
EMP11587,Employee 1587,Germany,Risk,L3,RSU,Active,2026-04-20,2026-06-15,2028-06-14
EMP11588,Employee 1588,UK,Sales,L4,RSU,Active,2024-04-13,2024-05-20,2027-05-20
EMP11589,Employee 1589,Singapore,Legal,L4,Stock Option,Terminated,2024-12-03,2025-03-05,2026-03-05
EMP11590,Employee 1590,India,Finance,L3,RSU,Active,2026-03-23,2026-06-08,2029-06-07
EMP11591,Employee 1591,UK,Finance,L4,RSU,Active,2024-12-26,2025-03-11,2026-03-11
EMP11592,Employee 1592,UK,Strategy,L4,ESPP,Active,2023-03-07,2023-06-28,2026-06-27
EMP11593,Employee 1593,India,Operations,L1,RSU,Active,2025-02-26,2025-08-06,2028-08-05
EMP11594,Employee 1594,UK,Sales,L5,Performance Share,On Leave,2025-04-23,2025-06-29,2028-06-28
EMP11595,Employee 1595,USA,Strategy,L4,ESPP,Active,2023-01-21,2023-10-11,2025-10-10
EMP11596,Employee 1596,India,Finance,L3,ESPP,Active,2024-09-13,2025-01-04,2026-01-04
EMP11597,Employee 1597,India,Finance,L4,Performance Share,Active,2023-06-15,2023-09-16,2025-09-15
EMP11598,Employee 1598,Australia,Strategy,L4,RSU,Active,2025-06-25,2025-11-08,2028-11-07
EMP11599,Employee 1599,Germany,Operations,L1,Performance Share,Terminated,2023-07-27,2024-03-05,2025-03-05
EMP11600,Employee 1600,India,Operations,L3,RSU,Active,2025-01-23,2025-11-02,2027-11-02
EMP11601,Employee 1601,India,Operations,L2,Performance Share,Active,2024-07-09,2024-08-18,2027-08-18
EMP11602,Employee 1602,USA,Risk,L2,ESPP,Active,2025-08-26,2025-11-28,2026-11-28
EMP11603,Employee 1603,India,Risk,L4,RSU,Active,2024-02-09,2024-11-12,2027-11-12
EMP11604,Employee 1604,Australia,Strategy,L3,RSU,Active,2023-06-23,2023-11-27,2024-11-26
EMP11605,Employee 1605,India,Strategy,L2,RSU,Active,2024-11-28,2025-04-30,2026-04-30
EMP11606,Employee 1606,UK,Legal,L2,RSU,Active,2024-05-30,2025-02-05,2027-02-05
EMP11607,Employee 1607,UK,Finance,L3,ESPP,Active,2023-02-15,2023-11-02,2026-11-01
EMP11608,Employee 1608,UK,Risk,L2,RSU,Active,2025-02-27,2025-10-16,2026-10-16
EMP11609,Employee 1609,UK,Sales,L3,ESPP,Active,2023-02-01,2023-03-10,2025-03-09
EMP11610,Employee 1610,Germany,Risk,L4,Stock Option,On Leave,2024-04-03,2024-06-08,2025-06-08
EMP11611,Employee 1611,USA,Operations,L3,Stock Option,Active,2025-03-30,2025-06-08,2028-06-07
EMP11612,Employee 1612,USA,Legal,L3,ESPP,Terminated,2023-06-27,2024-03-11,2025-03-11
EMP11613,Employee 1613,Germany,People,L5,RSU,Active,2025-07-02,2026-02-14,2029-02-13
EMP11614,Employee 1614,USA,Risk,L3,RSU,Active,2026-03-17,2026-06-01,2029-05-31
EMP11615,Employee 1615,USA,Sales,L2,RSU,Active,2024-06-22,2024-08-03,2027-08-03
EMP11616,Employee 1616,UK,Risk,L3,RSU,Active,2025-02-19,2025-05-12,2027-05-12
EMP11617,Employee 1617,India,People,L3,Stock Option,Active,2024-02-05,2024-04-04,2025-04-04
EMP11618,Employee 1618,USA,Operations,L5,RSU,Active,2024-10-19,2025-05-25,2028-05-24
EMP11619,Employee 1619,Australia,Sales,L1,RSU,Active,2025-01-22,2025-07-25,2026-07-25
EMP11620,Employee 1620,India,Operations,L2,Performance Share,Active,2023-10-21,2024-02-05,2027-02-04
EMP11621,Employee 1621,India,Operations,L4,RSU,Active,2025-11-15,2026-01-26,2027-01-26
EMP11622,Employee 1622,India,Technology,L1,Performance Share,Active,2023-06-06,2023-12-03,2026-12-02
EMP11623,Employee 1623,India,Sales,L3,RSU,Active,2025-10-29,2026-05-15,2027-05-15
EMP11624,Employee 1624,USA,Technology,L4,ESPP,Terminated,2024-12-15,2025-09-02,2028-09-01
EMP11625,Employee 1625,Germany,Risk,L1,RSU,Active,2024-07-25,2024-09-07,2025-09-07
EMP11626,Employee 1626,Germany,Risk,L2,Stock Option,Active,2024-02-03,2024-06-07,2027-06-07
EMP11627,Employee 1627,USA,Sales,L2,RSU,Terminated,2024-09-29,2025-06-10,2028-06-09
EMP11628,Employee 1628,UK,Legal,L3,Stock Option,Active,2023-08-07,2023-10-07,2026-10-06
EMP11629,Employee 1629,UK,People,L3,RSU,Active,2023-04-27,2024-01-04,2027-01-03
EMP11630,Employee 1630,USA,Finance,L4,RSU,Active,2023-09-08,2024-01-18,2026-01-17
EMP11631,Employee 1631,Germany,Sales,L1,Stock Option,Active,2024-02-25,2024-06-15,2027-06-15
EMP11632,Employee 1632,UK,People,L2,RSU,Active,2025-12-03,2026-04-07,2029-04-06
EMP11633,Employee 1633,Australia,Legal,L4,ESPP,Active,2023-06-25,2023-11-23,2026-11-22
EMP11634,Employee 1634,Australia,Finance,L4,RSU,Active,2023-04-01,2023-05-09,2026-05-08
EMP11635,Employee 1635,UK,Legal,L2,Stock Option,Active,2024-06-15,2024-11-01,2026-11-01
EMP11636,Employee 1636,Germany,Operations,L1,ESPP,Active,2024-09-18,2024-10-25,2025-10-25
EMP11637,Employee 1637,USA,Risk,L2,Performance Share,Active,2025-06-01,2026-01-18,2029-01-17
EMP11638,Employee 1638,Australia,Risk,L4,ESPP,On Leave,2024-11-25,2025-01-26,2027-01-26
EMP11639,Employee 1639,USA,Operations,L2,RSU,Active,2025-03-11,2025-06-17,2027-06-17
EMP11640,Employee 1640,USA,Finance,L2,ESPP,Active,2023-07-08,2023-11-09,2024-11-08
EMP11641,Employee 1641,Australia,Strategy,L2,RSU,Active,2025-12-22,2026-09-22,2029-09-21
EMP11642,Employee 1642,Singapore,Legal,L3,Performance Share,Active,2025-04-01,2025-11-21,2026-11-21
EMP11643,Employee 1643,India,People,L3,ESPP,Active,2023-11-17,2024-02-11,2026-02-10
EMP11644,Employee 1644,India,Risk,L2,RSU,Active,2025-10-01,2026-04-03,2027-04-03
EMP11645,Employee 1645,Germany,People,L3,RSU,Active,2025-07-24,2025-12-30,2027-12-30
EMP11646,Employee 1646,UK,Strategy,L5,RSU,Active,2025-05-18,2025-11-14,2028-11-13
EMP11647,Employee 1647,India,Operations,L3,RSU,Active,2024-10-01,2025-01-24,2026-01-24
EMP11648,Employee 1648,UK,Legal,L3,Performance Share,Active,2023-09-28,2024-05-10,2027-05-10
EMP11649,Employee 1649,India,Technology,L4,RSU,Active,2025-10-21,2026-01-21,2028-01-21
EMP11650,Employee 1650,USA,Finance,L3,RSU,Active,2025-01-22,2025-10-27,2028-10-26
EMP11651,Employee 1651,UK,Legal,L3,Performance Share,Active,2023-08-12,2023-11-27,2025-11-26
EMP11652,Employee 1652,India,Legal,L4,RSU,Active,2023-09-24,2024-04-17,2026-04-17
EMP11653,Employee 1653,USA,Operations,L2,RSU,Active,2023-10-05,2024-05-20,2027-05-20
EMP11654,Employee 1654,India,People,L2,RSU,On Leave,2024-03-22,2025-01-08,2026-01-08
EMP11655,Employee 1655,Singapore,Risk,L5,Performance Share,Active,2025-07-14,2026-02-15,2027-02-15
EMP11656,Employee 1656,India,Legal,L2,Stock Option,Active,2025-07-23,2026-01-30,2027-01-30
EMP11657,Employee 1657,India,People,L1,ESPP,Active,2023-02-15,2023-09-26,2024-09-25
EMP11658,Employee 1658,Singapore,Operations,L2,ESPP,Active,2026-01-07,2026-07-09,2028-07-08
EMP11659,Employee 1659,USA,Sales,L5,Stock Option,Active,2025-04-06,2025-07-15,2026-07-15
EMP11660,Employee 1660,India,Strategy,L2,Performance Share,Active,2025-06-24,2025-10-10,2026-10-10
EMP11661,Employee 1661,UK,Sales,L3,RSU,On Leave,2025-08-17,2025-11-13,2027-11-13
EMP11662,Employee 1662,Germany,Technology,L4,Performance Share,Active,2025-08-04,2025-09-27,2028-09-26
EMP11663,Employee 1663,UK,Strategy,L1,RSU,Active,2023-01-01,2023-05-11,2024-05-10
EMP11664,Employee 1664,India,Technology,L2,RSU,Active,2023-04-01,2024-01-16,2025-01-15
EMP11665,Employee 1665,USA,Legal,L4,RSU,Active,2023-01-31,2023-10-24,2026-10-23
EMP11666,Employee 1666,Germany,Risk,L2,RSU,Active,2024-01-23,2024-08-26,2026-08-26
EMP11667,Employee 1667,India,Sales,L3,ESPP,Active,2024-08-26,2025-06-04,2026-06-04
EMP11668,Employee 1668,UK,Strategy,L3,RSU,Active,2025-07-01,2026-02-07,2027-02-07
EMP11669,Employee 1669,USA,Sales,L4,Performance Share,Active,2023-06-27,2024-01-23,2026-01-22
EMP11670,Employee 1670,Germany,Risk,L2,RSU,Active,2025-11-06,2026-04-29,2028-04-28
EMP11671,Employee 1671,India,Operations,L2,Stock Option,Active,2024-01-09,2024-09-23,2027-09-23
EMP11672,Employee 1672,Germany,Legal,L1,Stock Option,Active,2023-11-28,2024-09-17,2026-09-17
EMP11673,Employee 1673,India,Risk,L2,Performance Share,Active,2025-06-21,2026-01-29,2027-01-29
EMP11674,Employee 1674,Australia,Strategy,L3,Stock Option,Active,2023-11-20,2024-01-07,2025-01-06
EMP11675,Employee 1675,UK,Technology,L4,RSU,Active,2023-12-19,2024-05-22,2026-05-22
EMP11676,Employee 1676,USA,Strategy,L3,RSU,Active,2023-07-23,2024-04-23,2027-04-23
EMP11677,Employee 1677,Australia,Operations,L2,RSU,Active,2026-01-20,2026-09-18,2029-09-17
EMP11678,Employee 1678,UK,Risk,L3,ESPP,Active,2025-12-23,2026-05-04,2027-05-04
EMP11679,Employee 1679,Australia,Strategy,L1,RSU,Active,2023-03-11,2023-12-26,2026-12-25
EMP11680,Employee 1680,USA,Legal,L2,Performance Share,Active,2024-12-12,2025-04-24,2027-04-24
EMP11681,Employee 1681,India,Finance,L2,ESPP,Active,2023-11-19,2024-08-04,2026-08-04
EMP11682,Employee 1682,UK,Strategy,L5,RSU,Active,2025-01-07,2025-08-12,2028-08-11
EMP11683,Employee 1683,USA,Legal,L3,RSU,Active,2026-02-08,2026-09-27,2027-09-27
EMP11684,Employee 1684,India,Legal,L1,ESPP,Active,2025-06-28,2025-12-07,2028-12-06
EMP11685,Employee 1685,USA,Technology,L5,Stock Option,Active,2024-02-08,2024-08-29,2025-08-29
EMP11686,Employee 1686,UK,Finance,L3,RSU,Active,2024-05-09,2024-11-16,2025-11-16
EMP11687,Employee 1687,UK,People,L2,Performance Share,Active,2023-10-30,2024-07-09,2027-07-09
EMP11688,Employee 1688,UK,People,L3,ESPP,Active,2023-07-30,2023-09-23,2026-09-22
EMP11689,Employee 1689,USA,Operations,L3,Stock Option,Active,2025-10-26,2026-04-04,2028-04-03
EMP11690,Employee 1690,UK,Sales,L3,Performance Share,Terminated,2023-09-16,2024-03-23,2026-03-23
EMP11691,Employee 1691,India,Technology,L3,RSU,Active,2025-07-07,2026-02-10,2028-02-10
EMP11692,Employee 1692,USA,Strategy,L2,Stock Option,Active,2026-04-24,2026-10-15,2029-10-14
EMP11693,Employee 1693,UK,Legal,L1,ESPP,Active,2025-10-30,2026-04-01,2028-03-31
EMP11694,Employee 1694,India,Strategy,L3,Stock Option,Active,2026-05-12,2026-10-22,2028-10-21
EMP11695,Employee 1695,India,Sales,L3,RSU,Active,2025-12-16,2026-02-02,2027-02-02
EMP11696,Employee 1696,Singapore,Operations,L3,RSU,Active,2024-05-12,2025-02-19,2028-02-19
EMP11697,Employee 1697,India,Risk,L3,Stock Option,Active,2025-05-30,2026-03-04,2029-03-03
EMP11698,Employee 1698,India,Sales,L3,RSU,Terminated,2025-03-11,2025-11-19,2026-11-19
EMP11699,Employee 1699,Germany,Technology,L4,RSU,Active,2023-08-28,2024-06-21,2025-06-21
EMP11700,Employee 1700,UK,Legal,L4,Stock Option,Active,2023-01-17,2023-06-30,2026-06-29
EMP11701,Employee 1701,USA,Legal,L5,Stock Option,Active,2025-06-20,2026-03-15,2028-03-14
EMP11702,Employee 1702,USA,Strategy,L2,Performance Share,Active,2025-11-17,2026-02-22,2029-02-21
EMP11703,Employee 1703,India,Legal,L3,Performance Share,Active,2024-03-01,2024-07-14,2026-07-14
EMP11704,Employee 1704,Singapore,Legal,L4,Performance Share,Active,2025-07-05,2025-12-15,2027-12-15
EMP11705,Employee 1705,Singapore,Risk,L4,ESPP,Active,2025-04-15,2025-08-12,2027-08-12
EMP11706,Employee 1706,India,People,L3,RSU,Active,2023-11-10,2024-07-13,2027-07-13
EMP11707,Employee 1707,India,Finance,L4,RSU,Active,2024-10-10,2025-02-19,2027-02-19
EMP11708,Employee 1708,UK,Operations,L3,Stock Option,Active,2024-11-01,2025-03-29,2028-03-28
EMP11709,Employee 1709,Australia,Legal,L2,Performance Share,Active,2024-07-19,2025-02-27,2026-02-27
EMP11710,Employee 1710,Germany,Technology,L4,RSU,Active,2025-03-24,2025-08-29,2028-08-28
EMP11711,Employee 1711,India,Legal,L1,RSU,Active,2023-03-11,2023-10-04,2025-10-03
EMP11712,Employee 1712,India,Sales,L1,RSU,Active,2023-12-24,2024-05-05,2025-05-05
EMP11713,Employee 1713,USA,Strategy,L2,RSU,Active,2025-05-01,2025-08-11,2028-08-10
EMP11714,Employee 1714,Singapore,Operations,L2,RSU,Active,2023-06-17,2023-08-30,2025-08-29
EMP11715,Employee 1715,Australia,Technology,L4,RSU,Active,2023-12-27,2024-03-30,2027-03-30
EMP11716,Employee 1716,Singapore,Technology,L2,RSU,Active,2025-10-11,2026-04-30,2028-04-29
EMP11717,Employee 1717,USA,Legal,L5,Stock Option,On Leave,2026-04-05,2026-06-09,2029-06-08
EMP11718,Employee 1718,USA,Risk,L1,Stock Option,Active,2023-05-20,2023-09-09,2024-09-08
EMP11719,Employee 1719,UK,Strategy,L1,RSU,On Leave,2025-04-29,2026-02-18,2027-02-18
EMP11720,Employee 1720,India,Finance,L3,RSU,Active,2024-01-21,2024-03-05,2027-03-05
EMP11721,Employee 1721,USA,Operations,L3,RSU,Active,2025-11-13,2025-12-18,2026-12-18
EMP11722,Employee 1722,India,Finance,L3,RSU,Active,2023-09-25,2024-02-20,2025-02-19
EMP11723,Employee 1723,UK,Operations,L2,Performance Share,Active,2023-07-17,2023-12-18,2025-12-17
EMP11724,Employee 1724,India,Technology,L3,RSU,Active,2023-01-13,2023-10-02,2026-10-01
EMP11725,Employee 1725,USA,Legal,L2,Stock Option,Active,2023-04-22,2024-01-11,2027-01-10
EMP11726,Employee 1726,UK,Legal,L2,ESPP,Active,2024-05-17,2024-10-31,2025-10-31
EMP11727,Employee 1727,Singapore,Strategy,L2,RSU,Active,2024-07-23,2025-02-28,2027-02-28
EMP11728,Employee 1728,USA,Finance,L2,ESPP,Active,2023-12-18,2024-01-27,2026-01-26
EMP11729,Employee 1729,UK,Technology,L4,Performance Share,Active,2026-01-21,2026-08-18,2029-08-17
EMP11730,Employee 1730,UK,Operations,L4,ESPP,Active,2023-11-09,2024-07-29,2026-07-29
EMP11731,Employee 1731,UK,Technology,L2,RSU,Active,2025-01-15,2025-07-19,2027-07-19
EMP11732,Employee 1732,India,Sales,L3,Stock Option,Active,2023-12-24,2024-02-20,2025-02-19
EMP11733,Employee 1733,Germany,Technology,L2,ESPP,Active,2023-02-21,2023-12-11,2025-12-10
EMP11734,Employee 1734,India,Operations,L1,RSU,Active,2025-08-11,2025-10-24,2026-10-24
EMP11735,Employee 1735,Germany,Operations,L1,Performance Share,Active,2024-06-19,2024-12-14,2025-12-14
EMP11736,Employee 1736,UK,Sales,L4,RSU,Active,2025-11-07,2026-01-01,2028-01-01
EMP11737,Employee 1737,UK,Legal,L3,RSU,Active,2023-02-13,2023-03-15,2024-03-14
EMP11738,Employee 1738,India,Strategy,L3,RSU,Active,2025-09-03,2026-03-23,2028-03-22
EMP11739,Employee 1739,UK,Finance,L2,RSU,Active,2025-10-09,2026-07-14,2029-07-13
EMP11740,Employee 1740,UK,Technology,L4,RSU,Active,2026-04-02,2026-11-23,2027-11-23
EMP11741,Employee 1741,USA,Risk,L3,Stock Option,Terminated,2025-11-07,2026-01-31,2029-01-30
EMP11742,Employee 1742,India,Strategy,L3,ESPP,Active,2024-07-31,2025-05-10,2026-05-10
EMP11743,Employee 1743,USA,Legal,L4,RSU,Active,2023-01-19,2023-09-06,2026-09-05
EMP11744,Employee 1744,UK,Risk,L2,RSU,Active,2025-05-23,2025-09-27,2026-09-27
EMP11745,Employee 1745,India,Sales,L2,Performance Share,Active,2023-06-26,2024-03-23,2026-03-23
EMP11746,Employee 1746,Australia,People,L2,RSU,Active,2023-01-23,2023-07-13,2024-07-12
EMP11747,Employee 1747,USA,People,L3,RSU,Active,2024-05-03,2024-06-08,2025-06-08
EMP11748,Employee 1748,UK,Strategy,L4,Stock Option,Active,2023-03-31,2023-06-19,2026-06-18
EMP11749,Employee 1749,India,Technology,L3,RSU,Active,2026-06-02,2026-08-16,2028-08-15
EMP11750,Employee 1750,UK,People,L2,Performance Share,Active,2025-10-23,2026-07-10,2029-07-09
EMP11751,Employee 1751,UK,Finance,L2,Performance Share,Active,2025-09-26,2026-04-18,2029-04-17
EMP11752,Employee 1752,USA,Technology,L3,RSU,On Leave,2024-10-17,2025-06-20,2026-06-20
EMP11753,Employee 1753,UK,Strategy,L4,RSU,Active,2025-04-24,2025-11-06,2027-11-06
EMP11754,Employee 1754,UK,Technology,L3,Performance Share,Active,2024-05-10,2025-02-01,2026-02-01
EMP11755,Employee 1755,UK,Sales,L1,ESPP,Active,2025-01-15,2025-11-03,2026-11-03
EMP11756,Employee 1756,UK,Strategy,L5,RSU,Active,2024-12-13,2025-04-19,2028-04-18
EMP11757,Employee 1757,India,Strategy,L4,RSU,Active,2024-12-17,2025-01-18,2026-01-18
EMP11758,Employee 1758,UK,Strategy,L3,ESPP,Active,2023-12-09,2024-02-09,2026-02-08
EMP11759,Employee 1759,India,Technology,L1,RSU,Active,2024-10-08,2025-02-23,2026-02-23
EMP11760,Employee 1760,India,Legal,L3,RSU,Active,2023-12-20,2024-09-04,2026-09-04
EMP11761,Employee 1761,UK,Finance,L2,ESPP,Active,2024-02-13,2024-10-24,2027-10-24
EMP11762,Employee 1762,UK,Strategy,L1,RSU,Active,2024-08-14,2024-10-11,2025-10-11
EMP11763,Employee 1763,UK,Strategy,L3,Performance Share,Active,2024-09-21,2025-02-24,2026-02-24
EMP11764,Employee 1764,Germany,Sales,L3,ESPP,Active,2025-01-29,2025-09-27,2027-09-27
EMP11765,Employee 1765,India,Operations,L3,Performance Share,Active,2023-12-01,2024-04-12,2026-04-12
EMP11766,Employee 1766,India,Sales,L2,Performance Share,Terminated,2023-02-23,2023-08-05,2024-08-04
EMP11767,Employee 1767,Singapore,Sales,L2,ESPP,On Leave,2025-06-03,2025-11-02,2028-11-01
EMP11768,Employee 1768,Singapore,Strategy,L4,RSU,Active,2025-05-27,2025-07-10,2026-07-10
EMP11769,Employee 1769,USA,People,L2,RSU,Active,2025-01-16,2025-08-31,2026-08-31
EMP11770,Employee 1770,Australia,Risk,L3,RSU,Active,2023-12-01,2024-03-23,2026-03-23
EMP11771,Employee 1771,USA,Legal,L3,ESPP,Active,2025-04-01,2025-05-27,2028-05-26
EMP11772,Employee 1772,UK,Legal,L2,ESPP,Active,2023-11-09,2024-04-24,2027-04-24
EMP11773,Employee 1773,USA,Strategy,L1,RSU,Active,2024-02-21,2024-06-20,2025-06-20
EMP11774,Employee 1774,India,Technology,L3,RSU,Active,2026-04-22,2026-09-12,2029-09-11
EMP11775,Employee 1775,Australia,Sales,L3,Performance Share,Active,2025-01-01,2025-06-20,2027-06-20
EMP11776,Employee 1776,UK,Finance,L2,Stock Option,Active,2025-11-06,2026-07-08,2028-07-07
EMP11777,Employee 1777,USA,Legal,L1,Performance Share,Active,2023-05-22,2023-07-19,2026-07-18
EMP11778,Employee 1778,UK,Finance,L3,Performance Share,Active,2025-03-17,2025-08-11,2026-08-11
EMP11779,Employee 1779,India,People,L1,RSU,Active,2024-04-15,2024-07-06,2027-07-06
EMP11780,Employee 1780,India,Technology,L3,RSU,Active,2025-02-19,2025-04-30,2026-04-30
EMP11781,Employee 1781,UK,Strategy,L4,Performance Share,Active,2023-09-05,2024-02-24,2027-02-23
EMP11782,Employee 1782,Australia,Strategy,L4,ESPP,Active,2024-07-08,2025-05-03,2028-05-02
EMP11783,Employee 1783,Australia,Operations,L3,RSU,Active,2024-03-16,2024-09-09,2026-09-09
EMP11784,Employee 1784,UK,People,L3,ESPP,Terminated,2024-06-22,2024-10-24,2027-10-24
EMP11785,Employee 1785,USA,Risk,L2,Stock Option,Active,2023-06-16,2023-11-24,2025-11-23
EMP11786,Employee 1786,Germany,Risk,L3,RSU,Active,2024-11-02,2025-08-07,2028-08-06
EMP11787,Employee 1787,USA,Sales,L2,ESPP,Active,2025-04-09,2025-10-20,2027-10-20
EMP11788,Employee 1788,India,People,L4,Stock Option,Active,2025-01-30,2025-08-08,2028-08-07
EMP11789,Employee 1789,USA,Technology,L3,RSU,Active,2026-01-07,2026-05-13,2028-05-12
EMP11790,Employee 1790,India,Risk,L3,Stock Option,Active,2025-06-19,2026-01-16,2027-01-16
EMP11791,Employee 1791,USA,Operations,L4,RSU,Active,2023-12-12,2024-07-21,2027-07-21
EMP11792,Employee 1792,USA,Risk,L3,RSU,Active,2025-04-05,2025-05-27,2026-05-27
EMP11793,Employee 1793,India,Operations,L5,RSU,Terminated,2025-10-02,2026-07-18,2029-07-17
EMP11794,Employee 1794,USA,Operations,L3,RSU,Active,2024-05-03,2024-11-29,2025-11-29
EMP11795,Employee 1795,India,Operations,L2,ESPP,Active,2026-01-31,2026-07-26,2027-07-26
EMP11796,Employee 1796,USA,Strategy,L4,ESPP,Active,2023-08-27,2023-11-29,2025-11-28
EMP11797,Employee 1797,India,Strategy,L3,Stock Option,Active,2025-03-27,2025-05-05,2027-05-05
EMP11798,Employee 1798,Singapore,Finance,L1,RSU,Active,2025-01-06,2025-10-16,2027-10-16
EMP11799,Employee 1799,UK,Finance,L2,RSU,Active,2026-05-11,2026-09-10,2027-09-10
EMP11800,Employee 1800,India,Sales,L4,ESPP,Active,2026-03-22,2026-06-29,2027-06-29
EMP11801,Employee 1801,USA,Technology,L3,ESPP,Active,2023-07-27,2024-04-16,2027-04-16
EMP11802,Employee 1802,UK,People,L3,RSU,Active,2023-01-12,2023-06-30,2024-06-29
EMP11803,Employee 1803,Singapore,Operations,L5,Performance Share,Active,2023-11-09,2024-08-01,2026-08-01
EMP11804,Employee 1804,USA,Legal,L3,Stock Option,Active,2024-12-16,2025-02-21,2028-02-21
EMP11805,Employee 1805,UK,Legal,L4,RSU,Active,2023-12-24,2024-05-01,2026-05-01
EMP11806,Employee 1806,Australia,Technology,L3,ESPP,On Leave,2023-04-09,2023-11-03,2025-11-02
EMP11807,Employee 1807,USA,Risk,L2,Stock Option,Active,2026-05-10,2027-02-12,2028-02-12
EMP11808,Employee 1808,Germany,Sales,L2,Performance Share,Active,2023-12-19,2024-05-02,2025-05-02
EMP11809,Employee 1809,USA,Strategy,L1,ESPP,Active,2024-04-14,2024-08-11,2027-08-11
EMP11810,Employee 1810,India,Technology,L2,RSU,Active,2025-08-04,2026-01-14,2028-01-14
EMP11811,Employee 1811,Singapore,Technology,L2,RSU,Active,2023-11-05,2024-04-27,2026-04-27
EMP11812,Employee 1812,India,Finance,L2,RSU,Active,2023-04-14,2023-12-26,2025-12-25
EMP11813,Employee 1813,India,People,L5,ESPP,Active,2025-12-25,2026-03-06,2029-03-05
EMP11814,Employee 1814,India,Sales,L2,RSU,Active,2024-09-24,2025-03-26,2026-03-26
EMP11815,Employee 1815,India,Sales,L3,RSU,Active,2024-05-27,2024-09-26,2027-09-26
EMP11816,Employee 1816,Germany,Strategy,L2,Stock Option,Active,2025-04-13,2025-09-29,2028-09-28
EMP11817,Employee 1817,India,Sales,L3,Performance Share,Active,2025-08-28,2025-12-03,2027-12-03
EMP11818,Employee 1818,India,Legal,L1,Performance Share,Terminated,2023-12-09,2024-03-21,2025-03-21
EMP11819,Employee 1819,India,Sales,L2,Performance Share,Active,2024-11-20,2025-09-09,2028-09-08
EMP11820,Employee 1820,India,Strategy,L2,Stock Option,Active,2024-10-13,2025-04-08,2027-04-08
EMP11821,Employee 1821,UK,Finance,L3,Stock Option,Active,2024-12-14,2025-06-08,2027-06-08
EMP11822,Employee 1822,Germany,Operations,L1,RSU,Active,2023-01-14,2023-07-04,2024-07-03
EMP11823,Employee 1823,Singapore,Finance,L3,RSU,Active,2023-12-22,2024-05-22,2025-05-22
EMP11824,Employee 1824,India,Finance,L1,Stock Option,Active,2023-07-10,2023-11-14,2024-11-13
EMP11825,Employee 1825,USA,People,L4,RSU,Active,2025-03-23,2025-12-12,2026-12-12
EMP11826,Employee 1826,Australia,Sales,L3,RSU,Active,2026-05-15,2026-10-13,2027-10-13
EMP11827,Employee 1827,India,People,L4,Performance Share,Active,2024-10-04,2025-03-17,2028-03-16
EMP11828,Employee 1828,India,Legal,L4,ESPP,Active,2025-03-12,2025-08-23,2028-08-22
EMP11829,Employee 1829,India,Sales,L2,RSU,Active,2024-11-21,2025-05-07,2028-05-06
EMP11830,Employee 1830,India,Operations,L4,RSU,Active,2025-01-30,2025-11-07,2027-11-07
EMP11831,Employee 1831,Australia,Finance,L3,Performance Share,Active,2024-09-28,2024-12-16,2025-12-16
EMP11832,Employee 1832,Australia,Operations,L4,RSU,Active,2025-09-13,2026-06-11,2029-06-10
EMP11833,Employee 1833,Australia,Risk,L4,Stock Option,Active,2023-02-02,2023-08-13,2026-08-12
EMP11834,Employee 1834,USA,Finance,L2,RSU,Active,2024-05-26,2025-02-13,2027-02-13
EMP11835,Employee 1835,USA,Strategy,L3,Performance Share,Active,2023-08-25,2024-06-06,2027-06-06
EMP11836,Employee 1836,UK,Operations,L3,RSU,Active,2026-01-24,2026-03-08,2027-03-08
EMP11837,Employee 1837,Germany,Technology,L1,Stock Option,Active,2023-01-07,2023-09-24,2026-09-23
EMP11838,Employee 1838,Australia,People,L2,RSU,Active,2023-12-23,2024-01-28,2026-01-27
EMP11839,Employee 1839,USA,Sales,L2,RSU,Active,2024-01-21,2024-03-31,2025-03-31
EMP11840,Employee 1840,Singapore,Finance,L3,RSU,Active,2024-03-28,2024-05-02,2026-05-02
EMP11841,Employee 1841,Australia,People,L3,Performance Share,Active,2024-08-25,2025-01-11,2026-01-11
EMP11842,Employee 1842,India,Legal,L2,RSU,Active,2023-08-07,2023-12-01,2025-11-30
EMP11843,Employee 1843,USA,Strategy,L4,RSU,Active,2024-05-06,2024-10-14,2026-10-14
EMP11844,Employee 1844,Germany,People,L2,RSU,Active,2023-03-14,2023-05-06,2024-05-05
EMP11845,Employee 1845,UK,Finance,L4,RSU,Active,2023-09-11,2024-05-13,2025-05-13
EMP11846,Employee 1846,UK,People,L4,Stock Option,Active,2024-05-26,2024-11-15,2027-11-15
EMP11847,Employee 1847,Germany,People,L2,Performance Share,Active,2025-07-26,2025-12-07,2028-12-06
EMP11848,Employee 1848,Australia,Risk,L4,RSU,Active,2024-11-08,2025-04-10,2027-04-10
EMP11849,Employee 1849,UK,Sales,L4,RSU,Terminated,2024-01-07,2024-03-22,2025-03-22
EMP11850,Employee 1850,USA,Finance,L3,RSU,Active,2026-04-13,2026-08-01,2027-08-01
EMP11851,Employee 1851,USA,Operations,L5,RSU,Active,2024-10-30,2024-11-29,2025-11-29
EMP11852,Employee 1852,USA,Risk,L5,RSU,Active,2025-02-22,2025-05-14,2026-05-14
EMP11853,Employee 1853,USA,People,L3,Performance Share,Active,2024-01-25,2024-09-26,2026-09-26
EMP11854,Employee 1854,USA,Sales,L2,ESPP,Active,2025-10-21,2026-01-03,2029-01-02
EMP11855,Employee 1855,USA,Legal,L2,RSU,Active,2023-06-25,2023-11-08,2026-11-07
EMP11856,Employee 1856,USA,Technology,L2,ESPP,Active,2024-11-06,2024-12-26,2027-12-26
EMP11857,Employee 1857,UK,People,L3,Performance Share,Active,2024-10-05,2025-03-12,2028-03-11
EMP11858,Employee 1858,UK,Sales,L4,RSU,Terminated,2024-08-15,2025-02-12,2026-02-12
EMP11859,Employee 1859,India,Finance,L2,RSU,Active,2026-05-20,2026-12-08,2027-12-08
EMP11860,Employee 1860,Germany,People,L3,RSU,Active,2024-04-25,2024-12-10,2027-12-10
EMP11861,Employee 1861,India,Legal,L2,Performance Share,Active,2025-03-10,2025-12-01,2026-12-01
EMP11862,Employee 1862,USA,Finance,L4,ESPP,Active,2024-02-05,2024-05-08,2025-05-08
EMP11863,Employee 1863,Germany,Technology,L4,Performance Share,Active,2024-01-29,2024-07-09,2027-07-09
EMP11864,Employee 1864,UK,Risk,L1,Performance Share,Active,2023-03-25,2023-07-31,2025-07-30
EMP11865,Employee 1865,UK,Finance,L1,Performance Share,Active,2025-12-17,2026-06-17,2028-06-16
EMP11866,Employee 1866,India,Risk,L4,RSU,Active,2025-09-09,2026-04-02,2028-04-01
EMP11867,Employee 1867,Germany,People,L3,Performance Share,Active,2025-08-04,2025-11-28,2028-11-27
EMP11868,Employee 1868,USA,People,L3,Performance Share,Active,2023-01-17,2023-07-11,2024-07-10
EMP11869,Employee 1869,UK,Risk,L5,RSU,Active,2023-12-12,2024-01-16,2026-01-15
EMP11870,Employee 1870,UK,Finance,L4,ESPP,Active,2023-06-03,2023-12-19,2025-12-18
EMP11871,Employee 1871,UK,Strategy,L2,Performance Share,Active,2025-07-03,2026-01-05,2028-01-05
EMP11872,Employee 1872,Germany,Risk,L2,ESPP,Active,2025-04-22,2025-11-02,2028-11-01
EMP11873,Employee 1873,India,Risk,L5,Stock Option,On Leave,2025-11-25,2026-05-18,2029-05-17
EMP11874,Employee 1874,Australia,Risk,L5,RSU,Active,2026-03-26,2027-01-12,2028-01-12
EMP11875,Employee 1875,Australia,Technology,L3,Performance Share,Active,2025-03-15,2025-12-17,2026-12-17
EMP11876,Employee 1876,Germany,Risk,L3,ESPP,Active,2024-02-03,2024-11-01,2027-11-01
EMP11877,Employee 1877,USA,Operations,L4,ESPP,Active,2026-04-23,2027-02-14,2029-02-13
EMP11878,Employee 1878,UK,Legal,L2,Performance Share,Active,2024-01-21,2024-06-25,2025-06-25
EMP11879,Employee 1879,India,Operations,L2,RSU,Active,2024-11-05,2024-12-05,2025-12-05
EMP11880,Employee 1880,Australia,Finance,L1,Performance Share,Active,2024-07-06,2024-11-03,2027-11-03
EMP11881,Employee 1881,Germany,Risk,L2,ESPP,Active,2025-09-12,2026-05-17,2029-05-16
EMP11882,Employee 1882,India,Legal,L2,RSU,Active,2023-01-28,2023-05-03,2026-05-02
EMP11883,Employee 1883,India,Operations,L2,RSU,Active,2025-09-08,2025-11-16,2026-11-16
EMP11884,Employee 1884,Singapore,Legal,L4,ESPP,Active,2026-03-27,2027-01-02,2028-01-02
EMP11885,Employee 1885,India,Sales,L5,Stock Option,Active,2024-04-18,2024-11-29,2027-11-29
EMP11886,Employee 1886,UK,Sales,L2,RSU,Active,2023-03-04,2023-07-03,2024-07-02
EMP11887,Employee 1887,UK,Risk,L2,Stock Option,Active,2026-02-17,2026-11-03,2028-11-02
EMP11888,Employee 1888,India,Strategy,L3,RSU,Active,2024-01-11,2024-03-08,2027-03-08
EMP11889,Employee 1889,UK,Strategy,L3,Stock Option,Active,2025-11-16,2026-04-30,2028-04-29
EMP11890,Employee 1890,Singapore,People,L4,ESPP,Active,2023-11-06,2024-08-05,2026-08-05
EMP11891,Employee 1891,USA,Sales,L3,RSU,Active,2023-11-11,2024-07-14,2026-07-14
EMP11892,Employee 1892,Germany,Sales,L4,Stock Option,Active,2023-08-13,2024-02-23,2025-02-22
EMP11893,Employee 1893,Singapore,People,L2,RSU,Active,2025-04-19,2025-05-22,2027-05-22
EMP11894,Employee 1894,India,Sales,L3,RSU,Active,2026-01-18,2026-05-26,2028-05-25
EMP11895,Employee 1895,UK,Finance,L2,Performance Share,Terminated,2023-01-20,2023-04-15,2025-04-14
EMP11896,Employee 1896,UK,Finance,L5,RSU,Active,2025-03-08,2025-09-09,2028-09-08
EMP11897,Employee 1897,Australia,People,L5,RSU,Active,2026-05-06,2026-08-13,2027-08-13
EMP11898,Employee 1898,USA,Finance,L3,Performance Share,Active,2025-05-04,2025-06-19,2027-06-19
EMP11899,Employee 1899,UK,Risk,L4,ESPP,Active,2023-10-07,2023-12-22,2024-12-21
EMP11900,Employee 1900,India,Legal,L3,Performance Share,Active,2023-11-30,2024-03-20,2026-03-20
EMP11901,Employee 1901,Singapore,Operations,L5,Stock Option,On Leave,2024-08-16,2024-11-06,2025-11-06
EMP11902,Employee 1902,Singapore,Risk,L4,RSU,On Leave,2025-11-23,2026-06-29,2028-06-28
EMP11903,Employee 1903,Australia,Legal,L3,ESPP,Active,2026-01-26,2026-11-08,2029-11-07
EMP11904,Employee 1904,Germany,Technology,L3,RSU,Active,2024-10-20,2025-07-17,2027-07-17
EMP11905,Employee 1905,India,Strategy,L4,Stock Option,Active,2024-06-23,2024-09-21,2026-09-21
EMP11906,Employee 1906,USA,People,L2,Stock Option,Active,2023-05-22,2023-12-04,2025-12-03
EMP11907,Employee 1907,UK,Strategy,L3,Performance Share,Active,2026-02-14,2026-03-29,2027-03-29
EMP11908,Employee 1908,USA,Risk,L1,RSU,Active,2023-11-20,2024-08-30,2026-08-30
EMP11909,Employee 1909,India,Sales,L3,Performance Share,Active,2025-02-03,2025-07-19,2027-07-19
EMP11910,Employee 1910,UK,Legal,L4,ESPP,Active,2025-09-19,2026-03-18,2029-03-17
EMP11911,Employee 1911,UK,Strategy,L3,ESPP,Active,2024-09-24,2025-02-01,2027-02-01
EMP11912,Employee 1912,USA,Legal,L4,RSU,Terminated,2025-10-14,2026-07-14,2027-07-14
EMP11913,Employee 1913,UK,People,L1,RSU,Active,2024-07-19,2025-02-15,2026-02-15
EMP11914,Employee 1914,India,People,L1,RSU,Active,2025-02-09,2025-11-09,2028-11-08
EMP11915,Employee 1915,India,Sales,L2,RSU,Active,2025-12-02,2026-04-21,2028-04-20
EMP11916,Employee 1916,Singapore,Sales,L4,Performance Share,Active,2024-02-28,2024-11-19,2026-11-19
EMP11917,Employee 1917,UK,Technology,L2,Stock Option,Active,2025-12-02,2026-02-22,2027-02-22
EMP11918,Employee 1918,UK,Strategy,L2,RSU,Active,2024-08-07,2025-05-29,2028-05-28
EMP11919,Employee 1919,UK,Sales,L4,Performance Share,Active,2024-03-01,2024-12-03,2025-12-03
EMP11920,Employee 1920,USA,Sales,L3,RSU,Active,2024-08-15,2025-05-05,2028-05-04
EMP11921,Employee 1921,UK,Strategy,L2,RSU,Active,2026-04-22,2027-01-09,2029-01-08
EMP11922,Employee 1922,USA,Operations,L3,RSU,Active,2026-02-08,2026-08-07,2028-08-06
EMP11923,Employee 1923,India,Finance,L2,Performance Share,Active,2025-02-08,2025-08-09,2027-08-09
EMP11924,Employee 1924,India,People,L3,RSU,Active,2026-06-01,2026-10-08,2029-10-07
EMP11925,Employee 1925,India,Sales,L3,RSU,Active,2023-09-21,2024-04-10,2026-04-10
EMP11926,Employee 1926,USA,People,L5,Performance Share,Active,2026-01-07,2026-08-25,2027-08-25
EMP11927,Employee 1927,UK,Operations,L3,RSU,Active,2023-05-29,2023-07-08,2026-07-07
EMP11928,Employee 1928,India,Legal,L2,Stock Option,Active,2023-04-17,2023-06-14,2025-06-13
EMP11929,Employee 1929,India,Finance,L3,Stock Option,Active,2024-04-22,2024-08-23,2027-08-23
EMP11930,Employee 1930,UK,Strategy,L4,ESPP,Active,2026-02-18,2026-09-27,2028-09-26
EMP11931,Employee 1931,USA,Sales,L4,RSU,Active,2025-04-11,2025-07-20,2027-07-20
EMP11932,Employee 1932,India,Operations,L2,ESPP,Active,2025-04-22,2026-01-27,2028-01-27
EMP11933,Employee 1933,UK,Sales,L4,Performance Share,Active,2025-05-27,2025-07-31,2027-07-31
EMP11934,Employee 1934,UK,People,L2,RSU,Active,2025-05-27,2025-10-08,2027-10-08
EMP11935,Employee 1935,India,Risk,L2,RSU,Active,2023-11-12,2024-08-21,2025-08-21
EMP11936,Employee 1936,USA,Legal,L4,RSU,Active,2025-02-02,2025-06-22,2026-06-22
EMP11937,Employee 1937,Singapore,People,L4,ESPP,Active,2025-03-19,2025-10-28,2027-10-28
EMP11938,Employee 1938,India,Strategy,L3,Stock Option,Active,2025-10-14,2025-12-01,2028-11-30
EMP11939,Employee 1939,UK,Technology,L4,Performance Share,Active,2025-04-02,2026-01-15,2027-01-15
EMP11940,Employee 1940,USA,Strategy,L2,Performance Share,Active,2025-05-13,2025-10-23,2027-10-23
EMP11941,Employee 1941,Germany,Risk,L5,Stock Option,Active,2024-10-20,2025-07-28,2027-07-28
EMP11942,Employee 1942,UK,Sales,L3,RSU,Active,2025-12-31,2026-10-03,2028-10-02
EMP11943,Employee 1943,India,Sales,L4,Stock Option,Active,2025-09-21,2025-11-30,2026-11-30
EMP11944,Employee 1944,UK,Risk,L4,Performance Share,Active,2024-04-07,2025-01-23,2026-01-23
EMP11945,Employee 1945,USA,Risk,L3,RSU,Active,2024-03-21,2024-08-30,2025-08-30
EMP11946,Employee 1946,UK,Operations,L1,ESPP,Active,2024-02-24,2024-08-30,2025-08-30
EMP11947,Employee 1947,Germany,Sales,L4,RSU,Active,2026-03-13,2026-11-17,2028-11-16
EMP11948,Employee 1948,India,People,L5,RSU,Active,2024-01-21,2024-03-10,2025-03-10
EMP11949,Employee 1949,USA,People,L2,Stock Option,Active,2023-12-19,2024-04-01,2027-04-01
EMP11950,Employee 1950,India,Technology,L5,Performance Share,Active,2023-02-12,2023-11-24,2024-11-23
EMP11951,Employee 1951,India,Sales,L1,ESPP,Active,2025-10-18,2026-06-18,2027-06-18
EMP11952,Employee 1952,UK,Strategy,L4,Stock Option,Active,2024-12-09,2025-07-31,2028-07-30
EMP11953,Employee 1953,Australia,Legal,L4,Stock Option,On Leave,2025-08-24,2025-10-13,2027-10-13
EMP11954,Employee 1954,UK,Strategy,L5,RSU,Active,2025-04-15,2025-10-25,2027-10-25
EMP11955,Employee 1955,UK,Legal,L1,RSU,Active,2025-03-21,2025-09-17,2027-09-17
EMP11956,Employee 1956,India,Risk,L5,Stock Option,Active,2023-08-21,2024-02-08,2027-02-07
EMP11957,Employee 1957,UK,Risk,L4,RSU,Active,2023-02-26,2023-04-18,2025-04-17
EMP11958,Employee 1958,India,Sales,L4,RSU,Active,2025-05-03,2026-02-18,2029-02-17
EMP11959,Employee 1959,India,Technology,L3,ESPP,Active,2026-02-08,2026-05-07,2027-05-07
EMP11960,Employee 1960,Germany,Operations,L2,RSU,Active,2024-07-24,2024-10-31,2027-10-31
EMP11961,Employee 1961,Australia,Sales,L3,Stock Option,Active,2024-10-11,2025-05-03,2028-05-02
EMP11962,Employee 1962,India,Risk,L4,ESPP,Terminated,2023-03-13,2023-11-30,2026-11-29
EMP11963,Employee 1963,Australia,Sales,L2,ESPP,Active,2023-03-12,2023-07-10,2026-07-09
EMP11964,Employee 1964,UK,People,L3,Stock Option,Active,2023-08-11,2024-03-07,2026-03-07
EMP11965,Employee 1965,USA,Risk,L4,RSU,Active,2025-02-10,2025-05-19,2026-05-19
EMP11966,Employee 1966,Australia,Risk,L4,Performance Share,Active,2025-12-06,2026-07-01,2029-06-30
EMP11967,Employee 1967,UK,Strategy,L3,Stock Option,Active,2024-01-25,2024-07-01,2027-07-01
EMP11968,Employee 1968,UK,Strategy,L4,Performance Share,Active,2023-06-14,2023-08-21,2024-08-20
EMP11969,Employee 1969,Singapore,Technology,L4,ESPP,Active,2026-02-04,2026-11-05,2029-11-04
EMP11970,Employee 1970,USA,Risk,L4,Performance Share,Active,2024-01-25,2024-08-03,2026-08-03
EMP11971,Employee 1971,Germany,Risk,L1,RSU,Active,2025-04-23,2025-10-17,2027-10-17
EMP11972,Employee 1972,UK,Technology,L2,Stock Option,Active,2026-01-07,2026-09-27,2028-09-26
EMP11973,Employee 1973,UK,Operations,L2,Performance Share,Active,2024-02-09,2024-04-12,2027-04-12
EMP11974,Employee 1974,UK,Sales,L3,RSU,Active,2023-02-10,2023-05-16,2024-05-15
EMP11975,Employee 1975,India,Risk,L2,RSU,Active,2024-09-25,2025-06-23,2026-06-23
EMP11976,Employee 1976,UK,Strategy,L2,ESPP,Active,2023-07-11,2024-03-11,2027-03-11
EMP11977,Employee 1977,USA,Legal,L4,RSU,Active,2023-08-21,2024-03-13,2026-03-13
EMP11978,Employee 1978,UK,Sales,L3,RSU,Active,2023-05-24,2023-11-02,2026-11-01
EMP11979,Employee 1979,India,People,L2,Performance Share,Active,2025-08-06,2025-09-11,2027-09-11
EMP11980,Employee 1980,India,Technology,L2,Stock Option,Active,2026-02-03,2026-11-18,2027-11-18
EMP11981,Employee 1981,UK,People,L3,ESPP,Active,2024-07-26,2024-09-11,2026-09-11
EMP11982,Employee 1982,USA,Sales,L4,Performance Share,Active,2026-04-12,2026-06-01,2029-05-31
EMP11983,Employee 1983,Germany,Risk,L3,RSU,Active,2025-12-24,2026-09-07,2029-09-06
EMP11984,Employee 1984,India,Sales,L4,Performance Share,Active,2024-03-10,2024-10-14,2027-10-14
EMP11985,Employee 1985,India,Technology,L4,Stock Option,Active,2025-05-13,2025-11-18,2026-11-18
EMP11986,Employee 1986,India,Technology,L5,Performance Share,Active,2023-11-14,2024-08-08,2026-08-08
EMP11987,Employee 1987,Germany,Risk,L1,RSU,Active,2025-12-01,2026-01-08,2028-01-08
EMP11988,Employee 1988,Australia,Legal,L4,RSU,Active,2024-05-02,2025-01-11,2027-01-11
EMP11989,Employee 1989,Germany,Finance,L2,Stock Option,Active,2024-10-15,2025-02-05,2027-02-05
EMP11990,Employee 1990,India,Sales,L2,RSU,Active,2023-06-15,2023-09-14,2025-09-13
EMP11991,Employee 1991,India,Risk,L1,Stock Option,Active,2023-07-13,2024-04-27,2026-04-27
EMP11992,Employee 1992,UK,Sales,L4,RSU,Active,2024-11-04,2025-06-26,2026-06-26
EMP11993,Employee 1993,UK,Sales,L1,RSU,Active,2025-11-07,2025-12-13,2028-12-12
EMP11994,Employee 1994,Germany,Technology,L3,Performance Share,Active,2025-08-06,2025-10-29,2026-10-29
EMP11995,Employee 1995,USA,Operations,L2,RSU,Active,2024-08-04,2025-01-04,2026-01-04
EMP11996,Employee 1996,India,Finance,L4,RSU,Active,2025-10-27,2026-01-12,2027-01-12
EMP11997,Employee 1997,UK,Risk,L2,RSU,Active,2023-08-08,2023-10-22,2025-10-21
EMP11998,Employee 1998,Germany,Sales,L1,Performance Share,Active,2025-03-03,2025-09-02,2028-09-01
EMP11999,Employee 1999,UK,Operations,L5,RSU,Active,2026-04-03,2026-12-26,2028-12-25
EMP12000,Employee 2000,USA,Risk,L2,ESPP,Active,2023-12-08,2024-01-13,2027-01-12
