Transaction_ID,Employee_ID,Transaction_Type,Transaction_Date,Shares,Share_Price_GBP,Country,Plan_Type,Gross_Value_GBP,Tax_Rate,Expected_Tax_GBP,Approval_Status,High_Value_Flag
TX500001,EMP10264,Sale,2026-07-20,712,89.94,Singapore,RSU,64037.28,0.2,12807.46,Pending Review,Normal
TX500002,EMP10287,Grant,2025-02-22,1673,73.32,Singapore,RSU,122664.36,0.4,49065.74,Approved,High Value
TX500003,EMP10901,Vesting,2025-02-09,1772,71.84,Singapore,RSU,127300.48,0.2,25460.1,Approved,High Value
TX500004,EMP10201,Vesting,2025-07-25,594,34.12,Singapore,RSU,20267.28,0.4,8106.91,Approved,Normal
TX500005,EMP11549,Grant,2025-07-07,1334,86.14,UK,RSU,114910.76,0.3,34473.23,Approved,High Value
TX500006,EMP11528,Sale,2026-07-07,1714,6.68,UK,RSU,11449.52,0.2,2289.9,Approved,Normal
TX500007,EMP11089,Sale,2026-12-13,2227,91.74,USA,Stock Option,204304.98,0.4,81721.99,Approved,High Value
TX500008,EMP11616,Vesting,2026-05-05,878,61.02,UK,RSU,53575.56,0.45,24109.0,Pending Review,Normal
TX500009,EMP10094,Exercise,2025-01-23,2471,29.87,Australia,Performance Share,73808.77,0.2,14761.75,Approved,Normal
TX500010,EMP10328,Cancellation,2025-12-15,2109,45.4,UK,Performance Share,95748.6,0.2,19149.72,Approved,Normal
TX500011,EMP11218,Sale,2026-03-02,236,74.13,Australia,Stock Option,17494.68,0.2,3498.94,Approved,Normal
TX500012,EMP11796,Vesting,2025-05-19,1542,89.09,USA,ESPP,137376.78,0.3,41213.03,Approved,High Value
TX500013,EMP11434,Grant,2025-03-20,1817,40.57,USA,RSU,73715.69,0.2,14743.14,Approved,Normal
TX500014,EMP11065,Grant,2025-04-08,1728,71.58,Singapore,RSU,123690.24,0.3,37107.07,Approved,High Value
TX500015,EMP11387,Grant,2026-10-09,1224,64.23,India,RSU,78617.52,0.4,31447.01,Approved,Normal
TX500016,EMP10231,Exercise,2026-01-04,762,67.45,USA,Stock Option,51396.9,0.4,20558.76,Approved,Normal
TX500017,EMP11129,Exercise,2026-10-17,1380,7.84,UK,RSU,10819.2,0.2,2163.84,Approved,Normal
TX500018,EMP10628,Vesting,2025-04-19,940,48.08,UK,Stock Option,45195.2,0.2,9039.04,Approved,Normal
TX500019,EMP10350,Sale,2026-02-28,415,44.68,India,ESPP,18542.2,0.2,3708.44,Approved,Normal
TX500020,EMP10447,Sale,2025-02-19,420,84.24,UK,RSU,35380.8,0.2,7076.16,Approved,Normal
TX500021,EMP11065,Sale,2026-01-27,1265,59.46,Singapore,RSU,75216.9,0.2,15043.38,Approved,Normal
TX500022,EMP10789,Vesting,2026-02-14,1658,24.33,USA,RSU,40339.14,0.4,16135.66,Approved,Normal
TX500023,EMP11883,Vesting,2025-12-22,1576,8.39,India,RSU,13222.64,0.2,2644.53,Approved,Normal
TX500024,EMP10025,Exercise,2025-10-19,1269,40.05,Germany,Stock Option,50823.45,0.3,15247.03,Approved,Normal
TX500025,EMP10377,Grant,2026-04-16,1781,87.06,India,RSU,155053.86,0.3,46516.16,Approved,High Value
TX500026,EMP10359,Exercise,2025-02-07,2042,92.92,Singapore,Performance Share,189742.64,0.2,37948.53,Approved,High Value
TX500027,EMP10561,Grant,2026-08-31,1514,76.65,India,RSU,116048.1,0.2,23209.62,Approved,High Value
TX500028,EMP10555,Sale,2026-02-08,867,51.64,Germany,RSU,44771.88,0.3,13431.56,Approved,Normal
TX500029,EMP10297,Vesting,2025-04-26,1233,6.26,India,RSU,7718.58,0.4,3087.43,Approved,Normal
TX500030,EMP11579,Grant,2025-10-06,166,54.35,USA,RSU,9022.1,0.2,1804.42,Pending Review,Normal
TX500031,EMP11234,Exercise,2025-01-28,2211,47.49,India,RSU,105000.39,0.3,31500.12,Pending Review,High Value
TX500032,EMP99999,Exercise,2025-03-30,1701,50.46,India,Stock Option,85832.46,0.4,34332.98,Approved,Normal
TX500033,EMP10734,Grant,2025-05-08,1310,55.15,Singapore,Performance Share,72246.5,0.3,21673.95,Approved,Normal
TX500034,EMP10692,Vesting,2025-08-03,576,14.64,USA,Performance Share,8432.64,0.2,1686.53,Approved,Normal
TX500035,EMP11407,Vesting,2025-01-15,1493,75.58,India,Stock Option,112840.94,0.2,22568.19,Approved,High Value
TX500036,EMP11439,Vesting,2026-01-03,1965,57.95,India,RSU,113871.75,0.2,22774.35,Approved,High Value
TX500037,EMP11002,Sale,2026-11-22,985,33.16,USA,ESPP,32662.6,0.2,6532.52,Approved,Normal
TX500038,EMP11377,Grant,2026-04-08,2207,81.49,USA,RSU,179848.43,0.45,80931.79,Approved,High Value
TX500039,EMP10285,Grant,2025-10-22,1392,64.88,Germany,Performance Share,90312.96,0.2,18062.59,Approved,Normal
TX500040,EMP10788,Grant,2025-03-03,2462,47.16,India,RSU,116107.92,0.4,46443.17,Approved,High Value
TX500041,EMP10702,Vesting,2026-03-20,2179,73.82,Australia,Performance Share,160853.78,0.3,48256.13,Approved,High Value
TX500042,EMP11791,Exercise,2026-12-25,664,48.54,USA,RSU,32230.56,0.3,9669.17,Approved,Normal
TX500043,EMP10248,Grant,2025-10-07,28,86.48,Singapore,Performance Share,2421.44,0.2,484.29,Pending Review,Normal
TX500044,EMP10464,Cancellation,2025-05-31,775,39.23,Singapore,RSU,30403.25,0.2,6080.65,Approved,Normal
TX500045,EMP10335,Vesting,2025-09-22,2145,33.1,UK,Stock Option,70999.5,0.2,14199.9,Approved,Normal
TX500046,EMP11850,Grant,2025-04-05,985,8.1,USA,RSU,7978.5,0.3,0.0,Approved,Normal
TX500047,EMP11575,Vesting,2025-02-02,603,36.81,USA,RSU,22196.43,0.45,9988.39,Pending Review,Normal
TX500048,EMP10615,Cancellation,2026-07-12,1677,32.55,Singapore,Stock Option,54586.35,0.4,21834.54,Approved,Normal
TX500049,EMP11784,Grant,2026-09-20,934,87.53,UK,ESPP,81753.02,0.2,16350.6,Approved,Normal
TX500050,EMP10437,Grant,2026-06-20,1609,8.34,Australia,Performance Share,13419.06,0.4,5367.62,Approved,Normal
TX500051,EMP11100,Cancellation,2025-12-01,358,89.32,India,Performance Share,31976.56,0.2,6395.31,Approved,Normal
TX500052,EMP11009,Cancellation,2025-04-12,2257,84.38,Germany,RSU,190445.66,0.3,57133.7,Approved,High Value
TX500053,EMP11586,Sale,2025-08-20,499,29.49,Australia,Performance Share,14715.51,0.2,2943.1,Approved,Normal
TX500054,EMP11712,Vesting,2026-12-27,273,70.12,India,RSU,19142.76,0.2,3828.55,Approved,Normal
TX500055,EMP10340,Exercise,2025-03-14,1706,51.74,India,RSU,88268.44,0.4,35307.38,Approved,Normal
TX500056,EMP10071,Sale,2026-01-15,1842,30.13,Australia,RSU,55499.46,0.2,11099.89,Approved,Normal
TX500057,EMP11841,Exercise,2026-08-25,128,87.86,Australia,Performance Share,11246.08,0.3,3373.82,Approved,Normal
TX500058,EMP11451,Grant,2026-12-16,1851,76.04,UK,RSU,140750.04,0.4,56300.02,Approved,High Value
TX500059,EMP11063,Vesting,2025-10-31,86,35.85,India,RSU,3083.1,0.4,1233.24,Approved,Normal
TX500060,EMP10991,Vesting,2026-02-27,312,21.29,India,RSU,6642.48,0.3,1992.74,Approved,Normal
TX500061,EMP10314,Vesting,2026-09-08,1275,52.18,Australia,ESPP,66529.5,0.4,26611.8,Approved,Normal
TX500062,EMP11622,Grant,2025-11-12,894,88.86,India,Performance Share,79440.84,0.2,15888.17,Approved,Normal
TX500063,EMP10295,Grant,2026-01-18,1318,93.06,Germany,RSU,122653.08,0.4,49061.23,Approved,High Value
TX500064,EMP10016,Sale,2025-06-02,918,66.56,Germany,RSU,61102.08,0.3,18330.62,Approved,Normal
TX500065,EMP10528,Grant,2026-06-09,80,85.43,USA,ESPP,6834.4,0.2,1366.88,Approved,Normal
TX500066,EMP11354,Grant,2025-03-21,2369,70.42,USA,Stock Option,166824.98,0.2,33365.0,Approved,High Value
TX500067,EMP10218,Vesting,2026-07-02,622,74.58,USA,RSU,46388.76,0.4,18555.5,Approved,Normal
TX500068,EMP10026,Vesting,2025-09-14,2464,67.98,UK,RSU,167502.72,0.4,67001.09,Approved,High Value
TX500069,EMP10220,Cancellation,2025-08-05,80,29.72,UK,RSU,2377.6,0.4,951.04,Approved,Normal
TX500070,EMP11655,Vesting,2025-07-27,1120,45.6,Singapore,Performance Share,51072.0,0.4,20428.8,Approved,Normal
TX500071,EMP11297,Sale,2025-10-22,1297,16.38,Australia,ESPP,21244.86,0.2,4248.97,Approved,Normal
TX500072,EMP11323,Sale,2026-08-20,290,28.23,UK,RSU,8186.7,0.3,2456.01,Approved,Normal
TX500073,EMP10534,Exercise,2026-01-06,1746,6.97,USA,ESPP,12169.62,0.3,3650.89,Approved,Normal
TX500074,EMP10243,Sale,2025-02-12,2445,19.88,Australia,Performance Share,48606.6,0.3,14581.98,Approved,Normal
TX500075,EMP10362,Sale,2026-12-07,795,19.97,Singapore,RSU,15876.15,0.2,3175.23,Approved,Normal
TX500076,EMP10908,Exercise,2025-02-09,1009,10.99,USA,Stock Option,11088.91,0.3,3326.67,Approved,Normal
TX500077,EMP11178,Vesting,2026-02-14,501,83.34,Germany,RSU,41753.34,0.3,12526.0,Approved,Normal
TX500078,EMP11032,Exercise,2025-04-26,1001,25.24,India,Performance Share,25265.24,0.3,7579.57,Pending Review,Normal
TX500079,EMP11570,Sale,2025-08-14,2471,27.49,Singapore,ESPP,67927.79,0.4,27171.12,Approved,Normal
TX500080,EMP11281,Sale,2025-04-05,512,82.99,USA,Performance Share,42490.88,0.2,8498.18,Approved,Normal
TX500081,EMP11271,Sale,2026-07-02,1404,82.25,UK,RSU,115479.0,0.2,23095.8,Approved,High Value
TX500082,EMP10300,Vesting,2025-03-15,2409,46.76,Singapore,ESPP,112644.84,0.2,22528.97,Pending Review,High Value
TX500083,EMP10792,Exercise,2025-04-22,1047,51.55,Germany,ESPP,53972.85,0.3,16191.86,Approved,Normal
TX500084,EMP11135,Vesting,2025-05-30,309,68.06,Singapore,RSU,21030.54,0.2,4206.11,Approved,Normal
TX500085,EMP11378,Exercise,2026-08-28,294,22.67,India,RSU,6664.98,0.4,2665.99,Approved,Normal
TX500086,EMP11109,Vesting,2025-12-05,1834,42.0,UK,Performance Share,77028.0,0.2,0.0,Pending Review,Normal
TX500087,EMP11785,Vesting,2025-01-20,876,33.71,USA,Stock Option,29529.96,0.4,11811.98,Approved,Normal
TX500088,EMP11494,Grant,2025-08-22,1967,38.92,Germany,ESPP,76555.64,0.3,22966.69,Approved,Normal
TX500089,EMP11249,Sale,2025-07-30,1140,40.44,USA,ESPP,46101.6,0.2,9220.32,Approved,Normal
TX500090,EMP10329,Sale,2025-07-18,1258,33.65,Germany,Performance Share,42331.7,0.2,8466.34,Approved,Normal
TX500091,EMP10277,Sale,2026-04-27,2032,5.28,India,RSU,10728.96,0.4,4291.58,Approved,Normal
TX500092,EMP10075,Exercise,2026-03-07,1747,86.16,Singapore,ESPP,150521.52,0.4,60208.61,Approved,High Value
TX500093,EMP10779,Vesting,2025-11-29,746,31.4,UK,Performance Share,23424.4,0.4,9369.76,Approved,Normal
TX500094,EMP10739,Grant,2026-07-03,2339,53.53,USA,RSU,125206.67,0.2,25041.33,Approved,High Value
TX500095,EMP11150,Exercise,2025-06-20,1612,38.75,Singapore,Performance Share,62465.0,0.3,18739.5,Approved,Normal
TX500096,EMP11131,Grant,2025-11-22,735,11.65,USA,RSU,8562.75,0.3,2568.82,Approved,Normal
TX500097,EMP10133,Grant,2026-11-20,969,46.91,Germany,RSU,45455.79,0.3,13636.74,Approved,Normal
TX500098,EMP11429,Sale,2026-10-29,1767,48.92,Germany,RSU,86441.64,0.2,17288.33,Approved,Normal
TX500099,EMP11582,Exercise,2026-10-06,1273,6.28,UK,ESPP,7994.44,0.3,2398.33,Approved,Normal
TX500100,EMP11610,Vesting,2026-05-04,1681,24.46,Germany,Stock Option,41117.26,0.4,16446.9,Approved,Normal
TX500101,EMP10669,Sale,2025-09-04,689,17.45,USA,Performance Share,12023.05,0.3,3606.91,Approved,Normal
TX500102,EMP10382,Sale,2025-07-09,447,18.97,India,RSU,8479.59,0.4,3391.84,Approved,Normal
TX500103,EMP10307,Grant,2025-11-13,1091,39.28,USA,Performance Share,42854.48,0.3,12856.34,Pending Review,Normal
TX500104,EMP11342,Sale,2025-09-09,236,66.86,UK,RSU,15778.96,0.4,6311.58,Approved,Normal
TX500105,EMP10673,Vesting,2026-11-20,1523,54.49,India,RSU,82988.27,0.3,24896.48,Approved,Normal
TX500106,EMP10607,Grant,2026-01-21,1271,78.84,UK,RSU,100205.64,0.2,20041.13,Approved,High Value
TX500107,EMP10330,Vesting,2025-07-10,2070,20.43,India,RSU,42290.1,0.4,16916.04,Approved,Normal
TX500108,EMP10965,Vesting,2026-09-30,417,52.96,UK,ESPP,22084.32,0.3,6625.3,Approved,Normal
TX500109,EMP10862,Exercise,2026-04-12,2349,62.87,Germany,RSU,147681.63,0.2,29536.33,Approved,High Value
TX500110,EMP11657,Grant,2026-06-04,1083,47.1,India,ESPP,51009.3,0.2,10201.86,Approved,Normal
TX500111,EMP10191,Sale,2025-03-26,1133,20.46,UK,Performance Share,23181.18,0.4,9272.47,Approved,Normal
TX500112,EMP11932,Vesting,2026-08-10,2392,16.77,India,ESPP,40113.84,0.3,12034.15,Approved,Normal
TX500113,EMP11503,Exercise,2025-01-24,1043,8.3,UK,Stock Option,8656.9,0.3,2597.07,Approved,Normal
TX500114,EMP11785,Grant,2026-04-22,443,36.9,USA,Stock Option,16346.7,0.2,3269.34,Approved,Normal
TX500115,EMP10710,Grant,2025-10-16,2409,74.87,UK,Performance Share,180361.83,0.2,36072.37,Approved,High Value
TX500116,EMP10878,Vesting,2025-11-22,1719,22.82,Australia,RSU,39227.58,0.3,11768.27,Approved,Normal
TX500117,EMP11719,Vesting,2026-11-25,1518,44.21,UK,RSU,67110.78,0.2,13422.16,Approved,Normal
TX500118,EMP10095,Exercise,2025-05-18,102,77.07,UK,Performance Share,7861.14,0.4,3144.46,Approved,Normal
TX500119,EMP11208,Vesting,2025-07-16,938,26.58,UK,Performance Share,24932.04,0.45,11219.42,Approved,Normal
TX500120,EMP11841,Exercise,2026-06-14,1160,43.91,Australia,Performance Share,50935.6,0.2,10187.12,Approved,Normal
TX500121,EMP10318,Grant,2026-12-19,846,86.85,India,Performance Share,73475.1,0.2,14695.02,Approved,Normal
TX500122,EMP10467,Vesting,2025-08-09,2497,8.87,India,Performance Share,22148.39,0.3,6644.52,Approved,Normal
TX500123,EMP11044,Sale,2026-09-13,1431,67.3,Germany,Stock Option,96306.3,0.4,38522.52,Approved,Normal
TX500124,EMP11877,Grant,2025-03-19,2060,64.31,USA,ESPP,132478.6,0.3,39743.58,Approved,High Value
TX500125,EMP11445,Sale,2026-04-12,2265,56.8,Germany,RSU,128652.0,0.4,51460.8,Approved,High Value
TX500126,EMP10002,Grant,2025-08-04,2203,21.7,Singapore,RSU,47805.1,0.4,19122.04,Approved,Normal
TX500127,EMP10295,Grant,2026-04-29,1904,51.46,Germany,RSU,97979.84,0.4,39191.94,Approved,Normal
TX500128,EMP10408,Cancellation,2025-09-19,1164,46.5,Australia,Performance Share,54126.0,0.4,21650.4,Approved,Normal
TX500129,EMP10830,Exercise,2026-08-03,192,87.24,USA,RSU,16750.08,0.2,3350.02,Approved,Normal
TX500130,EMP11607,Sale,2025-11-19,1128,50.92,UK,ESPP,57437.76,0.2,11487.55,Approved,Normal
TX500131,EMP10289,Sale,2026-12-30,1495,11.72,UK,RSU,17521.4,0.4,7008.56,Approved,Normal
TX500132,EMP11202,Cancellation,2026-05-29,862,7.58,Singapore,Stock Option,6533.96,0.3,1960.19,Approved,Normal
TX500133,EMP11731,Vesting,2026-09-17,1749,44.86,UK,RSU,78460.14,0.3,23538.04,Approved,Normal
TX500134,EMP11817,Sale,2025-03-25,1187,75.14,India,Performance Share,89191.18,0.45,40136.03,Approved,Normal
TX500135,EMP10597,Exercise,2025-05-14,2482,47.7,UK,RSU,118391.4,0.2,23678.28,Approved,High Value
TX500136,EMP10142,Grant,2025-09-18,2492,7.94,UK,RSU,19786.48,0.45,8903.92,Approved,Normal
TX500137,EMP10439,Grant,2025-05-23,388,25.38,UK,RSU,9847.44,0.3,2954.23,Approved,Normal
TX500138,EMP10542,Sale,2026-03-16,371,6.34,USA,RSU,2352.14,0.2,470.43,Approved,Normal
TX500139,EMP10301,Sale,2025-01-27,672,87.31,Germany,Performance Share,58672.32,0.4,23468.93,Approved,Normal
TX500140,EMP10950,Cancellation,2026-01-23,708,77.33,USA,RSU,54749.64,0.3,16424.89,Approved,Normal
TX500141,EMP11424,Sale,2026-10-10,853,29.08,Singapore,Performance Share,24805.24,0.2,4961.05,Approved,Normal
TX500142,EMP10564,Grant,2025-04-27,1031,11.6,India,RSU,11959.6,0.45,5381.82,Approved,Normal
TX500143,EMP10743,Exercise,2026-11-07,1627,36.9,Australia,RSU,60036.3,0.3,18010.89,Approved,Normal
TX500144,EMP10880,Grant,2025-07-14,2122,37.15,India,RSU,78832.3,0.3,23649.69,Approved,Normal
TX500145,EMP11572,Sale,2026-04-02,1181,67.98,Australia,RSU,80284.38,0.2,16056.88,Approved,Normal
TX500146,EMP11529,Exercise,2025-06-03,992,38.16,UK,Stock Option,37854.72,0.2,7570.94,Pending Review,Normal
TX500147,EMP11303,Vesting,2025-06-25,1931,80.92,India,Performance Share,156256.52,0.4,62502.61,Approved,High Value
TX500148,EMP11681,Sale,2025-01-22,2344,67.12,India,ESPP,157329.28,0.3,47198.78,Approved,High Value
TX500149,EMP10260,Grant,2025-05-09,1518,39.98,India,RSU,60689.64,0.2,12137.93,Approved,Normal
TX500150,EMP11152,Grant,2025-06-14,892,62.01,Germany,RSU,55312.92,0.45,24890.81,Pending Review,Normal
TX500151,EMP11051,Exercise,2026-01-20,467,58.34,Germany,RSU,27244.78,0.2,5448.96,Pending Review,Normal
TX500152,EMP11883,Cancellation,2025-11-24,1344,19.42,India,RSU,26100.48,0.4,10440.19,Approved,Normal
TX500153,EMP11840,Grant,2026-06-07,2175,62.69,Singapore,RSU,136350.75,0.4,54540.3,Approved,High Value
TX500154,EMP11526,Vesting,2025-04-23,859,30.64,Singapore,RSU,26319.76,0.3,7895.93,Approved,Normal
TX500155,EMP10851,Sale,2025-05-04,1759,63.17,UK,Performance Share,111116.03,0.4,44446.41,Approved,High Value
TX500156,EMP11687,Exercise,2026-07-14,2269,68.54,UK,Performance Share,155517.26,0.45,69982.77,Approved,High Value
TX500157,EMP11590,Vesting,2025-09-21,435,56.11,India,RSU,24407.85,0.2,4881.57,Approved,Normal
TX500158,EMP10990,Cancellation,2025-08-11,651,53.69,UK,ESPP,34952.19,0.2,6990.44,Approved,Normal
TX500159,EMP11009,Exercise,2025-10-03,1196,85.06,Germany,RSU,101731.76,0.4,40692.7,Approved,High Value
TX500160,EMP10321,Sale,2025-08-02,358,18.96,UK,RSU,6787.68,0.2,1357.54,Approved,Normal
TX500161,EMP10278,Cancellation,2026-11-29,1554,55.94,Australia,Performance Share,86930.76,0.2,17386.15,Approved,Normal
TX500162,EMP11869,Cancellation,2026-03-17,770,8.37,UK,RSU,6444.9,0.3,1933.47,Approved,Normal
TX500163,EMP11672,Cancellation,2026-06-12,890,52.48,Germany,Stock Option,46707.2,0.2,9341.44,Approved,Normal
TX500164,EMP10250,Grant,2026-05-30,2322,61.34,India,Stock Option,142431.48,0.4,56972.59,Approved,High Value
TX500165,EMP11869,Sale,2026-03-12,2373,13.66,UK,RSU,32415.18,0.3,9724.55,Pending Review,Normal
TX500166,EMP10364,Exercise,2026-04-01,749,39.98,USA,ESPP,29945.02,0.2,5989.0,Approved,Normal
TX500167,EMP11511,Exercise,2026-10-13,255,34.53,India,Performance Share,8805.15,0.3,2641.54,Approved,Normal
TX500168,EMP11210,Sale,2025-01-17,1696,22.15,USA,RSU,37566.4,0.2,7513.28,Approved,Normal
TX500169,EMP11752,Grant,2025-01-05,845,91.5,USA,RSU,77317.5,0.3,23195.25,Approved,Normal
TX500170,EMP11753,Vesting,2025-04-14,1027,83.17,UK,RSU,85415.59,0.4,34166.24,Pending Review,Normal
TX500171,EMP10901,Vesting,2025-11-07,45,21.96,Singapore,RSU,988.2,0.4,395.28,Approved,Normal
TX500172,EMP11304,Grant,2025-07-05,320,71.23,India,Stock Option,22793.6,0.2,4558.72,Approved,Normal
TX500173,EMP10307,Sale,2026-05-19,2285,58.16,USA,Performance Share,132895.6,0.45,59803.02,Approved,High Value
TX500174,EMP10713,Exercise,2025-12-16,1464,15.15,UK,RSU,22179.6,0.2,4435.92,Approved,Normal
TX500175,EMP10392,Vesting,2025-09-25,1878,59.23,USA,RSU,111233.94,0.3,33370.18,Approved,High Value
TX500176,EMP10617,Grant,2026-03-06,1362,16.04,UK,ESPP,21846.48,0.3,6553.94,Approved,Normal
TX500177,EMP10810,Sale,2025-12-04,174,34.87,UK,RSU,6067.38,0.4,2426.95,Approved,Normal
TX500178,EMP11796,Cancellation,2025-12-31,2184,43.86,USA,ESPP,95790.24,0.4,38316.1,Approved,Normal
TX500179,EMP11118,Vesting,2026-07-09,1544,85.93,USA,ESPP,132675.92,0.2,26535.18,Approved,High Value
TX500180,EMP11852,Vesting,2025-01-16,775,64.85,USA,RSU,50258.75,0.2,10051.75,Approved,Normal
TX500181,EMP10029,Exercise,2025-11-04,1248,77.09,USA,ESPP,96208.32,0.2,19241.66,Pending Review,Normal
TX500182,EMP11405,Vesting,2025-12-31,194,58.36,UK,RSU,11321.84,0.3,3396.55,Approved,Normal
TX500183,EMP10742,Vesting,2026-04-01,818,18.08,Singapore,Performance Share,14789.44,0.2,2957.89,Approved,Normal
TX500184,EMP10043,Cancellation,2026-04-27,241,31.85,USA,Stock Option,7675.85,0.2,1535.17,Approved,Normal
TX500185,EMP10151,Cancellation,2026-01-14,866,73.45,UK,RSU,63607.7,0.45,28623.46,Approved,Normal
TX500186,EMP10013,Cancellation,2026-10-24,428,33.45,India,RSU,14316.6,0.3,4294.98,Approved,Normal
TX500187,EMP10366,Exercise,2025-01-17,1380,29.72,UK,RSU,41013.6,0.2,8202.72,Pending Review,Normal
TX500188,EMP11396,Cancellation,2025-03-17,676,75.86,USA,Stock Option,51281.36,0.2,10256.27,Approved,Normal
TX500189,EMP11475,Vesting,2026-12-09,2247,93.2,Germany,Performance Share,209420.4,0.3,62826.12,Approved,High Value
TX500190,EMP10449,Cancellation,2025-04-10,1543,18.23,India,ESPP,28128.89,0.2,5625.78,Approved,Normal
TX500191,EMP10183,Vesting,2025-04-17,760,24.06,Singapore,RSU,18285.6,0.2,3657.12,Pending Review,Normal
TX500192,EMP10580,Exercise,2025-04-16,141,79.33,Australia,Stock Option,11185.53,0.2,2237.11,Approved,Normal
TX500193,EMP10378,Vesting,2025-04-20,466,72.73,Germany,RSU,33892.18,0.3,10167.65,Approved,Normal
TX500194,EMP10062,Exercise,2026-07-05,1772,37.36,USA,RSU,66201.92,0.3,19860.58,Approved,Normal
TX500195,EMP11456,Sale,2026-07-04,1780,29.8,USA,Performance Share,53044.0,0.3,15913.2,Approved,Normal
TX500196,EMP11410,Exercise,2026-05-29,42,77.69,Australia,Performance Share,3262.98,0.3,978.89,Pending Review,Normal
TX500197,EMP11400,Grant,2025-06-07,1663,54.43,UK,RSU,90517.09,0.3,27155.13,Approved,Normal
TX500198,EMP10261,Sale,2026-08-08,584,71.55,Germany,ESPP,41785.2,0.3,12535.56,Approved,Normal
TX500199,EMP11373,Cancellation,2026-12-22,2451,53.22,USA,RSU,130442.22,0.3,39132.67,Approved,High Value
TX500200,EMP11385,Exercise,2026-07-28,2470,79.72,India,ESPP,196908.4,0.2,39381.68,Approved,High Value
TX500201,EMP11760,Cancellation,2025-07-31,1115,54.57,India,RSU,60845.55,0.3,18253.66,Approved,Normal
TX500202,EMP10319,Exercise,2026-03-08,2080,35.94,India,Performance Share,74755.2,0.2,14951.04,Approved,Normal
TX500203,EMP10592,Grant,2026-02-23,617,85.29,India,RSU,52623.93,0.3,15787.18,Approved,Normal
TX500204,EMP11753,Exercise,2026-12-02,1615,66.14,UK,RSU,106816.1,0.2,21363.22,Approved,High Value
TX500205,EMP10501,Vesting,2026-10-24,691,11.2,Germany,Stock Option,7739.2,0.2,1547.84,Approved,Normal
TX500206,EMP10032,Exercise,2025-03-31,1477,24.88,India,Performance Share,36747.76,0.2,7349.55,Approved,Normal
TX500207,EMP11836,Sale,2025-07-18,625,18.98,UK,RSU,11862.5,0.2,2372.5,Approved,Normal
TX500208,EMP10394,Cancellation,2025-01-15,2300,80.44,USA,RSU,185012.0,0.3,55503.6,Approved,High Value
TX500209,EMP11408,Vesting,2025-09-30,1603,89.68,USA,ESPP,143757.04,0.45,64690.67,Approved,High Value
TX500210,EMP10157,Sale,2026-05-31,2401,52.33,USA,RSU,125644.33,0.2,25128.87,Approved,High Value
TX500211,EMP11950,Exercise,2025-09-02,664,14.1,India,Performance Share,9362.4,0.2,1872.48,Approved,Normal
TX500212,EMP11305,Grant,2025-09-29,1437,40.43,Australia,RSU,58097.91,0.4,23239.16,Approved,Normal
TX500213,EMP10315,Grant,2026-05-13,2267,50.44,USA,ESPP,114347.48,0.3,34304.24,Approved,High Value
TX500214,EMP11458,Grant,2025-04-05,1244,92.22,Germany,ESPP,114721.68,0.3,34416.5,Approved,High Value
TX500215,EMP11210,Vesting,2026-11-26,1256,39.28,USA,RSU,49335.68,0.2,9867.14,Approved,Normal
TX500216,EMP10474,Vesting,2025-12-08,2161,37.03,USA,Performance Share,80021.83,0.2,16004.37,Approved,Normal
TX500217,EMP10848,Vesting,2025-11-19,1085,79.44,UK,Performance Share,86192.4,0.3,25857.72,Approved,Normal
TX500218,EMP11493,Cancellation,2025-06-15,1110,40.83,USA,RSU,45321.3,0.3,13596.39,Pending Review,Normal
TX500219,EMP11340,Vesting,2025-07-14,395,20.65,UK,Stock Option,8156.75,0.4,3262.7,Approved,Normal
TX500220,EMP11915,Grant,2025-03-29,2345,12.49,India,RSU,29289.05,0.3,8786.72,Approved,Normal
TX500221,EMP10038,Sale,2025-12-30,741,75.65,India,Stock Option,56056.65,0.2,11211.33,Approved,Normal
TX500222,EMP10350,Exercise,2026-12-29,840,16.3,India,ESPP,13692.0,0.3,4107.6,Approved,Normal
TX500223,EMP11860,Exercise,2026-05-01,1243,34.47,Germany,RSU,42846.21,0.3,12853.86,Pending Review,Normal
TX500224,EMP10016,Sale,2026-11-06,127,21.7,Germany,RSU,2755.9,0.3,826.77,Approved,Normal
TX500225,EMP10165,Cancellation,2025-08-22,543,35.98,Singapore,Performance Share,19537.14,0.3,5861.14,Approved,Normal
TX500226,EMP11070,Sale,2026-02-21,1769,75.89,Singapore,RSU,134249.41,0.2,26849.88,Pending Review,High Value
TX500227,EMP11822,Cancellation,2026-10-29,1293,23.02,Germany,RSU,29764.86,0.3,8929.46,Approved,Normal
TX500228,EMP11995,Sale,2025-02-22,803,47.08,USA,RSU,37805.24,0.3,11341.57,Approved,Normal
TX500229,EMP11674,Vesting,2025-07-31,200,9.0,Australia,Stock Option,1800.0,0.3,540.0,Approved,Normal
TX500230,EMP10443,Sale,2026-08-12,622,75.68,UK,RSU,47072.96,0.4,18829.18,Approved,Normal
TX500231,EMP10820,Exercise,2026-07-03,1037,12.31,Singapore,RSU,12765.47,0.3,3829.64,Approved,Normal
TX500232,EMP10967,Grant,2026-08-14,2138,86.33,Singapore,ESPP,184573.54,0.3,55372.06,Pending Review,High Value
TX500233,EMP10631,Sale,2025-07-03,1641,77.88,UK,RSU,127801.08,0.2,25560.22,Approved,High Value
TX500234,EMP10495,Cancellation,2025-07-14,2132,13.53,USA,ESPP,28845.96,0.4,11538.38,Approved,Normal
TX500235,EMP10209,Vesting,2025-06-28,1397,15.17,USA,Performance Share,21192.49,0.2,4238.5,Approved,Normal
TX500236,EMP10699,Exercise,2025-12-27,2173,87.3,India,RSU,189702.9,0.3,56910.87,Approved,High Value
TX500237,EMP10948,Grant,2025-11-23,2083,9.07,India,Performance Share,18892.81,0.3,5667.84,Approved,Normal
TX500238,EMP11354,Cancellation,2025-08-31,2041,63.43,USA,Stock Option,129460.63,0.45,58257.28,Approved,High Value
TX500239,EMP10598,Sale,2025-09-16,1949,18.83,UK,RSU,36699.67,0.2,7339.93,Approved,Normal
TX500240,EMP11101,Sale,2025-06-02,1613,7.19,Germany,RSU,11597.47,0.2,2319.49,Approved,Normal
TX500241,EMP11324,Grant,2025-12-23,957,94.05,USA,ESPP,90005.85,0.4,36002.34,Approved,Normal
TX500242,EMP10064,Grant,2026-04-18,831,47.96,India,ESPP,39854.76,0.4,15941.9,Approved,Normal
TX500243,EMP11106,Vesting,2025-01-12,1810,53.68,UK,Stock Option,97160.8,0.3,29148.24,Approved,Normal
TX500244,EMP10344,Sale,2025-07-19,822,87.66,Singapore,RSU,72056.52,0.4,28822.61,Approved,Normal
TX500245,EMP10059,Vesting,2026-09-09,1961,91.98,USA,ESPP,180372.78,0.2,36074.56,Approved,High Value
TX500246,EMP10146,Grant,2026-09-11,639,42.84,UK,RSU,27374.76,0.4,10949.9,Approved,Normal
TX500247,EMP10891,Grant,2025-10-21,269,65.62,UK,RSU,17651.78,0.3,5295.53,Approved,Normal
TX500248,EMP11653,Vesting,2025-07-13,2130,43.88,USA,RSU,93464.4,0.2,18692.88,Approved,Normal
TX500249,EMP10493,Grant,2025-11-14,2274,71.14,Australia,RSU,161772.36,0.2,32354.47,Approved,High Value
TX500250,EMP11434,Sale,2026-06-22,1399,61.69,USA,RSU,86304.31,0.2,17260.86,Approved,Normal
TX500251,EMP10896,Exercise,2026-06-24,2055,83.58,Singapore,RSU,171756.9,0.2,34351.38,Approved,High Value
TX500252,EMP11157,Vesting,2025-02-03,1821,43.06,USA,RSU,78412.26,0.2,15682.45,Approved,Normal
TX500253,EMP10270,Sale,2025-12-05,2156,62.06,USA,ESPP,133801.36,0.2,26760.27,Approved,High Value
TX500254,EMP10110,Sale,2026-03-04,299,83.75,India,RSU,25041.25,0.4,10016.5,Approved,Normal
TX500255,EMP11212,Grant,2026-03-03,2192,93.25,India,Performance Share,204404.0,0.2,40880.8,Approved,High Value
TX500256,EMP11382,Exercise,2026-07-24,1563,9.65,India,Performance Share,15082.95,0.4,6033.18,Approved,Normal
TX500257,EMP11094,Grant,2025-09-24,1376,59.06,USA,Performance Share,81266.56,0.2,16253.31,Approved,Normal
TX500258,EMP10852,Vesting,2025-02-26,701,39.59,Singapore,Stock Option,27752.59,0.3,8325.78,Approved,Normal
TX500259,EMP11480,Vesting,2026-11-30,1367,32.7,UK,Performance Share,44700.9,0.2,8940.18,Approved,Normal
TX500260,EMP10107,Vesting,2026-06-10,2275,71.58,Australia,RSU,162844.5,0.3,48853.35,Approved,High Value
TX500261,EMP11154,Cancellation,2025-02-02,1809,30.7,UK,RSU,55536.3,0.2,11107.26,Approved,Normal
TX500262,EMP11522,Vesting,2025-08-17,2388,48.54,USA,Performance Share,115913.52,0.3,34774.06,Approved,High Value
TX500263,EMP11777,Sale,2026-11-08,1170,29.4,USA,Performance Share,34398.0,0.3,10319.4,Approved,Normal
TX500264,EMP11383,Vesting,2026-07-19,445,63.75,India,Performance Share,28368.75,0.2,5673.75,Approved,Normal
TX500265,EMP10320,Sale,2025-06-26,2426,66.21,Australia,RSU,160625.46,0.3,48187.64,Approved,High Value
TX500266,EMP10780,Exercise,2025-07-01,2426,18.33,USA,RSU,44468.58,0.2,8893.72,Approved,Normal
TX500267,EMP10153,Grant,2025-10-03,1882,77.35,USA,ESPP,145572.7,0.4,58229.08,Approved,High Value
TX500268,EMP11016,Sale,2025-05-12,1088,90.72,Singapore,ESPP,98703.36,0.3,29611.01,Pending Review,Normal
TX500269,EMP11960,Exercise,2025-06-26,2371,94.84,Germany,RSU,224865.64,0.4,89946.26,Approved,High Value
TX500270,EMP11823,Cancellation,2025-03-05,584,91.41,Singapore,RSU,53383.44,0.3,16015.03,Approved,Normal
TX500271,EMP10512,Vesting,2026-10-22,1585,57.45,India,ESPP,91058.25,0.4,36423.3,Approved,Normal
TX500272,EMP11422,Vesting,2025-02-12,1782,78.67,Singapore,RSU,140189.94,0.4,56075.98,Approved,High Value
TX500273,EMP10467,Grant,2025-01-15,124,72.26,India,Performance Share,8960.24,0.4,3584.1,Approved,Normal
TX500274,EMP11461,Sale,2025-03-04,1079,83.77,India,ESPP,90387.83,0.3,27116.35,Approved,Normal
TX500275,EMP10400,Vesting,2025-06-17,2100,74.15,Australia,Stock Option,155715.0,0.2,31143.0,Approved,High Value
TX500276,EMP11628,Exercise,2025-04-25,310,66.66,UK,Stock Option,20664.6,0.4,8265.84,Pending Review,Normal
TX500277,EMP10196,Grant,2026-07-11,1400,58.26,India,Stock Option,81564.0,0.3,24469.2,Approved,Normal
TX500278,EMP10598,Exercise,2026-04-28,2283,45.89,UK,RSU,104766.87,0.4,41906.75,Approved,High Value
TX500279,EMP10125,Vesting,2025-06-20,323,27.8,Australia,Stock Option,8979.4,0.2,1795.88,Approved,Normal
TX500280,EMP11489,Grant,2026-12-07,1604,60.86,UK,RSU,97619.44,0.2,19523.89,Approved,Normal
TX500281,EMP10815,Sale,2025-06-03,1288,93.23,India,RSU,120080.24,0.3,36024.07,Approved,High Value
TX500282,EMP10326,Vesting,2026-12-07,2168,69.75,India,Performance Share,151218.0,0.2,30243.6,Approved,High Value
TX500283,EMP11475,Cancellation,2025-11-01,1762,92.44,Germany,Performance Share,162879.28,0.2,32575.86,Approved,High Value
TX500284,EMP10774,Grant,2026-01-21,1181,65.22,USA,RSU,77024.82,0.3,23107.45,Pending Review,Normal
TX500285,EMP11650,Cancellation,2026-02-17,1999,86.15,USA,RSU,172213.85,0.4,68885.54,Pending Review,High Value
TX500286,EMP10394,Vesting,2026-08-23,1959,67.01,USA,RSU,131272.59,0.3,39381.78,Approved,High Value
TX500287,EMP10790,Vesting,2025-11-15,1539,78.08,UK,Stock Option,120165.12,0.2,24033.02,Approved,High Value
TX500288,EMP10787,Sale,2026-11-09,1706,17.46,Australia,Stock Option,29786.76,0.4,11914.7,Approved,Normal
TX500289,EMP10672,Exercise,2026-11-12,1225,8.66,UK,ESPP,10608.5,0.3,3182.55,Approved,Normal
TX500290,EMP10975,Sale,2025-11-08,2161,32.81,UK,Performance Share,70902.41,0.2,14180.48,Approved,Normal
TX500291,EMP10564,Cancellation,2025-09-01,99,34.73,India,RSU,3438.27,0.45,1547.22,Approved,Normal
TX500292,EMP10139,Vesting,2025-06-07,1135,14.43,USA,ESPP,16378.05,0.2,3275.61,Approved,Normal
TX500293,EMP10006,Grant,2026-04-20,613,28.28,USA,RSU,17335.64,0.2,3467.13,Approved,Normal
TX500294,EMP11365,Sale,2025-12-10,1176,69.13,UK,RSU,81296.88,0.2,16259.38,Approved,Normal
TX500295,EMP10431,Vesting,2026-01-04,210,52.9,India,RSU,11109.0,0.2,2221.8,Pending Review,Normal
TX500296,EMP11061,Grant,2025-11-13,2167,26.23,India,RSU,56840.41,0.3,17052.12,Approved,Normal
TX500297,EMP11492,Grant,2026-03-07,2006,69.67,India,ESPP,139758.02,0.3,41927.41,Approved,High Value
TX500298,EMP10168,Vesting,2025-03-27,406,37.32,Australia,Stock Option,15151.92,0.4,6060.77,Approved,Normal
TX500299,EMP11572,Grant,2025-03-18,1536,19.02,Australia,RSU,29214.72,0.3,8764.42,Approved,Normal
TX500300,EMP11786,Vesting,2026-08-30,2429,71.32,Germany,RSU,173236.28,0.2,34647.26,Approved,High Value
TX500301,EMP10650,Cancellation,2026-09-25,1353,28.04,UK,ESPP,37938.12,0.3,11381.44,Approved,Normal
TX500302,EMP11437,Cancellation,2025-10-28,870,71.06,USA,RSU,61822.2,0.4,24728.88,Approved,Normal
TX500303,EMP11415,Sale,2026-08-02,549,21.78,USA,Stock Option,11957.22,0.2,2391.44,Approved,Normal
TX500304,EMP11895,Cancellation,2025-05-22,360,22.95,UK,Performance Share,8262.0,0.45,3717.9,Approved,Normal
TX500305,EMP10677,Vesting,2025-02-22,848,7.31,India,RSU,6198.88,0.3,1859.66,Approved,Normal
TX500306,EMP11098,Vesting,2025-05-23,1797,91.1,Germany,Stock Option,163706.7,0.3,49112.01,Approved,High Value
TX500307,EMP11215,Sale,2026-04-20,2160,81.12,USA,Stock Option,175219.2,0.45,78848.64,Approved,High Value
TX500308,EMP10536,Sale,2025-03-04,1833,20.45,UK,Stock Option,37484.85,0.3,11245.46,Approved,Normal
TX500309,EMP11116,Grant,2026-05-06,1209,12.16,India,RSU,14701.44,0.4,5880.58,Pending Review,Normal
TX500310,EMP11223,Grant,2025-10-25,190,49.25,USA,RSU,9357.5,0.2,1871.5,Approved,Normal
TX500311,EMP11046,Sale,2026-03-24,187,62.92,India,RSU,11766.04,0.4,4706.42,Approved,Normal
TX500312,EMP11523,Sale,2026-12-04,1047,10.83,UK,ESPP,11339.01,0.45,5102.55,Approved,Normal
TX500313,EMP10630,Grant,2026-01-21,1941,47.13,USA,RSU,91479.33,0.4,0.0,Approved,Normal
TX500314,EMP11976,Exercise,2026-12-22,586,62.86,UK,ESPP,36835.96,0.3,11050.79,Pending Review,Normal
TX500315,EMP11954,Exercise,2026-09-17,642,84.51,UK,RSU,54255.42,0.2,10851.08,Approved,Normal
TX500316,EMP11053,Grant,2026-04-21,245,61.2,India,RSU,14994.0,0.2,2998.8,Approved,Normal
TX500317,EMP11414,Vesting,2026-06-21,251,54.4,India,Performance Share,13654.4,0.3,4096.32,Approved,Normal
TX500318,EMP10146,Sale,2025-07-03,1005,24.28,UK,RSU,24401.4,0.2,4880.28,Pending Review,Normal
TX500319,EMP11598,Vesting,2025-11-20,2016,42.33,Australia,RSU,85337.28,0.3,25601.18,Approved,Normal
TX500320,EMP11988,Vesting,2026-12-15,1139,43.09,Australia,RSU,49079.51,0.2,9815.9,Approved,Normal
TX500321,EMP11486,Cancellation,2025-04-12,314,25.27,USA,Stock Option,7934.78,0.2,1586.96,Pending Review,Normal
TX500322,EMP10682,Vesting,2025-12-11,2340,24.61,UK,RSU,57587.4,0.3,17276.22,Approved,Normal
TX500323,EMP11090,Vesting,2025-08-06,897,20.54,USA,Stock Option,18424.38,0.4,7369.75,Approved,Normal
TX500324,EMP10109,Exercise,2026-02-19,720,24.04,UK,ESPP,17308.8,0.2,3461.76,Approved,Normal
TX500325,EMP11951,Sale,2025-10-05,1411,9.09,India,ESPP,12825.99,0.3,3847.8,Approved,Normal
TX500326,EMP11953,Grant,2026-09-03,667,64.76,Australia,Stock Option,43194.92,0.2,8638.98,Approved,Normal
TX500327,EMP10652,Exercise,2025-03-09,1998,84.92,Australia,Stock Option,169670.16,0.2,33934.03,Approved,High Value
TX500328,EMP10752,Grant,2025-07-27,438,31.38,USA,RSU,13744.44,0.2,2748.89,Pending Review,Normal
TX500329,EMP11104,Vesting,2025-09-21,1053,41.34,India,RSU,43531.02,0.45,19588.96,Approved,Normal
TX500330,EMP10035,Vesting,2025-03-24,974,63.67,India,Performance Share,62014.58,0.2,12402.92,Approved,Normal
TX500331,EMP11547,Vesting,2025-12-12,2457,22.6,Australia,Stock Option,55528.2,0.4,22211.28,Approved,Normal
TX500332,EMP99999,Vesting,2025-05-22,1916,88.37,India,RSU,169316.92,0.2,33863.38,Approved,High Value
TX500333,EMP10356,Sale,2025-10-19,213,11.94,UK,Stock Option,2543.22,0.3,762.97,Pending Review,Normal
TX500334,EMP10937,Exercise,2026-08-03,75,79.11,USA,Stock Option,5933.25,0.4,2373.3,Approved,Normal
TX500335,EMP10983,Vesting,2025-08-06,87,14.49,Australia,Stock Option,1260.63,0.3,378.19,Approved,Normal
TX500336,EMP10388,Grant,2025-11-11,149,50.35,India,RSU,7502.15,0.4,3000.86,Approved,Normal
TX500337,EMP11871,Exercise,2025-05-20,1648,35.92,UK,Performance Share,59196.16,0.2,11839.23,Approved,Normal
TX500338,EMP10389,Sale,2026-12-19,1875,59.09,Germany,ESPP,110793.75,0.3,33238.12,Approved,High Value
TX500339,EMP11466,Sale,2025-04-22,1734,59.63,Australia,ESPP,103398.42,0.3,31019.53,Approved,High Value
TX500340,EMP10390,Sale,2025-04-19,1514,15.01,USA,RSU,22725.14,0.4,9090.06,Approved,Normal
TX500341,EMP10270,Grant,2025-04-08,411,51.64,USA,ESPP,21224.04,0.3,6367.21,Approved,Normal
TX500342,EMP10681,Vesting,2025-08-27,1444,18.86,India,RSU,27233.84,0.3,8170.15,Approved,Normal
TX500343,EMP10479,Sale,2026-08-05,1940,41.32,UK,ESPP,80160.8,0.4,32064.32,Approved,Normal
TX500344,EMP10773,Vesting,2026-02-07,1747,58.36,India,Performance Share,101954.92,0.4,40781.97,Approved,High Value
TX500345,EMP11079,Cancellation,2025-12-17,1116,64.59,USA,Performance Share,72082.44,0.4,28832.98,Approved,Normal
TX500346,EMP11679,Vesting,2026-07-19,1454,88.07,Australia,RSU,128053.78,0.2,25610.76,Approved,High Value
TX500347,EMP11338,Cancellation,2025-03-18,92,13.79,India,Performance Share,1268.68,0.4,507.47,Pending Review,Normal
TX500348,EMP11027,Vesting,2025-03-19,1643,79.9,USA,ESPP,131275.7,0.45,59074.07,Approved,High Value
TX500349,EMP10838,Grant,2025-10-23,1445,74.38,Germany,Stock Option,107479.1,0.45,48365.6,Approved,High Value
TX500350,EMP11664,Cancellation,2026-08-20,1320,46.19,India,RSU,60970.8,0.4,24388.32,Approved,Normal
TX500351,EMP10840,Exercise,2025-01-12,2143,35.93,Germany,RSU,76997.99,0.2,15399.6,Approved,Normal
TX500352,EMP10511,Cancellation,2026-11-19,251,47.37,UK,RSU,11889.87,0.2,2377.97,Approved,Normal
TX500353,EMP10894,Vesting,2026-07-15,955,55.66,USA,RSU,53155.3,0.4,21262.12,Approved,Normal
TX500354,EMP11406,Exercise,2026-03-05,1496,72.24,Australia,ESPP,108071.04,0.2,21614.21,Approved,High Value
TX500355,EMP11453,Sale,2026-03-22,207,11.22,UK,Performance Share,2322.54,0.3,696.76,Approved,Normal
TX500356,EMP10235,Grant,2025-11-19,1536,33.42,Australia,RSU,51333.12,0.2,10266.62,Approved,Normal
TX500357,EMP11096,Grant,2026-05-24,2262,63.5,India,ESPP,143637.0,0.2,28727.4,Approved,High Value
TX500358,EMP11635,Vesting,2026-06-30,2038,68.72,UK,Stock Option,140051.36,0.3,42015.41,Approved,High Value
TX500359,EMP10749,Grant,2025-12-03,2444,49.9,Singapore,ESPP,121955.6,0.4,48782.24,Approved,High Value
TX500360,EMP11016,Vesting,2025-12-10,652,67.57,Singapore,ESPP,44055.64,0.3,13216.69,Approved,Normal
TX500361,EMP10065,Exercise,2025-10-05,456,33.08,USA,Performance Share,15084.48,0.4,6033.79,Approved,Normal
TX500362,EMP10305,Sale,2026-02-24,707,59.55,UK,RSU,42101.85,0.3,12630.55,Approved,Normal
TX500363,EMP11580,Cancellation,2026-05-27,433,36.51,USA,ESPP,15808.83,0.4,6323.53,Approved,Normal
TX500364,EMP10349,Vesting,2025-12-25,1357,16.08,USA,RSU,21820.56,0.3,6546.17,Approved,Normal
TX500365,EMP10662,Grant,2025-05-18,2454,31.83,Australia,RSU,78110.82,0.3,23433.25,Approved,Normal
TX500366,EMP11807,Grant,2026-11-04,1323,22.4,USA,Stock Option,29635.2,0.4,11854.08,Approved,Normal
TX500367,EMP11958,Sale,2025-04-04,1026,9.24,India,RSU,9480.24,0.2,1896.05,Approved,Normal
TX500368,EMP11810,Vesting,2026-12-29,690,67.15,India,RSU,46333.5,0.3,13900.05,Approved,Normal
TX500369,EMP11475,Sale,2025-08-02,1411,51.63,Germany,Performance Share,72849.93,0.2,14569.99,Approved,Normal
TX500370,EMP11392,Vesting,2025-08-14,1222,13.75,India,Performance Share,16802.5,0.2,3360.5,Approved,Normal
TX500371,EMP11891,Cancellation,2025-01-02,42,90.2,USA,RSU,3788.4,0.4,1515.36,Approved,Normal
TX500372,EMP11300,Vesting,2026-10-17,1109,93.14,USA,RSU,103292.26,0.3,30987.68,Approved,High Value
TX500373,EMP11636,Vesting,2026-10-12,1018,83.06,Germany,ESPP,84555.08,0.4,33822.03,Approved,Normal
TX500374,EMP10226,Grant,2025-02-10,734,93.4,India,ESPP,68555.6,0.4,27422.24,Approved,Normal
TX500375,EMP10351,Grant,2025-07-11,1598,89.97,Singapore,Stock Option,143772.06,0.3,43131.62,Approved,High Value
TX500376,EMP11818,Sale,2025-09-18,1941,53.66,India,Performance Share,104154.06,0.4,41661.62,Pending Review,High Value
TX500377,EMP10914,Vesting,2025-11-18,1224,24.11,USA,Stock Option,29510.64,0.4,11804.26,Approved,Normal
TX500378,EMP10632,Cancellation,2026-07-01,1203,65.34,USA,ESPP,78604.02,0.45,35371.81,Approved,Normal
TX500379,EMP10811,Sale,2025-06-30,2408,82.02,UK,RSU,197504.16,0.45,88876.87,Pending Review,High Value
TX500380,EMP10556,Vesting,2026-03-16,2356,35.84,India,Performance Share,84439.04,0.3,25331.71,Approved,Normal
TX500381,EMP10189,Vesting,2025-05-08,1204,53.86,Germany,Stock Option,64847.44,0.3,19454.23,Pending Review,Normal
TX500382,EMP10724,Grant,2025-12-10,473,43.84,USA,RSU,20736.32,0.4,8294.53,Approved,Normal
TX500383,EMP10264,Vesting,2025-11-02,2468,5.13,Singapore,RSU,12660.84,0.45,5697.38,Pending Review,Normal
TX500384,EMP10134,Vesting,2026-03-13,1534,83.61,UK,Performance Share,128257.74,0.45,57715.98,Approved,High Value
TX500385,EMP10433,Cancellation,2025-02-05,1055,55.95,USA,Stock Option,59027.25,0.4,23610.9,Approved,Normal
TX500386,EMP11725,Sale,2026-07-31,767,38.88,USA,Stock Option,29820.96,0.45,13419.43,Approved,Normal
TX500387,EMP10067,Vesting,2026-12-31,382,67.45,Germany,RSU,25765.9,0.2,5153.18,Approved,Normal
TX500388,EMP10154,Vesting,2026-05-06,1754,39.08,India,RSU,68546.32,0.4,27418.53,Approved,Normal
TX500389,EMP11910,Grant,2026-05-07,670,61.28,UK,ESPP,41057.6,0.3,12317.28,Approved,Normal
TX500390,EMP11210,Sale,2025-06-18,336,90.78,USA,RSU,30502.08,0.3,9150.62,Approved,Normal
TX500391,EMP10011,Exercise,2026-08-02,1845,5.13,USA,RSU,9464.85,0.4,3785.94,Approved,Normal
TX500392,EMP10195,Exercise,2026-11-23,1371,12.35,UK,RSU,16931.85,0.4,6772.74,Approved,Normal
TX500393,EMP10973,Grant,2025-02-11,1545,70.41,Singapore,Stock Option,108783.45,0.45,48952.55,Approved,High Value
TX500394,EMP11134,Sale,2026-10-18,1331,51.49,India,ESPP,68533.19,0.45,30839.94,Approved,Normal
TX500395,EMP10901,Vesting,2026-03-07,2401,46.54,Singapore,RSU,111742.54,0.45,50284.14,Approved,High Value
TX500396,EMP10287,Cancellation,2026-03-22,2088,55.06,Singapore,RSU,114965.28,0.2,22993.06,Approved,High Value
TX500397,EMP10715,Vesting,2025-07-02,2107,73.74,USA,RSU,155370.18,0.3,46611.05,Approved,High Value
TX500398,EMP10297,Exercise,2026-07-16,1157,67.8,India,RSU,78444.6,0.3,23533.38,Approved,Normal
TX500399,EMP10410,Grant,2026-05-10,613,48.74,India,RSU,29877.62,0.4,11951.05,Approved,Normal
TX500400,EMP10555,Sale,2026-09-03,846,87.46,Germany,RSU,73991.16,0.2,14798.23,Pending Review,Normal
TX500401,EMP11351,Sale,2026-06-27,2244,92.59,USA,Performance Share,207771.96,0.2,41554.39,Approved,High Value
TX500402,EMP11708,Exercise,2025-01-23,1369,82.18,UK,Stock Option,112504.42,0.3,33751.33,Approved,High Value
TX500403,EMP10952,Vesting,2025-06-21,1253,79.99,India,Stock Option,100227.47,0.3,30068.24,Approved,High Value
TX500404,EMP10836,Vesting,2026-08-27,736,78.46,UK,Stock Option,57746.56,0.4,23098.62,Pending Review,Normal
TX500405,EMP10772,Exercise,2026-10-31,662,82.37,Australia,Stock Option,54528.94,0.2,10905.79,Approved,Normal
TX500406,EMP10570,Cancellation,2025-09-27,2122,48.36,UK,Performance Share,102619.92,0.3,30785.98,Approved,High Value
TX500407,EMP10721,Sale,2025-05-31,1161,79.76,UK,RSU,92601.36,0.2,18520.27,Approved,Normal
TX500408,EMP10466,Vesting,2026-03-04,2449,21.18,UK,Performance Share,51869.82,0.2,10373.96,Approved,Normal
TX500409,EMP10572,Sale,2026-02-12,584,45.94,UK,Performance Share,26828.96,0.2,5365.79,Approved,Normal
TX500410,EMP10746,Exercise,2026-06-22,1422,31.98,India,Stock Option,45475.56,0.3,13642.67,Approved,Normal
TX500411,EMP11829,Exercise,2026-10-04,1093,68.43,India,RSU,74793.99,0.2,14958.8,Approved,Normal
TX500412,EMP11849,Grant,2025-02-24,1920,29.3,UK,RSU,56256.0,0.45,25315.2,Approved,Normal
TX500413,EMP10771,Vesting,2026-02-17,1714,75.2,Singapore,RSU,128892.8,0.45,58001.76,Approved,High Value
TX500414,EMP10669,Vesting,2025-11-22,1408,85.66,USA,Performance Share,120609.28,0.4,48243.71,Approved,High Value
TX500415,EMP11179,Exercise,2026-06-10,270,50.67,Singapore,RSU,13680.9,0.3,4104.27,Approved,Normal
TX500416,EMP10575,Grant,2026-08-18,49,50.99,Germany,RSU,2498.51,0.3,749.55,Approved,Normal
TX500417,EMP11981,Grant,2026-01-06,2324,79.65,UK,ESPP,185106.6,0.2,37021.32,Approved,High Value
TX500418,EMP10708,Sale,2025-08-06,1822,42.19,UK,Stock Option,76870.18,0.4,30748.07,Approved,Normal
TX500419,EMP10131,Vesting,2026-12-11,1020,89.62,UK,ESPP,91412.4,0.3,27423.72,Approved,Normal
TX500420,EMP10363,Sale,2026-01-30,2246,38.67,Singapore,RSU,86852.82,0.45,39083.77,Approved,Normal
TX500421,EMP11641,Vesting,2026-10-22,256,41.92,Australia,RSU,10731.52,0.3,3219.46,Approved,Normal
TX500422,EMP10843,Cancellation,2025-09-04,1280,59.8,USA,ESPP,76544.0,0.4,30617.6,Approved,Normal
TX500423,EMP10101,Vesting,2026-03-06,2207,89.58,UK,Stock Option,197703.06,0.2,39540.61,Approved,High Value
TX500424,EMP10688,Sale,2025-05-08,775,6.25,UK,ESPP,4843.75,0.3,1453.12,Approved,Normal
TX500425,EMP10031,Exercise,2026-02-18,1861,26.34,UK,ESPP,49018.74,0.3,14705.62,Approved,Normal
TX500426,EMP11289,Grant,2025-05-24,670,49.35,UK,RSU,33064.5,0.2,6612.9,Approved,Normal
TX500427,EMP10409,Grant,2025-02-17,421,49.97,UK,RSU,21037.37,0.2,4207.47,Approved,Normal
TX500428,EMP11267,Sale,2026-03-09,189,57.57,UK,RSU,10880.73,0.3,3264.22,Approved,Normal
TX500429,EMP10833,Cancellation,2026-02-16,2053,76.22,UK,RSU,156479.66,0.4,62591.86,Approved,High Value
TX500430,EMP10829,Exercise,2025-11-14,2476,37.36,Australia,Stock Option,92503.36,0.2,18500.67,Approved,Normal
TX500431,EMP11781,Grant,2026-03-02,553,37.24,UK,Performance Share,20593.72,0.2,4118.74,Approved,Normal
TX500432,EMP10061,Sale,2025-03-16,465,28.03,Germany,RSU,13033.95,0.45,5865.28,Approved,Normal
TX500433,EMP11586,Exercise,2026-12-08,243,88.88,Australia,Performance Share,21597.84,0.3,6479.35,Approved,Normal
TX500434,EMP11504,Exercise,2025-09-17,1627,71.22,USA,ESPP,115874.94,0.2,23174.99,Approved,High Value
TX500435,EMP10425,Grant,2025-05-14,603,58.55,Germany,Performance Share,35305.65,0.3,10591.7,Approved,Normal
TX500436,EMP11158,Sale,2026-09-13,2423,6.61,Germany,RSU,16016.03,0.3,4804.81,Pending Review,Normal
TX500437,EMP10943,Sale,2026-10-30,870,78.82,UK,RSU,68573.4,0.2,13714.68,Approved,Normal
TX500438,EMP10844,Sale,2025-04-18,581,10.05,UK,ESPP,5839.05,0.4,2335.62,Pending Review,Normal
TX500439,EMP10215,Vesting,2025-09-06,1287,43.45,UK,RSU,55920.15,0.3,16776.04,Approved,Normal
TX500440,EMP11302,Exercise,2025-08-18,1796,31.46,Singapore,Performance Share,56502.16,0.2,11300.43,Approved,Normal
TX500441,EMP11848,Sale,2025-12-05,832,14.1,Australia,RSU,11731.2,0.3,3519.36,Approved,Normal
TX500442,EMP11984,Vesting,2026-08-27,440,94.55,India,Performance Share,41602.0,0.2,8320.4,Approved,Normal
TX500443,EMP11800,Sale,2025-05-04,788,21.38,India,ESPP,16847.44,0.2,3369.49,Approved,Normal
TX500444,EMP10942,Exercise,2025-01-02,1982,59.49,Germany,RSU,117909.18,0.45,53059.13,Approved,High Value
TX500445,EMP11730,Grant,2026-07-10,1796,31.27,UK,ESPP,56160.92,0.2,11232.18,Approved,Normal
TX500446,EMP11614,Exercise,2026-12-21,2395,72.12,USA,RSU,172727.4,0.3,51818.22,Approved,High Value
TX500447,EMP10924,Vesting,2025-04-16,125,7.73,India,ESPP,966.25,0.3,289.88,Approved,Normal
TX500448,EMP11223,Exercise,2026-08-15,919,9.97,USA,RSU,9162.43,0.45,4123.09,Approved,Normal
TX500449,EMP10738,Sale,2025-12-07,770,9.31,USA,RSU,7168.7,0.3,2150.61,Approved,Normal
TX500450,EMP11902,Exercise,2026-06-01,1329,22.15,Singapore,RSU,29437.35,0.4,11774.94,Approved,Normal
TX500451,EMP10465,Grant,2026-01-08,968,47.1,Australia,ESPP,45592.8,0.45,20516.76,Approved,Normal
TX500452,EMP11857,Grant,2026-08-07,1660,86.53,UK,Performance Share,143639.8,0.2,28727.96,Approved,High Value
TX500453,EMP10817,Grant,2025-08-07,1176,86.25,Germany,Performance Share,101430.0,0.2,20286.0,Pending Review,High Value
TX500454,EMP10220,Grant,2026-12-10,1409,91.64,UK,RSU,129120.76,0.2,25824.15,Approved,High Value
TX500455,EMP11887,Sale,2025-04-17,1886,57.63,UK,Stock Option,108690.18,0.3,32607.05,Approved,High Value
TX500456,EMP10035,Exercise,2025-03-24,1217,48.85,India,Performance Share,59450.45,0.4,23780.18,Approved,Normal
TX500457,EMP11255,Sale,2025-08-30,881,56.75,India,RSU,49996.75,0.3,14999.02,Approved,Normal
TX500458,EMP11722,Sale,2025-12-01,412,9.97,India,RSU,4107.64,0.2,821.53,Approved,Normal
TX500459,EMP10735,Exercise,2025-04-20,959,14.96,UK,Performance Share,14346.64,0.4,5738.66,Pending Review,Normal
TX500460,EMP11602,Sale,2026-10-27,280,89.18,USA,ESPP,24970.4,0.4,9988.16,Approved,Normal
TX500461,EMP11760,Exercise,2026-03-06,162,25.64,India,RSU,4153.68,0.45,1869.16,Pending Review,Normal
TX500462,EMP10916,Vesting,2025-10-01,915,24.37,India,RSU,22298.55,0.2,4459.71,Approved,Normal
TX500463,EMP11222,Exercise,2026-10-09,1944,48.78,USA,Stock Option,94828.32,0.2,18965.66,Approved,Normal
TX500464,EMP10965,Cancellation,2025-02-02,66,88.65,UK,ESPP,5850.9,0.2,1170.18,Approved,Normal
TX500465,EMP11455,Grant,2026-11-12,1598,17.2,USA,ESPP,27485.6,0.2,5497.12,Approved,Normal
TX500466,EMP11294,Grant,2026-10-15,1854,84.03,UK,Stock Option,155791.62,0.3,46737.49,Pending Review,High Value
TX500467,EMP11220,Grant,2026-05-16,2462,35.45,Australia,Performance Share,87277.9,0.3,26183.37,Approved,Normal
TX500468,EMP11450,Sale,2026-09-24,1727,68.65,UK,ESPP,118558.55,0.2,23711.71,Approved,High Value
TX500469,EMP10709,Sale,2026-08-05,1835,40.48,India,ESPP,74280.8,0.4,29712.32,Approved,Normal
TX500470,EMP11799,Grant,2025-12-25,307,68.67,UK,RSU,21081.69,0.2,4216.34,Approved,Normal
TX500471,EMP11564,Cancellation,2025-07-02,1866,79.37,India,Stock Option,148104.42,0.2,29620.88,Pending Review,High Value
TX500472,EMP10457,Grant,2026-03-12,1852,18.23,India,Stock Option,33761.96,0.4,13504.78,Approved,Normal
TX500473,EMP11004,Grant,2026-10-09,887,11.21,Singapore,RSU,9943.27,0.2,1988.65,Approved,Normal
TX500474,EMP11506,Exercise,2025-01-18,2402,87.7,India,Stock Option,210655.4,0.4,84262.16,Approved,High Value
TX500475,EMP10306,Cancellation,2025-03-08,1626,11.38,India,Stock Option,18503.88,0.4,7401.55,Pending Review,Normal
TX500476,EMP11547,Grant,2026-11-14,1781,44.7,Australia,Stock Option,79610.7,0.4,31844.28,Approved,Normal
TX500477,EMP11489,Sale,2025-05-13,1056,23.49,UK,RSU,24805.44,0.2,4961.09,Approved,Normal
TX500478,EMP11371,Vesting,2025-10-23,1522,21.8,India,RSU,33179.6,0.4,13271.84,Approved,Normal
TX500479,EMP10672,Grant,2025-01-17,2022,69.05,UK,ESPP,139619.1,0.2,27923.82,Approved,High Value
TX500480,EMP10446,Grant,2026-12-05,2484,28.8,Australia,ESPP,71539.2,0.45,32192.64,Approved,Normal
TX500481,EMP10810,Vesting,2025-09-11,535,76.97,UK,RSU,41178.95,0.2,8235.79,Approved,Normal
TX500482,EMP10961,Grant,2026-08-21,1959,21.67,Germany,ESPP,42451.53,0.2,8490.31,Approved,Normal
TX500483,EMP11947,Sale,2026-03-17,1132,80.19,Germany,RSU,90775.08,0.45,40848.79,Pending Review,Normal
TX500484,EMP10315,Sale,2026-04-26,186,37.57,USA,ESPP,6988.02,0.2,1397.6,Approved,Normal
TX500485,EMP10396,Cancellation,2026-11-02,1987,63.64,Germany,RSU,126452.68,0.45,56903.71,Approved,High Value
TX500486,EMP10136,Grant,2026-07-12,1070,13.83,USA,Stock Option,14798.1,0.4,5919.24,Approved,Normal
TX500487,EMP10154,Grant,2025-12-21,611,64.33,India,RSU,39305.63,0.4,15722.25,Approved,Normal
TX500488,EMP11117,Sale,2025-03-10,1032,86.69,UK,ESPP,89464.08,0.4,35785.63,Approved,Normal
TX500489,EMP11164,Cancellation,2026-01-23,180,66.37,UK,Stock Option,11946.6,0.3,3583.98,Approved,Normal
TX500490,EMP10035,Exercise,2026-12-09,2240,54.91,India,Performance Share,122998.4,0.4,49199.36,Approved,High Value
TX500491,EMP10344,Exercise,2025-07-19,1930,34.97,Singapore,RSU,67492.1,0.3,20247.63,Approved,Normal
TX500492,EMP11331,Grant,2025-12-09,2021,58.04,Australia,RSU,117298.84,0.45,52784.48,Approved,High Value
TX500493,EMP10768,Sale,2026-11-22,1310,81.9,India,RSU,107289.0,0.45,48280.05,Approved,High Value
TX500494,EMP10595,Vesting,2025-08-26,1812,93.77,Singapore,RSU,169911.24,0.3,50973.37,Approved,High Value
TX500495,EMP11729,Exercise,2026-03-05,1232,77.89,UK,Performance Share,95960.48,0.3,28788.14,Approved,Normal
TX500496,EMP11705,Sale,2026-03-05,139,78.55,Singapore,ESPP,10918.45,0.3,3275.54,Approved,Normal
TX500497,EMP11522,Vesting,2026-03-10,1036,8.83,USA,Performance Share,9147.88,0.4,3659.15,Approved,Normal
TX500498,EMP11717,Cancellation,2026-03-15,1496,72.09,USA,Stock Option,107846.64,0.3,32353.99,Pending Review,High Value
TX500499,EMP10131,Vesting,2026-12-29,203,20.76,UK,ESPP,4214.28,0.3,1264.28,Approved,Normal
TX500500,EMP10993,Sale,2025-05-03,2272,84.74,Singapore,Stock Option,192529.28,0.2,38505.86,Approved,High Value
TX500501,EMP11783,Exercise,2025-07-17,1135,71.15,Australia,RSU,80755.25,0.3,24226.58,Approved,Normal
TX500502,EMP10527,Grant,2026-07-23,1431,15.74,USA,RSU,22523.94,0.4,9009.58,Approved,Normal
TX500503,EMP11670,Exercise,2026-04-18,1264,59.53,Germany,RSU,75245.92,0.3,22573.78,Approved,Normal
TX500504,EMP11025,Exercise,2025-11-27,1941,42.33,UK,Performance Share,82162.53,0.4,32865.01,Approved,Normal
TX500505,EMP10797,Exercise,2025-11-04,1155,50.81,Singapore,Stock Option,58685.55,0.45,26408.5,Approved,Normal
TX500506,EMP10285,Cancellation,2026-12-29,1841,5.78,Germany,Performance Share,10640.98,0.45,4788.44,Approved,Normal
TX500507,EMP11994,Exercise,2025-01-03,2060,47.45,Germany,Performance Share,97747.0,0.4,39098.8,Approved,Normal
TX500508,EMP11530,Sale,2026-01-11,2410,49.54,UK,RSU,119391.4,0.2,23878.28,Approved,High Value
TX500509,EMP10213,Exercise,2026-01-01,1395,10.28,India,Performance Share,14340.6,0.2,2868.12,Approved,Normal
TX500510,EMP11057,Sale,2026-01-10,1999,21.45,USA,RSU,42878.55,0.45,19295.35,Pending Review,Normal
TX500511,EMP10228,Grant,2026-02-28,1239,29.66,UK,Performance Share,36748.74,0.2,7349.75,Approved,Normal
TX500512,EMP10597,Grant,2026-01-19,177,30.95,UK,RSU,5478.15,0.45,2465.17,Approved,Normal
TX500513,EMP11123,Vesting,2025-06-30,565,35.64,Singapore,Stock Option,20136.6,0.3,6040.98,Approved,Normal
TX500514,EMP10832,Exercise,2025-10-10,865,52.61,UK,ESPP,45507.65,0.2,9101.53,Approved,Normal
TX500515,EMP10597,Sale,2026-03-17,1951,26.89,UK,RSU,52462.39,0.2,10492.48,Approved,Normal
TX500516,EMP11974,Grant,2026-05-12,1275,67.94,UK,RSU,86623.5,0.4,34649.4,Approved,Normal
TX500517,EMP11470,Vesting,2026-01-30,349,37.77,USA,RSU,13181.73,0.45,5931.78,Approved,Normal
TX500518,EMP10741,Grant,2025-09-03,1443,6.73,USA,ESPP,9711.39,0.2,1942.28,Approved,Normal
TX500519,EMP10290,Sale,2026-02-28,712,55.2,UK,RSU,39302.4,0.3,11790.72,Approved,Normal
TX500520,EMP11615,Sale,2025-08-03,1859,25.72,USA,RSU,47813.48,0.2,9562.7,Approved,Normal
TX500521,EMP10605,Sale,2026-07-26,1145,12.54,Australia,Performance Share,14358.3,0.3,4307.49,Approved,Normal
TX500522,EMP11832,Sale,2025-03-16,136,20.83,Australia,RSU,2832.88,0.4,1133.15,Approved,Normal
TX500523,EMP11730,Vesting,2025-05-23,2107,34.3,UK,ESPP,72270.1,0.2,14454.02,Approved,Normal
TX500524,EMP11399,Sale,2025-02-12,250,8.64,UK,RSU,2160.0,0.4,864.0,Approved,Normal
TX500525,EMP10180,Sale,2025-09-27,552,88.39,USA,RSU,48791.28,0.4,19516.51,Approved,Normal
TX500526,EMP11448,Grant,2026-01-20,717,72.32,UK,Performance Share,51853.44,0.45,23334.05,Approved,Normal
TX500527,EMP11426,Vesting,2025-07-15,2193,43.45,USA,Stock Option,95285.85,0.2,19057.17,Approved,Normal
TX500528,EMP11603,Sale,2025-01-05,1198,72.34,India,RSU,86663.32,0.2,17332.66,Pending Review,Normal
TX500529,EMP10707,Vesting,2026-05-12,1855,75.57,India,RSU,140182.35,0.4,56072.94,Approved,High Value
TX500530,EMP11439,Sale,2026-01-18,336,61.66,India,RSU,20717.76,0.3,6215.33,Approved,Normal
TX500531,EMP10935,Exercise,2026-08-11,2373,66.54,UK,Performance Share,157899.42,0.3,47369.83,Pending Review,High Value
TX500532,EMP11140,Sale,2026-05-28,538,74.5,USA,RSU,40081.0,0.2,8016.2,Approved,Normal
TX500533,EMP10357,Vesting,2026-05-06,1665,33.33,Australia,RSU,55494.45,0.3,16648.34,Approved,Normal
TX500534,EMP10669,Grant,2025-05-15,1230,16.86,USA,Performance Share,20737.8,0.45,9332.01,Approved,Normal
TX500535,EMP11432,Vesting,2025-03-22,2455,76.46,Singapore,Performance Share,187709.3,0.4,75083.72,Approved,High Value
TX500536,EMP11618,Grant,2026-02-17,302,51.91,USA,RSU,15676.82,0.3,4703.05,Approved,Normal
TX500537,EMP10612,Cancellation,2026-05-01,246,74.51,USA,Stock Option,18329.46,0.3,5498.84,Approved,Normal
TX500538,EMP11534,Cancellation,2025-11-22,2404,56.26,Germany,RSU,135249.04,0.4,54099.62,Approved,High Value
TX500539,EMP11135,Sale,2026-09-11,974,30.15,Singapore,RSU,29366.1,0.3,8809.83,Pending Review,Normal
TX500540,EMP10090,Exercise,2025-05-18,767,39.53,USA,Stock Option,30319.51,0.4,12127.8,Approved,Normal
TX500541,EMP11698,Sale,2025-09-21,1747,30.69,India,RSU,53615.43,0.4,21446.17,Approved,Normal
TX500542,EMP11220,Vesting,2026-05-11,653,72.93,Australia,Performance Share,47623.29,0.2,9524.66,Approved,Normal
TX500543,EMP10183,Sale,2025-07-23,1597,24.97,Singapore,RSU,39877.09,0.3,11963.13,Approved,Normal
TX500544,EMP11854,Sale,2025-01-24,535,48.64,USA,ESPP,26022.4,0.4,10408.96,Approved,Normal
TX500545,EMP11963,Sale,2026-02-19,1095,82.42,Australia,ESPP,90249.9,0.4,36099.96,Approved,Normal
TX500546,EMP11468,Sale,2026-05-05,1087,42.58,Singapore,Stock Option,46284.46,0.4,18513.78,Approved,Normal
TX500547,EMP10418,Grant,2026-09-24,587,27.71,USA,ESPP,16265.77,0.3,4879.73,Approved,Normal
TX500548,EMP11295,Exercise,2026-05-17,2327,44.69,UK,RSU,103993.63,0.4,41597.45,Approved,High Value
TX500549,EMP10076,Sale,2025-09-18,487,12.55,India,RSU,6111.85,0.2,1222.37,Approved,Normal
TX500550,EMP11510,Vesting,2025-06-02,1935,88.06,USA,RSU,170396.1,0.3,51118.83,Approved,High Value
TX500551,EMP11306,Exercise,2025-08-26,340,34.27,Germany,RSU,11651.8,0.4,4660.72,Approved,Normal
TX500552,EMP10854,Exercise,2026-11-20,1700,64.64,USA,ESPP,109888.0,0.4,43955.2,Approved,High Value
TX500553,EMP11901,Sale,2025-05-28,1414,85.4,Singapore,Stock Option,120755.6,0.2,24151.12,Approved,High Value
TX500554,EMP11381,Cancellation,2026-07-04,816,26.4,India,ESPP,21542.4,0.2,4308.48,Approved,Normal
TX500555,EMP10122,Vesting,2025-11-04,50,51.78,USA,RSU,2589.0,0.2,517.8,Approved,Normal
TX500556,EMP10984,Cancellation,2025-09-27,221,90.15,Germany,Performance Share,19923.15,0.3,5976.95,Approved,Normal
TX500557,EMP11306,Sale,2026-05-02,297,7.36,Germany,RSU,2185.92,0.3,655.78,Approved,Normal
TX500558,EMP11991,Vesting,2026-02-19,620,39.16,India,Stock Option,24279.2,0.2,4855.84,Approved,Normal
TX500559,EMP10956,Grant,2026-03-23,2079,70.83,USA,RSU,147255.57,0.2,29451.11,Approved,High Value
TX500560,EMP10236,Vesting,2025-08-30,108,38.21,USA,ESPP,4126.68,0.4,1650.67,Approved,Normal
TX500561,EMP10191,Grant,2025-06-26,1992,29.73,UK,Performance Share,59222.16,0.2,11844.43,Approved,Normal
TX500562,EMP11925,Vesting,2025-10-12,1061,65.07,India,RSU,69039.27,0.2,13807.85,Approved,Normal
TX500563,EMP11506,Exercise,2025-02-26,2440,6.69,India,Stock Option,16323.6,0.45,7345.62,Approved,Normal
TX500564,EMP10264,Cancellation,2026-08-28,1680,54.49,Singapore,RSU,91543.2,0.2,18308.64,Pending Review,Normal
TX500565,EMP11653,Exercise,2026-07-23,105,36.7,USA,RSU,3853.5,0.4,1541.4,Approved,Normal
TX500566,EMP11331,Sale,2026-05-29,546,11.52,Australia,RSU,6289.92,0.2,1257.98,Approved,Normal
TX500567,EMP10852,Sale,2025-11-23,1546,88.26,Singapore,Stock Option,136449.96,0.3,40934.99,Approved,High Value
TX500568,EMP10983,Grant,2025-11-16,1976,18.82,Australia,Stock Option,37188.32,0.3,11156.5,Approved,Normal
TX500569,EMP10673,Exercise,2025-12-22,2419,93.08,India,RSU,225160.52,0.2,45032.1,Approved,High Value
TX500570,EMP10780,Exercise,2025-08-18,2385,84.53,USA,RSU,201604.05,0.2,40320.81,Approved,High Value
TX500571,EMP10917,Sale,2026-08-12,955,83.23,Singapore,Performance Share,79484.65,0.2,15896.93,Pending Review,Normal
TX500572,EMP10074,Grant,2025-09-30,462,79.16,India,RSU,36571.92,0.3,10971.58,Pending Review,Normal
TX500573,EMP11829,Sale,2025-02-15,231,42.01,India,RSU,9704.31,0.3,2911.29,Approved,Normal
TX500574,EMP10479,Vesting,2026-07-25,1386,63.2,UK,ESPP,87595.2,0.3,26278.56,Approved,Normal
TX500575,EMP10824,Sale,2026-10-17,1882,58.78,USA,RSU,110623.96,0.45,49780.78,Approved,High Value
TX500576,EMP10276,Vesting,2026-12-03,2382,78.92,UK,Performance Share,187987.44,0.4,75194.98,Approved,High Value
TX500577,EMP10979,Grant,2026-09-17,471,5.57,India,RSU,2623.47,0.4,1049.39,Pending Review,Normal
TX500578,EMP11466,Vesting,2025-11-08,348,55.13,Australia,ESPP,19185.24,0.45,8633.36,Approved,Normal
TX500579,EMP10957,Grant,2025-09-28,1261,19.21,UK,ESPP,24223.81,0.2,4844.76,Approved,Normal
TX500580,EMP11486,Cancellation,2026-10-16,1839,94.61,USA,Stock Option,173987.79,0.3,0.0,Approved,High Value
TX500581,EMP11856,Exercise,2026-05-01,1217,64.64,USA,ESPP,78666.88,0.4,31466.75,Approved,Normal
TX500582,EMP10586,Exercise,2025-10-13,254,34.96,USA,Performance Share,8879.84,0.2,1775.97,Approved,Normal
TX500583,EMP11305,Vesting,2025-07-20,2227,87.99,Australia,RSU,195953.73,0.4,78381.49,Approved,High Value
TX500584,EMP11052,Sale,2025-07-22,1554,65.72,India,RSU,102128.88,0.2,20425.78,Approved,High Value
TX500585,EMP11563,Vesting,2026-03-10,2096,88.18,UK,Stock Option,184825.28,0.3,55447.58,Approved,High Value
TX500586,EMP11800,Grant,2026-10-14,879,82.63,India,ESPP,72631.77,0.4,29052.71,Approved,Normal
TX500587,EMP11771,Sale,2025-04-27,2058,89.55,USA,ESPP,184293.9,0.45,82932.26,Pending Review,High Value
TX500588,EMP10994,Sale,2025-02-06,2389,49.31,UK,Stock Option,117801.59,0.4,47120.64,Approved,High Value
TX500589,EMP10518,Exercise,2026-04-10,2488,9.57,Australia,Performance Share,23810.16,0.2,4762.03,Approved,Normal
TX500590,EMP11228,Vesting,2025-02-04,1870,36.4,Singapore,Stock Option,68068.0,0.4,27227.2,Approved,Normal
TX500591,EMP10488,Sale,2025-01-05,2200,50.51,India,RSU,111122.0,0.4,44448.8,Approved,High Value
TX500592,EMP10330,Exercise,2025-07-12,1842,19.09,India,RSU,35163.78,0.4,14065.51,Approved,Normal
TX500593,EMP10490,Grant,2026-10-05,1819,57.47,USA,RSU,104537.93,0.3,31361.38,Approved,High Value
TX500594,EMP11232,Sale,2026-06-26,1174,55.06,Singapore,RSU,64640.44,0.4,25856.18,Approved,Normal
TX500595,EMP10966,Vesting,2026-01-16,2246,14.43,India,ESPP,32409.78,0.2,6481.96,Approved,Normal
TX500596,EMP11061,Grant,2026-06-26,2160,80.99,India,RSU,174938.4,0.45,78722.28,Pending Review,High Value
TX500597,EMP11412,Exercise,2025-11-04,1076,48.83,UK,RSU,52541.08,0.4,21016.43,Approved,Normal
TX500598,EMP11487,Grant,2026-10-27,2500,32.19,India,ESPP,80475.0,0.2,16095.0,Approved,Normal
TX500599,EMP11950,Exercise,2025-09-10,1251,52.41,India,Performance Share,65564.91,0.45,29504.21,Approved,Normal
TX500600,EMP11159,Vesting,2026-03-24,2062,75.81,Germany,RSU,156320.22,0.3,46896.07,Approved,High Value
TX500601,EMP11698,Vesting,2025-01-22,1908,16.15,India,RSU,30814.2,0.3,9244.26,Approved,Normal
TX500602,EMP11626,Exercise,2025-10-12,2217,82.23,Germany,Stock Option,182303.91,0.2,36460.78,Pending Review,High Value
TX500603,EMP10601,Grant,2025-01-14,228,18.28,Singapore,Performance Share,4167.84,0.2,833.57,Approved,Normal
TX500604,EMP10712,Sale,2025-02-24,1483,78.23,USA,RSU,116015.09,0.3,34804.53,Approved,High Value
TX500605,EMP11543,Vesting,2026-10-26,1733,12.01,Singapore,RSU,20813.33,0.45,9366.0,Approved,Normal
TX500606,EMP10731,Exercise,2025-06-02,1636,66.55,India,Performance Share,108875.8,0.3,32662.74,Approved,High Value
TX500607,EMP10113,Grant,2025-03-27,201,27.02,USA,RSU,5431.02,0.2,1086.2,Approved,Normal
TX500608,EMP10775,Vesting,2026-09-07,1113,80.44,UK,RSU,89529.72,0.4,35811.89,Approved,Normal
TX500609,EMP10383,Grant,2026-01-01,2116,20.54,India,RSU,43462.64,0.3,13038.79,Approved,Normal
TX500610,EMP11970,Exercise,2026-02-05,1664,47.81,USA,Performance Share,79555.84,0.4,31822.34,Approved,Normal
TX500611,EMP11381,Vesting,2025-02-05,907,18.02,India,ESPP,16344.14,0.3,4903.24,Approved,Normal
TX500612,EMP10847,Grant,2026-07-09,2257,91.28,UK,Stock Option,206018.96,0.3,61805.69,Approved,High Value
TX500613,EMP11084,Sale,2026-10-09,2317,45.59,Germany,RSU,105632.03,0.3,31689.61,Approved,High Value
TX500614,EMP10955,Vesting,2026-01-13,1929,40.88,India,RSU,78857.52,0.3,23657.26,Approved,Normal
TX500615,EMP11012,Grant,2025-01-20,970,59.55,UK,ESPP,57763.5,0.2,11552.7,Approved,Normal
TX500616,EMP11412,Grant,2026-12-30,1498,60.07,UK,RSU,89984.86,0.2,17996.97,Approved,Normal
TX500617,EMP11051,Cancellation,2025-11-14,1190,79.71,Germany,RSU,94854.9,0.3,28456.47,Approved,Normal
TX500618,EMP10305,Grant,2026-07-07,2278,62.76,UK,RSU,142967.28,0.2,28593.46,Approved,High Value
TX500619,EMP11359,Cancellation,2026-08-29,1372,70.64,Germany,ESPP,96918.08,0.2,19383.62,Approved,Normal
TX500620,EMP11271,Sale,2025-06-02,1687,76.53,UK,RSU,129106.11,0.4,51642.44,Approved,High Value
TX500621,EMP11697,Grant,2026-01-31,1690,63.63,India,Stock Option,107534.7,0.2,21506.94,Pending Review,High Value
TX500622,EMP11990,Vesting,2026-11-30,1418,32.07,India,RSU,45475.26,0.3,13642.58,Approved,Normal
TX500623,EMP11466,Grant,2025-06-10,701,44.97,Australia,ESPP,31523.97,0.45,14185.79,Approved,Normal
TX500624,EMP10036,Sale,2025-02-21,1619,92.99,Australia,RSU,150550.81,0.3,45165.24,Approved,High Value
TX500625,EMP10093,Grant,2026-04-21,1602,69.08,UK,RSU,110666.16,0.2,22133.23,Approved,High Value
TX500626,EMP11330,Grant,2026-08-17,254,29.93,India,RSU,7602.22,0.3,2280.67,Approved,Normal
TX500627,EMP10634,Grant,2025-09-13,1106,21.76,Singapore,RSU,24066.56,0.2,4813.31,Approved,Normal
TX500628,EMP10626,Sale,2025-09-26,1864,78.8,UK,ESPP,146883.2,0.4,58753.28,Approved,High Value
TX500629,EMP10708,Vesting,2026-08-07,2286,13.21,UK,Stock Option,30198.06,0.3,9059.42,Approved,Normal
TX500630,EMP11924,Sale,2026-03-30,1808,31.29,India,RSU,56572.32,0.3,16971.7,Approved,Normal
TX500631,EMP11942,Exercise,2026-03-26,2050,78.3,UK,RSU,160515.0,0.4,64206.0,Approved,High Value
TX500632,EMP11473,Grant,2025-04-14,771,67.49,Australia,ESPP,52034.79,0.4,20813.92,Approved,Normal
TX500633,EMP11243,Sale,2026-07-04,2453,20.93,USA,Stock Option,51341.29,0.45,23103.58,Approved,Normal
TX500634,EMP11363,Exercise,2026-12-09,2339,67.29,Australia,RSU,157391.31,0.2,31478.26,Approved,High Value
TX500635,EMP10544,Sale,2026-01-26,2023,90.13,UK,RSU,182332.99,0.4,72933.2,Approved,High Value
TX500636,EMP11218,Sale,2025-02-25,1053,10.72,Australia,Stock Option,11288.16,0.45,5079.67,Approved,Normal
TX500637,EMP11944,Sale,2025-05-29,1349,60.46,UK,Performance Share,81560.54,0.3,24468.16,Approved,Normal
TX500638,EMP11138,Grant,2026-04-15,2091,39.09,India,ESPP,81737.19,0.3,24521.16,Approved,Normal
TX500639,EMP10122,Exercise,2025-09-08,2486,64.85,USA,RSU,161217.1,0.45,72547.7,Approved,High Value
TX500640,EMP10267,Exercise,2026-04-04,664,89.55,Australia,RSU,59461.2,0.45,26757.54,Approved,Normal
TX500641,EMP10643,Sale,2026-06-26,2319,89.85,UK,Performance Share,208362.15,0.45,93762.97,Approved,High Value
TX500642,EMP10716,Grant,2026-05-07,2402,36.88,India,RSU,88585.76,0.3,26575.73,Approved,Normal
TX500643,EMP10005,Exercise,2025-05-29,845,63.53,Germany,RSU,53682.85,0.2,10736.57,Approved,Normal
TX500644,EMP10737,Grant,2026-10-30,450,94.75,India,RSU,42637.5,0.3,12791.25,Pending Review,Normal
TX500645,EMP11116,Grant,2025-05-16,1337,19.79,India,RSU,26459.23,0.4,10583.69,Approved,Normal
TX500646,EMP10149,Grant,2026-01-02,453,21.9,UK,Performance Share,9920.7,0.45,4464.32,Approved,Normal
TX500647,EMP10454,Exercise,2025-11-03,999,71.91,UK,RSU,71838.09,0.2,14367.62,Pending Review,Normal
TX500648,EMP10211,Grant,2025-06-26,329,26.91,Germany,ESPP,8853.39,0.45,3984.03,Approved,Normal
TX500649,EMP11526,Grant,2026-08-24,1675,24.57,Singapore,RSU,41154.75,0.2,8230.95,Approved,Normal
TX500650,EMP11971,Cancellation,2025-06-12,528,70.14,Germany,RSU,37033.92,0.2,7406.78,Approved,Normal
TX500651,EMP11634,Sale,2025-11-24,2253,44.53,Australia,RSU,100326.09,0.3,30097.83,Approved,High Value
TX500652,EMP10956,Sale,2025-11-20,1428,48.37,USA,RSU,69072.36,0.2,13814.47,Approved,Normal
TX500653,EMP10170,Vesting,2026-12-06,2115,18.13,UK,RSU,38344.95,0.45,17255.23,Approved,Normal
TX500654,EMP11718,Cancellation,2026-03-15,371,86.19,USA,Stock Option,31976.49,0.3,9592.95,Approved,Normal
TX500655,EMP10719,Sale,2026-03-23,2348,15.97,India,Stock Option,37497.56,0.3,11249.27,Approved,Normal
TX500656,EMP10035,Exercise,2025-03-01,2295,57.87,India,Performance Share,132811.65,0.4,53124.66,Approved,High Value
TX500657,EMP11837,Vesting,2025-08-14,1126,89.17,Germany,Stock Option,100405.42,0.2,20081.08,Approved,High Value
TX500658,EMP11023,Vesting,2025-09-21,1674,42.26,Australia,Performance Share,70743.24,0.4,28297.3,Approved,Normal
TX500659,EMP11524,Grant,2025-12-14,76,32.93,USA,RSU,2502.68,0.4,1001.07,Approved,Normal
TX500660,EMP10196,Vesting,2026-06-21,510,39.99,India,Stock Option,20394.9,0.4,8157.96,Approved,Normal
TX500661,EMP10876,Sale,2025-02-19,470,57.08,India,ESPP,26827.6,0.3,8048.28,Approved,Normal
TX500662,EMP11994,Sale,2025-12-14,402,31.72,Germany,Performance Share,12751.44,0.4,5100.58,Pending Review,Normal
TX500663,EMP11877,Vesting,2026-11-15,2468,27.56,USA,ESPP,68018.08,0.4,27207.23,Pending Review,Normal
TX500664,EMP10894,Exercise,2025-04-09,158,56.06,USA,RSU,8857.48,0.3,2657.24,Approved,Normal
TX500665,EMP10431,Sale,2025-10-15,2225,75.89,India,RSU,168855.25,0.2,33771.05,Approved,High Value
TX500666,EMP10789,Exercise,2025-04-28,1241,44.2,USA,RSU,54852.2,0.3,16455.66,Approved,Normal
TX500667,EMP11314,Grant,2025-05-30,1294,93.48,UK,RSU,120963.12,0.4,48385.25,Approved,High Value
TX500668,EMP10357,Grant,2025-07-08,2132,65.12,Australia,RSU,138835.84,0.4,55534.34,Approved,High Value
TX500669,EMP10849,Sale,2026-05-17,542,27.0,UK,RSU,14634.0,0.2,2926.8,Approved,Normal
TX500670,EMP11124,Exercise,2025-05-12,2278,12.4,Australia,RSU,28247.2,0.3,8474.16,Approved,Normal
TX500671,EMP11923,Sale,2025-07-10,1019,56.9,India,Performance Share,57981.1,0.2,11596.22,Approved,Normal
TX500672,EMP11936,Grant,2026-03-28,568,32.0,USA,RSU,18176.0,0.45,8179.2,Approved,Normal
TX500673,EMP10942,Exercise,2025-02-07,1119,77.49,Germany,RSU,86711.31,0.2,17342.26,Approved,Normal
TX500674,EMP11559,Sale,2026-09-13,1873,57.91,India,RSU,108465.43,0.3,32539.63,Approved,High Value
TX500675,EMP11453,Sale,2025-08-04,501,24.65,UK,Performance Share,12349.65,0.4,4939.86,Approved,Normal
TX500676,EMP11432,Sale,2026-10-29,123,90.22,Singapore,Performance Share,11097.06,0.2,2219.41,Approved,Normal
TX500677,EMP10678,Exercise,2026-07-14,881,93.78,Singapore,Stock Option,82620.18,0.3,24786.05,Approved,Normal
TX500678,EMP11691,Sale,2026-06-24,790,19.46,India,RSU,15373.4,0.3,4612.02,Approved,Normal
TX500679,EMP10387,Exercise,2025-12-18,1702,26.52,Australia,Stock Option,45137.04,0.3,13541.11,Approved,Normal
TX500680,EMP10755,Vesting,2025-09-11,73,93.42,USA,RSU,6819.66,0.3,2045.9,Approved,Normal
TX500681,EMP10024,Vesting,2026-09-03,328,15.08,USA,Performance Share,4946.24,0.3,1483.87,Approved,Normal
TX500682,EMP10791,Grant,2026-01-28,928,24.28,UK,RSU,22531.84,0.4,9012.74,Approved,Normal
TX500683,EMP10963,Sale,2026-08-02,1656,65.87,USA,Stock Option,109080.72,0.3,32724.22,Approved,High Value
TX500684,EMP10659,Grant,2026-02-24,367,72.67,India,Performance Share,26669.89,0.2,5333.98,Approved,Normal
TX500685,EMP10617,Vesting,2026-09-02,745,37.73,UK,ESPP,28108.85,0.3,8432.65,Approved,Normal
TX500686,EMP11430,Vesting,2026-12-04,212,79.79,India,RSU,16915.48,0.4,6766.19,Approved,Normal
TX500687,EMP11692,Vesting,2026-04-19,411,15.85,USA,Stock Option,6514.35,0.2,1302.87,Approved,Normal
TX500688,EMP10455,Cancellation,2026-07-30,1980,58.89,Australia,ESPP,116602.2,0.45,52470.99,Approved,High Value
TX500689,EMP10865,Vesting,2026-11-05,1275,55.61,USA,Performance Share,70902.75,0.2,14180.55,Approved,Normal
TX500690,EMP10793,Vesting,2025-05-07,965,91.03,India,Performance Share,87843.95,0.3,26353.18,Approved,Normal
TX500691,EMP10187,Vesting,2026-11-25,1152,88.79,India,RSU,102286.08,0.3,30685.82,Approved,High Value
TX500692,EMP10395,Sale,2026-08-12,307,38.72,UK,RSU,11887.04,0.2,2377.41,Approved,Normal
TX500693,EMP11990,Sale,2026-01-02,2320,69.79,India,RSU,161912.8,0.45,72860.76,Approved,High Value
TX500694,EMP10702,Cancellation,2025-06-26,1860,21.56,Australia,Performance Share,40101.6,0.2,8020.32,Approved,Normal
TX500695,EMP10864,Exercise,2026-05-26,1610,93.71,India,RSU,150873.1,0.2,30174.62,Approved,High Value
TX500696,EMP11477,Exercise,2026-05-05,2475,89.66,India,Stock Option,221908.5,0.2,44381.7,Approved,High Value
TX500697,EMP10279,Sale,2026-05-09,1795,78.31,UK,RSU,140566.45,0.4,56226.58,Approved,High Value
TX500698,EMP10112,Sale,2026-07-07,1344,57.77,UK,Performance Share,77642.88,0.2,15528.58,Approved,Normal
TX500699,EMP11903,Vesting,2025-05-06,1444,8.1,Australia,ESPP,11696.4,0.2,2339.28,Pending Review,Normal
TX500700,EMP10891,Exercise,2026-01-13,1217,43.45,UK,RSU,52878.65,0.2,10575.73,Approved,Normal
TX500701,EMP11603,Grant,2025-11-02,1509,80.93,India,RSU,122123.37,0.2,24424.67,Approved,High Value
TX500702,EMP10326,Grant,2025-12-08,2235,60.78,India,Performance Share,135843.3,0.2,27168.66,Approved,High Value
TX500703,EMP10542,Sale,2025-03-07,1836,52.34,USA,RSU,96096.24,0.3,28828.87,Approved,Normal
TX500704,EMP11201,Sale,2026-10-23,281,11.41,USA,RSU,3206.21,0.4,1282.48,Approved,Normal
TX500705,EMP11806,Sale,2026-03-14,2437,38.29,Australia,ESPP,93312.73,0.3,27993.82,Approved,Normal
TX500706,EMP10699,Sale,2025-03-30,2213,15.46,India,RSU,34212.98,0.2,6842.6,Approved,Normal
TX500707,EMP10348,Grant,2026-03-22,603,31.39,UK,RSU,18928.17,0.3,5678.45,Approved,Normal
TX500708,EMP11374,Vesting,2025-11-09,1769,54.41,UK,RSU,96251.29,0.2,19250.26,Pending Review,Normal
TX500709,EMP11040,Exercise,2026-04-13,2092,5.06,USA,RSU,10585.52,0.45,4763.48,Approved,Normal
TX500710,EMP10991,Sale,2026-12-05,1828,34.12,India,RSU,62371.36,0.45,28067.11,Approved,Normal
TX500711,EMP10043,Vesting,2025-07-09,1883,55.09,USA,Stock Option,103734.47,0.3,31120.34,Approved,High Value
TX500712,EMP11788,Vesting,2026-07-27,-15,37.7,India,Stock Option,16550.3,0.3,4965.09,Approved,Normal
TX500713,EMP11899,Sale,2026-11-03,1470,69.6,UK,ESPP,102312.0,0.3,30693.6,Approved,High Value
TX500714,EMP11284,Sale,2025-03-12,496,50.39,UK,ESPP,24993.44,0.2,4998.69,Approved,Normal
TX500715,EMP11988,Vesting,2026-03-04,233,91.62,Australia,RSU,21347.46,0.4,8538.98,Approved,Normal
TX500716,EMP10364,Grant,2025-07-12,1313,17.77,USA,ESPP,23332.01,0.2,4666.4,Approved,Normal
TX500717,EMP10663,Cancellation,2026-06-27,1951,67.23,USA,RSU,131165.73,0.45,59024.58,Approved,High Value
TX500718,EMP10067,Vesting,2026-04-30,1259,55.83,Germany,RSU,70289.97,0.3,21086.99,Approved,Normal
TX500719,EMP11912,Vesting,2025-07-26,697,67.7,USA,RSU,47186.9,0.2,9437.38,Approved,Normal
TX500720,EMP11079,Grant,2025-04-23,1589,17.29,USA,Performance Share,27473.81,0.3,8242.14,Approved,Normal
TX500721,EMP10536,Grant,2025-10-29,390,73.74,UK,Stock Option,28758.6,0.45,12941.37,Approved,Normal
TX500722,EMP10547,Sale,2026-04-02,633,76.05,Germany,RSU,48139.65,0.2,9627.93,Approved,Normal
TX500723,EMP11206,Sale,2026-08-02,622,78.76,UK,RSU,48988.72,0.45,22044.92,Approved,Normal
TX500724,EMP11209,Vesting,2025-05-18,1779,45.23,India,RSU,80464.17,0.4,32185.67,Approved,Normal
TX500725,EMP10188,Vesting,2026-07-24,517,29.78,UK,ESPP,15396.26,0.2,3079.25,Approved,Normal
TX500726,EMP10096,Grant,2025-04-19,911,88.03,India,ESPP,80195.33,0.2,16039.07,Approved,Normal
TX500727,EMP11098,Grant,2026-09-15,2422,27.75,Germany,Stock Option,67210.5,0.3,20163.15,Approved,Normal
TX500728,EMP10923,Exercise,2026-12-25,2477,85.62,India,RSU,212080.74,0.2,42416.15,Approved,High Value
TX500729,EMP11679,Grant,2025-11-26,2262,53.93,Australia,RSU,121989.66,0.45,54895.35,Approved,High Value
TX500730,EMP11035,Sale,2026-04-16,407,52.31,UK,Performance Share,21290.17,0.4,8516.07,Approved,Normal
TX500731,EMP11562,Vesting,2026-11-08,1882,53.26,USA,Stock Option,100235.32,0.2,20047.06,Approved,High Value
TX500732,EMP11813,Vesting,2026-06-17,900,5.7,India,ESPP,5130.0,0.4,2052.0,Pending Review,Normal
TX500733,EMP11371,Vesting,2025-12-03,353,88.22,India,RSU,31141.66,0.2,6228.33,Approved,Normal
TX500734,EMP11003,Exercise,2025-02-18,115,84.5,India,RSU,9717.5,0.3,2915.25,Approved,Normal
TX500735,EMP11019,Exercise,2026-05-28,2325,50.45,UK,RSU,117296.25,0.2,23459.25,Approved,High Value
TX500736,EMP10642,Exercise,2026-07-18,333,65.62,UK,RSU,21851.46,0.3,6555.44,Approved,Normal
TX500737,EMP10968,Grant,2025-06-17,2198,86.7,India,ESPP,190566.6,0.2,38113.32,Approved,High Value
TX500738,EMP10708,Grant,2026-07-22,777,24.71,UK,Stock Option,19199.67,0.3,5759.9,Approved,Normal
TX500739,EMP10461,Grant,2026-01-07,928,53.74,India,Stock Option,49870.72,0.4,19948.29,Approved,Normal
TX500740,EMP11560,Exercise,2026-05-18,269,90.07,UK,Performance Share,24228.83,0.4,9691.53,Approved,Normal
TX500741,EMP10548,Exercise,2026-03-13,1201,77.2,UK,RSU,92717.2,0.2,18543.44,Approved,Normal
TX500742,EMP11952,Grant,2026-02-08,1114,68.38,UK,Stock Option,76175.32,0.4,30470.13,Approved,Normal
TX500743,EMP11707,Grant,2025-10-16,653,58.72,India,RSU,38344.16,0.2,7668.83,Approved,Normal
TX500744,EMP11929,Grant,2026-01-18,272,7.28,India,Stock Option,1980.16,0.4,792.06,Approved,Normal
TX500745,EMP11660,Exercise,2026-11-19,636,17.93,India,Performance Share,11403.48,0.4,4561.39,Approved,Normal
TX500746,EMP11206,Cancellation,2026-03-02,701,31.8,UK,RSU,22291.8,0.2,4458.36,Approved,Normal
TX500747,EMP11857,Sale,2025-08-26,599,80.49,UK,Performance Share,48213.51,0.3,14464.05,Approved,Normal
TX500748,EMP10042,Exercise,2026-04-20,72,28.85,India,ESPP,2077.2,0.2,415.44,Approved,Normal
TX500749,EMP11932,Sale,2026-01-26,757,61.96,India,ESPP,46903.72,0.3,14071.12,Pending Review,Normal
TX500750,EMP10023,Sale,2026-06-12,979,37.54,UK,ESPP,36751.66,0.3,11025.5,Approved,Normal
TX500751,EMP10753,Cancellation,2026-12-07,1495,11.99,UK,Stock Option,17925.05,0.3,5377.52,Approved,Normal
TX500752,EMP11643,Exercise,2026-07-31,1401,29.07,India,ESPP,40727.07,0.4,16290.83,Approved,Normal
TX500753,EMP10370,Vesting,2025-05-09,2224,52.3,India,RSU,116315.2,0.3,34894.56,Approved,High Value
TX500754,EMP10979,Sale,2026-01-06,843,44.11,India,RSU,37184.73,0.2,7436.95,Approved,Normal
TX500755,EMP11936,Grant,2025-05-13,437,55.33,USA,RSU,24179.21,0.3,7253.76,Approved,Normal
TX500756,EMP10763,Exercise,2025-10-02,1506,7.62,USA,Performance Share,11475.72,0.2,2295.14,Approved,Normal
TX500757,EMP10426,Sale,2025-02-08,1719,67.02,Germany,Stock Option,115207.38,0.3,34562.21,Approved,High Value
TX500758,EMP11599,Cancellation,2026-07-11,1020,74.83,Germany,Performance Share,76326.6,0.45,34346.97,Approved,Normal
TX500759,EMP11008,Vesting,2025-06-18,638,41.44,India,ESPP,26438.72,0.2,5287.74,Approved,Normal
TX500760,EMP11717,Grant,2026-07-31,1876,86.35,USA,Stock Option,161992.6,0.2,32398.52,Approved,High Value
TX500761,EMP11281,Vesting,2026-09-07,1772,65.0,USA,Performance Share,115180.0,0.4,46072.0,Approved,High Value
TX500762,EMP11581,Sale,2025-08-18,1599,61.8,UK,RSU,98818.2,0.3,29645.46,Approved,Normal
TX500763,EMP11807,Exercise,2025-10-16,373,53.41,USA,Stock Option,19921.93,0.2,3984.39,Approved,Normal
TX500764,EMP10240,Exercise,2026-04-24,375,6.61,UK,Stock Option,2478.75,0.45,1115.44,Approved,Normal
TX500765,EMP10624,Exercise,2026-09-22,241,87.69,UK,Performance Share,21133.29,0.4,8453.32,Approved,Normal
TX500766,EMP11122,Exercise,2025-06-20,1041,42.66,USA,RSU,44409.06,0.2,8881.81,Approved,Normal
TX500767,EMP11605,Vesting,2026-01-03,1462,12.47,India,RSU,18231.14,0.2,3646.23,Approved,Normal
TX500768,EMP11430,Vesting,2026-10-27,332,27.33,India,RSU,9073.56,0.2,1814.71,Approved,Normal
TX500769,EMP10718,Grant,2026-02-27,416,47.81,UK,Stock Option,19888.96,0.3,5966.69,Approved,Normal
TX500770,EMP11250,Vesting,2026-11-19,1368,64.51,USA,ESPP,88249.68,0.4,35299.87,Approved,Normal
TX500771,EMP11697,Vesting,2026-12-27,2018,62.96,India,Stock Option,127053.28,0.45,57173.98,Approved,High Value
TX500772,EMP10624,Grant,2026-01-17,2216,29.52,UK,Performance Share,65416.32,0.2,13083.26,Approved,Normal
TX500773,EMP10357,Sale,2026-03-04,978,8.37,Australia,RSU,8185.86,0.2,1637.17,Approved,Normal
TX500774,EMP11406,Exercise,2026-02-15,2236,33.2,Australia,ESPP,74235.2,0.2,14847.04,Approved,Normal
TX500775,EMP10747,Grant,2026-09-28,1414,57.69,UK,RSU,81573.66,0.2,16314.73,Approved,Normal
TX500776,EMP10284,Grant,2026-11-09,1300,10.72,UK,RSU,13936.0,0.2,2787.2,Approved,Normal
TX500777,EMP10082,Sale,2025-07-04,814,91.0,India,Performance Share,74074.0,0.2,14814.8,Approved,Normal
TX500778,EMP11803,Vesting,2026-05-10,2499,79.08,Singapore,Performance Share,197620.92,0.3,59286.28,Approved,High Value
TX500779,EMP11093,Cancellation,2025-10-21,974,60.58,Australia,ESPP,59004.92,0.2,11800.98,Approved,Normal
TX500780,EMP11460,Exercise,2026-07-08,1745,11.27,Germany,ESPP,19666.15,0.45,8849.77,Approved,Normal
TX500781,EMP11725,Exercise,2026-04-02,2363,86.41,USA,Stock Option,204186.83,0.45,91884.07,Approved,High Value
TX500782,EMP11922,Sale,2026-01-20,157,69.14,USA,RSU,10854.98,0.2,2171.0,Approved,Normal
TX500783,EMP11066,Sale,2025-01-24,948,18.54,India,RSU,17575.92,0.2,3515.18,Approved,Normal
TX500784,EMP10667,Cancellation,2026-06-26,2386,73.51,USA,Performance Share,175394.86,0.4,70157.94,Approved,High Value
TX500785,EMP99999,Sale,2025-11-29,556,82.47,Germany,Stock Option,45853.32,0.2,9170.66,Approved,Normal
TX500786,EMP10795,Vesting,2026-04-07,623,38.56,USA,ESPP,24022.88,0.4,9609.15,Approved,Normal
TX500787,EMP10328,Exercise,2026-06-19,654,82.44,UK,Performance Share,53915.76,0.3,16174.73,Approved,Normal
TX500788,EMP11725,Exercise,2025-11-28,2304,43.46,USA,Stock Option,100131.84,0.45,45059.33,Approved,High Value
TX500789,EMP10677,Sale,2026-07-07,1415,6.96,India,RSU,9848.4,0.2,1969.68,Approved,Normal
TX500790,EMP10160,Exercise,2026-11-27,171,52.66,UK,RSU,9004.86,0.3,2701.46,Approved,Normal
TX500791,EMP11769,Sale,2026-11-21,1030,26.05,USA,RSU,26831.5,0.2,5366.3,Approved,Normal
TX500792,EMP10278,Sale,2025-04-14,1635,11.66,Australia,Performance Share,19064.1,0.45,8578.84,Approved,Normal
TX500793,EMP10222,Grant,2026-07-25,2372,59.97,UK,Performance Share,142248.84,0.4,56899.54,Approved,High Value
TX500794,EMP10216,Vesting,2025-10-15,2177,88.51,Germany,Stock Option,192686.27,0.45,86708.82,Approved,High Value
TX500795,EMP10800,Sale,2026-11-27,1369,80.57,India,ESPP,110300.33,0.2,22060.07,Approved,High Value
TX500796,EMP10658,Vesting,2025-05-26,1442,14.8,UK,Performance Share,21341.6,0.2,4268.32,Approved,Normal
TX500797,EMP10974,Vesting,2026-05-14,2088,24.02,UK,Performance Share,50153.76,0.45,22569.19,Approved,Normal
TX500798,EMP10430,Sale,2026-09-19,1857,93.38,India,Performance Share,173406.66,0.2,34681.33,Approved,High Value
TX500799,EMP11777,Vesting,2026-04-11,1651,59.28,USA,Performance Share,97871.28,0.4,39148.51,Approved,Normal
TX500800,EMP10852,Exercise,2026-09-14,2106,69.83,Singapore,Stock Option,147061.98,0.4,58824.79,Approved,High Value
TX500801,EMP11302,Exercise,2026-02-19,1479,42.01,Singapore,Performance Share,62132.79,0.2,12426.56,Approved,Normal
TX500802,EMP10995,Grant,2025-10-27,1122,79.95,USA,Stock Option,89703.9,0.2,17940.78,Approved,Normal
TX500803,EMP10137,Cancellation,2025-04-18,1735,80.38,Australia,Performance Share,139459.3,0.2,27891.86,Approved,High Value
TX500804,EMP10943,Sale,2025-02-13,197,53.16,UK,RSU,10472.52,0.3,3141.76,Approved,Normal
TX500805,EMP11304,Vesting,2025-02-24,2131,7.98,India,Stock Option,17005.38,0.3,5101.61,Approved,Normal
TX500806,EMP10654,Grant,2025-05-21,887,85.95,Germany,Performance Share,76237.65,0.3,22871.3,Approved,Normal
TX500807,EMP10264,Grant,2025-09-25,2150,61.22,Singapore,RSU,131623.0,0.2,26324.6,Approved,High Value
TX500808,EMP11353,Sale,2026-04-19,2032,89.89,UK,Stock Option,182656.48,0.2,36531.3,Approved,High Value
TX500809,EMP11339,Sale,2026-12-03,888,5.33,India,ESPP,4733.04,0.3,1419.91,Approved,Normal
TX500810,EMP10247,Vesting,2026-01-04,498,68.76,India,RSU,34242.48,0.2,6848.5,Approved,Normal
TX500811,EMP11455,Exercise,2025-06-21,2299,39.08,USA,ESPP,89844.92,0.3,26953.48,Approved,Normal
TX500812,EMP10805,Sale,2025-04-16,1516,65.21,Germany,Stock Option,98858.36,0.4,39543.34,Approved,Normal
TX500813,EMP11563,Vesting,2026-01-21,98,42.59,UK,Stock Option,4173.82,0.4,1669.53,Approved,Normal
TX500814,EMP11206,Exercise,2025-01-21,2448,88.47,UK,RSU,216574.56,0.3,64972.37,Approved,High Value
TX500815,EMP11782,Sale,2026-11-24,1673,24.75,Australia,ESPP,41406.75,0.4,16562.7,Approved,Normal
TX500816,EMP11214,Vesting,2026-09-22,1988,30.74,USA,RSU,61111.12,0.2,12222.22,Approved,Normal
TX500817,EMP11262,Exercise,2026-08-13,137,21.04,UK,ESPP,2882.48,0.45,1297.12,Approved,Normal
TX500818,EMP11471,Cancellation,2026-02-12,1740,22.27,UK,Performance Share,38749.8,0.2,7749.96,Approved,Normal
TX500819,EMP10513,Vesting,2025-05-13,374,85.55,India,ESPP,31995.7,0.2,6399.14,Pending Review,Normal
TX500820,EMP11139,Vesting,2026-08-25,1526,76.49,India,ESPP,116723.74,0.3,35017.12,Approved,High Value
TX500821,EMP11169,Sale,2025-02-14,146,22.85,USA,RSU,3336.1,0.2,667.22,Approved,Normal
TX500822,EMP11512,Sale,2025-02-01,1735,76.01,USA,ESPP,131877.35,0.2,26375.47,Approved,High Value
TX500823,EMP10669,Cancellation,2026-11-11,1980,55.1,USA,Performance Share,109098.0,0.2,21819.6,Approved,High Value
TX500824,EMP11421,Exercise,2026-03-18,732,80.99,USA,ESPP,59284.68,0.2,11856.94,Approved,Normal
TX500825,EMP11381,Grant,2026-12-05,1857,49.9,India,ESPP,92664.3,0.2,18532.86,Approved,Normal
TX500826,EMP10164,Exercise,2026-04-25,968,93.31,India,Performance Share,90324.08,0.2,18064.82,Approved,Normal
TX500827,EMP11016,Grant,2025-02-20,489,16.58,Singapore,ESPP,8107.62,0.2,1621.52,Approved,Normal
TX500828,EMP10835,Grant,2025-08-08,1063,56.57,Australia,Performance Share,60133.91,0.2,12026.78,Approved,Normal
TX500829,EMP11918,Sale,2026-02-19,1662,8.7,UK,RSU,14459.4,0.4,5783.76,Approved,Normal
TX500830,EMP10270,Vesting,2026-03-31,400,56.04,USA,ESPP,22416.0,0.2,4483.2,Approved,Normal
TX500831,EMP11437,Vesting,2025-06-15,829,47.47,USA,RSU,39352.63,0.4,15741.05,Approved,Normal
TX500832,EMP10188,Cancellation,2025-07-02,2261,23.34,UK,ESPP,52771.74,0.2,10554.35,Approved,Normal
TX500833,EMP11151,Exercise,2026-11-11,1931,12.8,India,RSU,24716.8,0.4,9886.72,Approved,Normal
TX500834,EMP10328,Cancellation,2026-06-08,2351,8.22,UK,Performance Share,19325.22,0.4,7730.09,Pending Review,Normal
TX500835,EMP10566,Cancellation,2025-07-21,1640,54.57,USA,RSU,89494.8,0.3,26848.44,Approved,Normal
TX500836,EMP10718,Exercise,2025-12-23,2118,62.13,UK,Stock Option,131591.34,0.3,39477.4,Approved,High Value
TX500837,EMP11471,Exercise,2025-09-09,2039,7.3,UK,Performance Share,14884.7,0.3,4465.41,Approved,Normal
TX500838,EMP11999,Sale,2026-06-25,689,23.09,UK,RSU,15909.01,0.3,4772.7,Approved,Normal
TX500839,EMP11592,Cancellation,2025-07-06,1751,24.0,UK,ESPP,42024.0,0.3,12607.2,Approved,Normal
TX500840,EMP10404,Sale,2026-10-01,1676,28.45,India,ESPP,47682.2,0.4,19072.88,Approved,Normal
TX500841,EMP10337,Grant,2025-04-20,760,50.61,UK,Performance Share,38463.6,0.45,17308.62,Approved,Normal
TX500842,EMP11373,Cancellation,2025-11-13,2139,61.62,USA,RSU,131805.18,0.3,39541.55,Approved,High Value
TX500843,EMP10853,Grant,2025-03-21,1456,30.5,India,RSU,44408.0,0.3,13322.4,Approved,Normal
TX500844,EMP11610,Sale,2025-12-15,165,63.02,Germany,Stock Option,10398.3,0.3,3119.49,Approved,Normal
TX500845,EMP10219,Grant,2025-11-17,63,91.16,Singapore,RSU,5743.08,0.4,2297.23,Approved,Normal
TX500846,EMP11583,Exercise,2026-07-09,455,67.55,USA,RSU,30735.25,0.2,6147.05,Approved,Normal
TX500847,EMP11500,Vesting,2026-05-06,2477,24.8,USA,Stock Option,61429.6,0.2,12285.92,Approved,Normal
TX500848,EMP11618,Grant,2025-05-07,1963,68.12,USA,RSU,133719.56,0.3,40115.87,Approved,High Value
TX500849,EMP10854,Grant,2025-03-17,199,77.98,USA,ESPP,15518.02,0.4,6207.21,Approved,Normal
TX500850,EMP11876,Grant,2026-03-23,1862,53.3,Germany,ESPP,99244.6,0.2,19848.92,Approved,Normal
TX500851,EMP11324,Cancellation,2025-05-20,1668,75.66,USA,ESPP,126200.88,0.2,25240.18,Approved,High Value
TX500852,EMP10651,Grant,2026-12-16,2490,59.08,India,Stock Option,147109.2,0.3,44132.76,Approved,High Value
TX500853,EMP10260,Sale,2025-08-06,761,91.24,India,RSU,69433.64,0.4,27773.46,Pending Review,Normal
TX500854,EMP10520,Grant,2025-12-07,492,16.67,UK,Stock Option,8201.64,0.3,2460.49,Pending Review,Normal
TX500855,EMP10515,Vesting,2025-05-31,597,85.75,Germany,RSU,51192.75,0.2,10238.55,Approved,Normal
TX500856,EMP10239,Grant,2025-09-28,348,56.8,USA,RSU,19766.4,0.45,8894.88,Approved,Normal
TX500857,EMP10255,Sale,2025-09-13,2243,8.44,UK,ESPP,18930.92,0.4,7572.37,Approved,Normal
TX500858,EMP10272,Exercise,2025-01-30,1695,29.28,UK,Performance Share,49629.6,0.2,9925.92,Approved,Normal
TX500859,EMP11663,Cancellation,2026-05-24,1832,79.04,UK,RSU,144801.28,0.3,43440.38,Approved,High Value
TX500860,EMP11163,Exercise,2025-03-12,2286,82.08,India,Stock Option,187634.88,0.3,56290.46,Approved,High Value
TX500861,EMP10378,Exercise,2026-09-25,1696,31.72,Germany,RSU,53797.12,0.4,21518.85,Approved,Normal
TX500862,EMP11040,Grant,2026-08-01,768,89.66,USA,RSU,68858.88,0.3,20657.66,Approved,Normal
TX500863,EMP11277,Grant,2025-01-03,2359,42.97,UK,RSU,101366.23,0.4,40546.49,Approved,High Value
TX500864,EMP10847,Cancellation,2026-05-16,1999,49.46,UK,Stock Option,98870.54,0.3,29661.16,Approved,Normal
TX500865,EMP10305,Sale,2026-11-21,2442,10.36,UK,RSU,25299.12,0.3,7589.74,Approved,Normal
TX500866,EMP10190,Exercise,2026-12-27,2476,84.32,Australia,RSU,208776.32,0.3,62632.9,Approved,High Value
TX500867,EMP10320,Vesting,2026-10-29,501,88.46,Australia,RSU,44318.46,0.2,8863.69,Approved,Normal
TX500868,EMP11041,Cancellation,2026-07-23,93,80.24,Singapore,RSU,7462.32,0.4,2984.93,Approved,Normal
TX500869,EMP11480,Exercise,2025-11-07,414,7.84,UK,Performance Share,3245.76,0.3,973.73,Approved,Normal
TX500870,EMP11427,Grant,2026-04-06,691,35.37,Singapore,RSU,24440.67,0.4,9776.27,Approved,Normal
TX500871,EMP10677,Vesting,2026-05-31,1493,8.77,India,RSU,13093.61,0.3,3928.08,Approved,Normal
TX500872,EMP10215,Sale,2026-10-12,29,72.16,UK,RSU,2092.64,0.3,627.79,Approved,Normal
TX500873,EMP10307,Exercise,2025-08-07,86,38.76,USA,Performance Share,3333.36,0.4,1333.34,Approved,Normal
TX500874,EMP10207,Sale,2025-09-12,666,13.51,USA,RSU,8997.66,0.3,2699.3,Approved,Normal
TX500875,EMP11735,Vesting,2026-09-20,1739,73.32,Germany,Performance Share,127503.48,0.4,51001.39,Approved,High Value
TX500876,EMP10936,Grant,2026-12-29,386,37.84,UK,Stock Option,14606.24,0.2,2921.25,Pending Review,Normal
TX500877,EMP11568,Sale,2026-09-12,1343,70.88,Germany,ESPP,95191.84,0.2,19038.37,Approved,Normal
TX500878,EMP11970,Sale,2025-10-20,2234,93.12,USA,Performance Share,208030.08,0.45,93613.54,Approved,High Value
TX500879,EMP11103,Sale,2025-05-31,282,93.88,UK,RSU,26474.16,0.2,5294.83,Approved,Normal
TX500880,EMP11681,Grant,2026-08-17,1594,20.7,India,ESPP,32995.8,0.4,13198.32,Approved,Normal
TX500881,EMP10836,Vesting,2026-08-23,588,90.64,UK,Stock Option,53296.32,0.4,21318.53,Approved,Normal
TX500882,EMP11219,Grant,2026-07-24,2451,80.38,Singapore,Performance Share,197011.38,0.45,88655.12,Approved,High Value
TX500883,EMP10802,Exercise,2025-11-26,600,28.93,UK,RSU,17358.0,0.2,3471.6,Pending Review,Normal
TX500884,EMP11868,Sale,2026-11-18,2245,78.46,USA,Performance Share,176142.7,0.2,35228.54,Approved,High Value
TX500885,EMP11776,Exercise,2025-12-27,1707,81.6,UK,Stock Option,139291.2,0.3,41787.36,Approved,High Value
TX500886,EMP11262,Exercise,2026-09-06,2005,13.38,UK,ESPP,26826.9,0.4,10730.76,Approved,Normal
TX500887,EMP11976,Cancellation,2026-03-04,1150,91.64,UK,ESPP,105386.0,0.2,21077.2,Approved,High Value
TX500888,EMP11325,Vesting,2025-03-08,1485,67.87,UK,ESPP,100786.95,0.3,30236.08,Approved,High Value
TX500889,EMP11484,Sale,2026-06-06,1077,87.78,UK,RSU,94539.06,0.2,18907.81,Approved,Normal
TX500890,EMP11060,Grant,2025-09-08,1899,19.41,USA,Performance Share,36859.59,0.4,14743.84,Approved,Normal
TX500891,EMP10385,Sale,2025-01-02,323,7.51,India,RSU,2425.73,0.3,727.72,Approved,Normal
TX500892,EMP11249,Sale,2026-04-08,1431,70.55,USA,ESPP,100957.05,0.2,20191.41,Approved,High Value
TX500893,EMP11371,Vesting,2026-06-07,1547,39.87,India,RSU,61678.89,0.3,18503.67,Approved,Normal
TX500894,EMP11980,Cancellation,2025-08-07,1463,62.78,India,Stock Option,91847.14,0.3,27554.14,Approved,Normal
TX500895,EMP11040,Grant,2025-10-09,930,67.58,USA,RSU,62849.4,0.3,18854.82,Approved,Normal
TX500896,EMP11819,Vesting,2026-04-10,1351,14.06,India,Performance Share,18995.06,0.3,5698.52,Approved,Normal
TX500897,EMP10793,Vesting,2026-12-24,2274,83.45,India,Performance Share,189765.3,0.3,0.0,Approved,High Value
TX500898,EMP11879,Exercise,2026-02-17,977,29.23,India,RSU,28557.71,0.45,12850.97,Approved,Normal
TX500899,EMP10955,Cancellation,2026-01-08,1616,18.95,India,RSU,30623.2,0.4,12249.28,Approved,Normal
TX500900,EMP11919,Cancellation,2025-10-29,1980,38.62,UK,Performance Share,76467.6,0.2,15293.52,Approved,Normal
TX500901,EMP10799,Cancellation,2026-11-21,1049,75.39,Germany,Stock Option,79084.11,0.45,35587.85,Approved,Normal
TX500902,EMP10711,Grant,2026-11-24,192,38.38,India,RSU,7368.96,0.2,1473.79,Approved,Normal
TX500903,EMP10819,Sale,2025-10-28,2231,7.47,Germany,ESPP,16665.57,0.4,0.0,Approved,Normal
TX500904,EMP11444,Exercise,2026-01-21,114,69.34,India,RSU,7904.76,0.4,3161.9,Pending Review,Normal
TX500905,EMP10935,Vesting,2025-04-02,2129,11.06,UK,Performance Share,23546.74,0.2,4709.35,Approved,Normal
TX500906,EMP10195,Exercise,2025-11-09,980,45.12,UK,RSU,44217.6,0.3,13265.28,Approved,Normal
TX500907,EMP10183,Grant,2025-06-30,2154,36.25,Singapore,RSU,78082.5,0.3,23424.75,Approved,Normal
TX500908,EMP10446,Exercise,2025-06-14,1673,49.21,Australia,ESPP,82328.33,0.2,16465.67,Approved,Normal
TX500909,EMP10152,Vesting,2026-01-17,61,31.67,USA,RSU,1931.87,0.4,772.75,Approved,Normal
TX500910,EMP11220,Exercise,2025-02-03,1798,18.53,Australia,Performance Share,33316.94,0.4,13326.78,Approved,Normal
TX500911,EMP11736,Grant,2026-11-16,1064,70.6,UK,RSU,75118.4,0.3,22535.52,Approved,Normal
TX500912,EMP11320,Exercise,2026-12-05,2140,87.92,Australia,RSU,188148.8,0.45,84666.96,Pending Review,High Value
TX500913,EMP10908,Cancellation,2025-02-06,1773,68.13,USA,Stock Option,120794.49,0.2,24158.9,Approved,High Value
TX500914,EMP10905,Vesting,2026-07-11,2406,55.72,Singapore,RSU,134062.32,0.45,60328.04,Approved,High Value
TX500915,EMP10623,Exercise,2025-08-30,1157,89.5,USA,RSU,103551.5,0.2,20710.3,Approved,High Value
TX500916,EMP11443,Sale,2026-07-07,1930,75.06,USA,Performance Share,144865.8,0.4,57946.32,Approved,High Value
TX500917,EMP11383,Sale,2026-03-31,2348,55.04,India,Performance Share,129233.92,0.3,38770.18,Approved,High Value
TX500918,EMP11010,Vesting,2025-01-15,1311,86.64,UK,RSU,113585.04,0.2,22717.01,Approved,High Value
TX500919,EMP11751,Sale,2025-06-07,977,50.84,UK,Performance Share,49670.68,0.4,19868.27,Approved,Normal
TX500920,EMP11312,Vesting,2025-09-11,1733,12.26,USA,ESPP,21246.58,0.3,6373.97,Approved,Normal
TX500921,EMP11635,Sale,2026-04-30,1195,36.85,UK,Stock Option,44035.75,0.3,13210.72,Approved,Normal
TX500922,EMP10707,Sale,2025-09-23,1133,65.65,India,RSU,74381.45,0.3,22314.44,Approved,Normal
TX500923,EMP10786,Grant,2025-04-06,2459,48.56,USA,Stock Option,119409.04,0.4,47763.62,Approved,High Value
TX500924,EMP11042,Vesting,2025-06-22,1533,52.69,Singapore,Performance Share,80773.77,0.3,24232.13,Approved,Normal
TX500925,EMP10096,Sale,2026-03-11,162,36.27,India,ESPP,5875.74,0.4,2350.3,Approved,Normal
TX500926,EMP10791,Grant,2026-06-23,1395,28.72,UK,RSU,40064.4,0.3,12019.32,Approved,Normal
TX500927,EMP10252,Grant,2026-09-04,1543,31.77,UK,Performance Share,49021.11,0.2,9804.22,Pending Review,Normal
TX500928,EMP10718,Sale,2026-02-06,169,53.8,UK,Stock Option,9092.2,0.4,3636.88,Approved,Normal
TX500929,EMP11384,Exercise,2026-09-14,817,19.81,India,RSU,16184.77,0.45,7283.15,Approved,Normal
TX500930,EMP11757,Vesting,2026-02-17,982,62.54,India,RSU,61414.28,0.3,18424.28,Approved,Normal
TX500931,EMP11203,Sale,2025-08-09,1064,93.85,India,RSU,99856.4,0.3,29956.92,Approved,Normal
TX500932,EMP11071,Sale,2025-12-10,1786,14.74,UK,Performance Share,26325.64,0.2,5265.13,Approved,Normal
TX500933,EMP11361,Vesting,2025-09-05,2170,69.32,India,Stock Option,150424.4,0.2,30084.88,Approved,High Value
TX500934,EMP11408,Vesting,2025-10-28,479,10.36,USA,ESPP,4962.44,0.3,1488.73,Approved,Normal
TX500935,EMP11833,Sale,2025-04-01,1279,91.91,Australia,Stock Option,117552.89,0.4,47021.16,Approved,High Value
TX500936,EMP11991,Vesting,2026-04-15,1183,28.47,India,Stock Option,33680.01,0.2,6736.0,Approved,Normal
TX500937,EMP10645,Vesting,2026-07-31,666,6.07,Singapore,RSU,4042.62,0.2,808.52,Approved,Normal
TX500938,EMP10421,Vesting,2026-12-18,944,39.94,USA,RSU,37703.36,0.3,11311.01,Approved,Normal
TX500939,EMP11531,Sale,2025-05-30,678,58.54,USA,RSU,39690.12,0.3,11907.04,Approved,Normal
TX500940,EMP10926,Grant,2026-11-11,1640,13.24,USA,Performance Share,21713.6,0.2,4342.72,Approved,Normal
TX500941,EMP11350,Vesting,2026-06-14,515,76.32,UK,Performance Share,39304.8,0.4,15721.92,Approved,Normal
TX500942,EMP11102,Sale,2026-05-16,458,31.88,UK,ESPP,14601.04,0.4,5840.42,Approved,Normal
TX500943,EMP11698,Grant,2026-11-30,634,78.58,India,RSU,49819.72,0.3,14945.92,Approved,Normal
TX500944,EMP11068,Cancellation,2026-04-13,1276,90.29,Australia,Stock Option,115210.04,0.3,34563.01,Approved,High Value
TX500945,EMP10442,Grant,2025-04-27,2407,33.97,USA,RSU,81765.79,0.3,24529.74,Approved,Normal
TX500946,EMP10863,Sale,2025-08-11,1670,6.99,UK,Stock Option,11673.3,0.3,3501.99,Approved,Normal
TX500947,EMP10343,Vesting,2025-07-07,369,51.6,USA,Performance Share,19040.4,0.3,5712.12,Approved,Normal
TX500948,EMP11496,Exercise,2026-04-02,612,7.48,India,ESPP,4577.76,0.3,1373.33,Approved,Normal
TX500949,EMP10830,Grant,2026-08-04,1812,78.42,USA,RSU,142097.04,0.2,28419.41,Approved,High Value
TX500950,EMP11287,Sale,2026-10-11,1406,46.52,Germany,RSU,65407.12,0.4,26162.85,Approved,Normal
TX500951,EMP11212,Sale,2025-05-21,772,29.14,India,Performance Share,22496.08,0.4,8998.43,Approved,Normal
TX500952,EMP11230,Exercise,2026-01-16,1117,40.77,India,RSU,45540.09,0.45,20493.04,Approved,Normal
TX500953,EMP11693,Sale,2026-06-23,2284,49.73,UK,ESPP,113583.32,0.3,34075.0,Pending Review,High Value
TX500954,EMP10810,Sale,2026-05-17,2377,76.97,UK,RSU,182957.69,0.45,82330.96,Approved,High Value
TX500955,EMP11042,Sale,2025-03-24,853,55.99,Singapore,Performance Share,47759.47,0.3,14327.84,Approved,Normal
TX500956,EMP11437,Vesting,2026-04-21,1642,62.12,USA,RSU,102001.04,0.3,30600.31,Approved,High Value
TX500957,EMP11003,Sale,2025-11-13,976,35.45,India,RSU,34599.2,0.2,6919.84,Approved,Normal
TX500958,EMP10960,Vesting,2026-02-14,2228,52.62,UK,Performance Share,117237.36,0.3,35171.21,Approved,High Value
TX500959,EMP11039,Grant,2025-11-27,2352,9.4,UK,Stock Option,22108.8,0.4,8843.52,Approved,Normal
TX500960,EMP11551,Exercise,2026-11-14,2298,35.03,India,RSU,80498.94,0.2,16099.79,Approved,Normal
TX500961,EMP10494,Exercise,2026-05-24,1788,44.0,UK,Performance Share,78672.0,0.4,31468.8,Approved,Normal
TX500962,EMP10989,Exercise,2026-01-09,-63,57.57,USA,RSU,80713.14,0.4,32285.26,Approved,Normal
TX500963,EMP11795,Exercise,2026-02-12,1632,41.67,India,ESPP,68005.44,0.2,13601.09,Approved,Normal
TX500964,EMP11602,Grant,2026-12-16,1585,62.61,USA,ESPP,99236.85,0.45,44656.58,Approved,Normal
TX500965,EMP11008,Exercise,2026-11-30,434,44.54,India,ESPP,19330.36,0.4,7732.14,Pending Review,Normal
TX500966,EMP10453,Grant,2025-09-06,110,12.97,India,ESPP,1426.7,0.2,285.34,Approved,Normal
TX500967,EMP10323,Exercise,2025-10-01,1185,91.39,India,RSU,108297.15,0.3,32489.14,Approved,High Value
TX500968,EMP10114,Exercise,2025-12-15,1694,37.23,USA,ESPP,63067.62,0.3,18920.29,Approved,Normal
TX500969,EMP11452,Exercise,2025-05-21,1329,15.38,Germany,RSU,20440.02,0.4,8176.01,Pending Review,Normal
TX500970,EMP10728,Sale,2026-04-11,1927,94.44,USA,Performance Share,181985.88,0.4,72794.35,Approved,High Value
TX500971,EMP10517,Grant,2025-10-13,483,93.69,Germany,RSU,45252.27,0.2,9050.45,Approved,Normal
TX500972,EMP11634,Sale,2025-07-06,1508,69.71,Australia,RSU,105122.68,0.3,31536.8,Approved,High Value
TX500973,EMP10083,Vesting,2025-06-18,2124,94.21,India,RSU,200102.04,0.4,80040.82,Approved,High Value
TX500974,EMP11397,Cancellation,2025-09-11,84,94.57,USA,ESPP,7943.88,0.4,3177.55,Approved,Normal
TX500975,EMP10639,Sale,2025-08-15,1616,94.6,India,RSU,152873.6,0.3,45862.08,Approved,High Value
TX500976,EMP10514,Grant,2025-05-24,293,24.3,Germany,ESPP,7119.9,0.3,2135.97,Approved,Normal
TX500977,EMP11768,Sale,2025-01-09,1336,65.28,Singapore,RSU,87214.08,0.2,17442.82,Approved,Normal
TX500978,EMP10234,Sale,2026-06-26,1078,70.57,UK,RSU,76074.46,0.4,30429.78,Pending Review,Normal
TX500979,EMP11016,Exercise,2025-06-15,2055,70.67,Singapore,ESPP,145226.85,0.2,29045.37,Approved,High Value
TX500980,EMP11833,Cancellation,2025-01-08,256,49.96,Australia,Stock Option,12789.76,0.2,2557.95,Approved,Normal
TX500981,EMP11457,Sale,2025-02-22,2410,80.05,USA,Performance Share,192920.5,0.3,57876.15,Approved,High Value
TX500982,EMP10252,Vesting,2025-03-04,1409,18.63,UK,Performance Share,26249.67,0.3,7874.9,Approved,Normal
TX500983,EMP11134,Sale,2026-01-18,1272,63.2,India,ESPP,80390.4,0.4,32156.16,Approved,Normal
TX500984,EMP11700,Sale,2026-12-05,806,59.84,UK,Stock Option,48231.04,0.4,19292.42,Approved,Normal
TX500985,EMP10365,Sale,2026-08-23,1077,65.94,Germany,Performance Share,71017.38,0.4,28406.95,Approved,Normal
TX500986,EMP11168,Vesting,2025-01-10,2013,69.48,UK,RSU,139863.24,0.2,27972.65,Approved,High Value
TX500987,EMP10730,Sale,2025-01-27,2151,45.01,UK,ESPP,96816.51,0.4,38726.6,Approved,Normal
TX500988,EMP10893,Exercise,2025-12-27,2291,75.72,UK,RSU,173474.52,0.2,34694.9,Approved,High Value
TX500989,EMP10214,Exercise,2025-01-28,1829,27.96,USA,Stock Option,51138.84,0.2,10227.77,Approved,Normal
TX500990,EMP11551,Exercise,2025-06-26,1214,81.42,India,RSU,98843.88,0.3,29653.16,Approved,Normal
TX500991,EMP11413,Vesting,2026-03-13,318,89.27,India,Stock Option,28387.86,0.45,12774.54,Approved,Normal
TX500992,EMP10525,Exercise,2025-02-03,1887,69.17,Germany,Stock Option,130523.79,0.2,26104.76,Approved,High Value
TX500993,EMP11875,Vesting,2026-06-27,391,73.57,Australia,Performance Share,28765.87,0.4,11506.35,Approved,Normal
TX500994,EMP11737,Vesting,2025-11-29,504,35.29,UK,RSU,17786.16,0.2,3557.23,Approved,Normal
TX500995,EMP11886,Cancellation,2025-09-04,1509,35.91,UK,RSU,54188.19,0.2,10837.64,Approved,Normal
TX500996,EMP10112,Sale,2026-05-31,807,94.12,UK,Performance Share,75954.84,0.2,15190.97,Approved,Normal
TX500997,EMP10728,Sale,2026-01-11,224,53.14,USA,Performance Share,11903.36,0.4,4761.34,Approved,Normal
TX500998,EMP10480,Vesting,2026-12-21,2394,18.36,UK,RSU,43953.84,0.3,13186.15,Approved,Normal
TX500999,EMP10960,Exercise,2025-05-21,1571,10.51,UK,Performance Share,16511.21,0.2,3302.24,Approved,Normal
TX501000,EMP11364,Sale,2025-10-14,732,43.6,UK,RSU,31915.2,0.45,14361.84,Approved,Normal
TX501001,EMP11745,Exercise,2026-09-06,1644,88.18,India,Performance Share,144967.92,0.3,43490.38,Approved,High Value
TX501002,EMP10385,Vesting,2026-06-16,2151,48.55,India,RSU,104431.05,0.3,31329.32,Approved,High Value
TX501003,EMP10728,Grant,2025-08-13,685,45.48,USA,Performance Share,31153.8,0.2,6230.76,Approved,Normal
TX501004,EMP10797,Grant,2026-07-06,154,32.54,Singapore,Stock Option,5011.16,0.2,1002.23,Approved,Normal
TX501005,EMP11382,Vesting,2025-08-09,554,50.89,India,Performance Share,28193.06,0.45,12686.88,Approved,Normal
TX501006,EMP10951,Sale,2026-09-24,557,93.76,UK,RSU,52224.32,0.45,23500.94,Approved,Normal
TX501007,EMP11708,Exercise,2025-03-25,1163,70.05,UK,Stock Option,81468.15,0.2,16293.63,Approved,Normal
TX501008,EMP11606,Vesting,2025-01-14,1028,87.86,UK,RSU,90320.08,0.3,27096.02,Approved,Normal
TX501009,EMP10830,Cancellation,2025-01-24,2217,90.99,USA,RSU,201724.83,0.45,90776.17,Approved,High Value
TX501010,EMP11673,Vesting,2025-12-03,1437,59.5,India,Performance Share,85501.5,0.3,25650.45,Approved,Normal
TX501011,EMP10818,Sale,2025-11-20,929,48.98,Australia,RSU,45502.42,0.3,13650.73,Approved,Normal
TX501012,EMP11820,Sale,2025-11-24,1559,10.93,India,Stock Option,17039.87,0.3,5111.96,Approved,Normal
TX501013,EMP10741,Vesting,2026-05-27,2330,45.77,USA,ESPP,106644.1,0.3,31993.23,Approved,High Value
TX501014,EMP10662,Vesting,2026-06-19,239,24.51,Australia,RSU,5857.89,0.2,1171.58,Approved,Normal
TX501015,EMP11872,Vesting,2026-03-24,667,66.27,Germany,ESPP,44202.09,0.4,17680.84,Approved,Normal
TX501016,EMP11988,Sale,2025-03-17,26,55.62,Australia,RSU,1446.12,0.4,578.45,Approved,Normal
TX501017,EMP10943,Vesting,2026-03-16,48,6.59,UK,RSU,316.32,0.2,63.26,Approved,Normal
TX501018,EMP10334,Cancellation,2026-11-15,2238,54.62,Singapore,RSU,122239.56,0.2,24447.91,Approved,High Value
TX501019,EMP10007,Cancellation,2026-01-19,1644,34.86,India,ESPP,57309.84,0.3,17192.95,Approved,Normal
TX501020,EMP10645,Exercise,2026-12-24,821,70.94,Singapore,RSU,58241.74,0.2,11648.35,Pending Review,Normal
TX501021,EMP11984,Exercise,2025-11-30,1375,10.17,India,Performance Share,13983.75,0.2,2796.75,Approved,Normal
TX501022,EMP11923,Grant,2026-01-13,1461,81.85,India,Performance Share,119582.85,0.2,23916.57,Approved,High Value
TX501023,EMP11402,Grant,2025-01-30,2146,29.53,UK,RSU,63371.38,0.3,19011.41,Approved,Normal
TX501024,EMP10539,Exercise,2026-01-04,1920,18.72,UK,Stock Option,35942.4,0.2,7188.48,Approved,Normal
TX501025,EMP11899,Grant,2025-01-21,1829,46.77,UK,ESPP,85542.33,0.2,17108.47,Approved,Normal
TX501026,EMP11438,Exercise,2025-07-26,1028,63.91,UK,Performance Share,65699.48,0.3,19709.84,Approved,Normal
TX501027,EMP10130,Grant,2025-07-06,200,91.73,UK,Stock Option,18346.0,0.2,3669.2,Approved,Normal
TX501028,EMP10623,Sale,2026-12-26,1658,6.83,USA,RSU,11324.14,0.3,3397.24,Approved,Normal
TX501029,EMP11765,Exercise,2025-08-03,626,37.02,India,Performance Share,23174.52,0.4,9269.81,Approved,Normal
TX501030,EMP11860,Vesting,2025-11-10,1991,26.35,Germany,RSU,52462.85,0.2,10492.57,Approved,Normal
TX501031,EMP10513,Vesting,2026-03-27,1286,90.37,India,ESPP,116215.82,0.2,23243.16,Approved,High Value
TX501032,EMP11115,Sale,2026-08-18,2307,40.27,Singapore,RSU,92902.89,0.2,18580.58,Pending Review,Normal
TX501033,EMP10751,Vesting,2025-05-15,500,19.23,UK,RSU,9615.0,0.2,1923.0,Approved,Normal
TX501034,EMP10180,Exercise,2026-05-13,327,40.13,USA,RSU,13122.51,0.4,5249.0,Approved,Normal
TX501035,EMP11509,Cancellation,2026-08-04,2072,65.93,India,Performance Share,136606.96,0.4,54642.78,Approved,High Value
TX501036,EMP10492,Vesting,2025-10-15,1713,87.06,India,RSU,149133.78,0.2,29826.76,Approved,High Value
TX501037,EMP10945,Grant,2026-07-19,1670,75.24,UK,RSU,125650.8,0.3,37695.24,Approved,High Value
TX501038,EMP11315,Exercise,2025-01-19,533,34.37,Australia,Performance Share,18319.21,0.2,3663.84,Approved,Normal
TX501039,EMP10958,Cancellation,2026-01-31,1067,37.79,India,RSU,40321.93,0.4,16128.77,Approved,Normal
TX501040,EMP10935,Vesting,2026-08-14,1889,66.7,UK,Performance Share,125996.3,0.2,25199.26,Approved,High Value
TX501041,EMP10817,Cancellation,2025-06-15,1559,92.21,Germany,Performance Share,143755.39,0.2,28751.08,Approved,High Value
TX501042,EMP10951,Vesting,2026-12-10,738,48.72,UK,RSU,35955.36,0.3,10786.61,Approved,Normal
TX501043,EMP11597,Exercise,2025-08-25,1626,91.24,India,Performance Share,148356.24,0.4,59342.5,Approved,High Value
TX501044,EMP11877,Vesting,2026-11-01,1786,9.69,USA,ESPP,17306.34,0.4,6922.54,Approved,Normal
TX501045,EMP11592,Grant,2025-08-12,284,84.48,UK,ESPP,23992.32,0.4,9596.93,Approved,Normal
TX501046,EMP11643,Cancellation,2026-06-22,840,26.2,India,ESPP,22008.0,0.45,9903.6,Approved,Normal
TX501047,EMP11102,Vesting,2025-01-16,462,18.56,UK,ESPP,8574.72,0.2,1714.94,Pending Review,Normal
TX501048,EMP10403,Vesting,2026-10-29,1005,30.36,India,Performance Share,30511.8,0.4,12204.72,Approved,Normal
TX501049,EMP11674,Sale,2026-07-18,1821,8.43,Australia,Stock Option,15351.03,0.3,4605.31,Approved,Normal
TX501050,EMP11244,Vesting,2026-09-27,2416,59.23,USA,Performance Share,143099.68,0.2,28619.94,Approved,High Value
TX501051,EMP11706,Exercise,2026-12-05,950,46.43,India,RSU,44108.5,0.45,19848.82,Approved,Normal
TX501052,EMP10648,Vesting,2026-11-18,624,12.96,Australia,Performance Share,8087.04,0.3,2426.11,Approved,Normal
TX501053,EMP11572,Exercise,2025-10-07,379,48.15,Australia,RSU,18248.85,0.4,7299.54,Approved,Normal
TX501054,EMP10928,Cancellation,2025-12-05,2213,67.68,India,RSU,149775.84,0.3,44932.75,Approved,High Value
TX501055,EMP10275,Sale,2026-04-24,288,15.1,India,Performance Share,4348.8,0.45,1956.96,Approved,Normal
TX501056,EMP10631,Exercise,2026-05-20,284,90.09,UK,RSU,25585.56,0.4,10234.22,Approved,Normal
TX501057,EMP10306,Vesting,2026-01-22,1455,17.81,India,Stock Option,25913.55,0.45,11661.1,Approved,Normal
TX501058,EMP10803,Grant,2026-06-14,377,36.51,UK,RSU,13764.27,0.45,6193.92,Approved,Normal
TX501059,EMP10733,Sale,2025-02-17,465,29.22,India,RSU,13587.3,0.3,4076.19,Approved,Normal
TX501060,EMP10854,Vesting,2026-10-18,1899,21.2,USA,ESPP,40258.8,0.2,8051.76,Approved,Normal
TX501061,EMP10187,Grant,2025-04-30,717,41.23,India,RSU,29561.91,0.3,8868.57,Approved,Normal
TX501062,EMP10396,Grant,2026-04-08,336,16.76,Germany,RSU,5631.36,0.2,1126.27,Approved,Normal
TX501063,EMP10313,Sale,2025-04-18,337,7.21,Australia,Performance Share,2429.77,0.3,728.93,Approved,Normal
TX501064,EMP11068,Grant,2025-11-07,2096,78.23,Australia,Stock Option,163970.08,0.2,32794.02,Approved,High Value
TX501065,EMP11425,Vesting,2025-05-01,2140,32.64,UK,RSU,69849.6,0.2,13969.92,Approved,Normal
TX501066,EMP10013,Sale,2025-02-14,2478,93.69,India,RSU,232163.82,0.4,92865.53,Approved,High Value
TX501067,EMP10328,Exercise,2025-09-13,1720,94.84,UK,Performance Share,163124.8,0.3,48937.44,Approved,High Value
TX501068,EMP11458,Grant,2026-11-29,1856,9.85,Germany,ESPP,18281.6,0.4,7312.64,Approved,Normal
TX501069,EMP10032,Sale,2026-12-14,54,31.11,India,Performance Share,1679.94,0.2,335.99,Pending Review,Normal
TX501070,EMP10699,Exercise,2025-08-02,2161,75.86,India,RSU,163933.46,0.3,49180.04,Approved,High Value
TX501071,EMP11035,Grant,2025-12-13,670,46.15,UK,Performance Share,30920.5,0.2,6184.1,Approved,Normal
TX501072,EMP10669,Vesting,2026-09-20,2192,32.31,USA,Performance Share,70823.52,0.2,14164.7,Approved,Normal
TX501073,EMP10861,Exercise,2025-04-10,2464,33.17,USA,ESPP,81730.88,0.2,16346.18,Approved,Normal
TX501074,EMP10373,Grant,2026-07-03,1393,94.63,UK,Performance Share,131819.59,0.3,39545.88,Approved,High Value
TX501075,EMP10700,Exercise,2025-04-06,549,32.16,India,ESPP,17655.84,0.2,3531.17,Approved,Normal
TX501076,EMP11454,Sale,2025-07-11,2233,24.97,Germany,Stock Option,55758.01,0.3,16727.4,Approved,Normal
TX501077,EMP11871,Exercise,2026-12-02,973,37.65,UK,Performance Share,36633.45,0.3,10990.03,Approved,Normal
TX501078,EMP11483,Cancellation,2025-02-05,1247,72.92,Australia,ESPP,90931.24,0.2,18186.25,Approved,Normal
TX501079,EMP10206,Grant,2025-03-02,1133,72.9,India,RSU,82595.7,0.4,33038.28,Approved,Normal
TX501080,EMP11732,Grant,2026-03-21,774,60.01,India,Stock Option,46447.74,0.3,13934.32,Approved,Normal
TX501081,EMP10051,Sale,2026-01-14,276,11.48,India,RSU,3168.48,0.4,1267.39,Approved,Normal
TX501082,EMP10925,Grant,2026-06-20,241,51.12,UK,Stock Option,12319.92,0.2,2463.98,Approved,Normal
TX501083,EMP11175,Exercise,2026-10-09,238,93.58,India,RSU,22272.04,0.2,4454.41,Approved,Normal
TX501084,EMP10071,Sale,2025-03-14,723,57.92,Australia,RSU,41876.16,0.3,12562.85,Approved,Normal
TX501085,EMP11007,Exercise,2025-03-12,563,41.3,UK,Performance Share,23251.9,0.3,6975.57,Approved,Normal
TX501086,EMP10003,Exercise,2025-02-18,751,14.58,India,RSU,10949.58,0.4,4379.83,Approved,Normal
TX501087,EMP11257,Exercise,2025-08-13,1024,20.15,UK,Stock Option,20633.6,0.45,9285.12,Approved,Normal
TX501088,EMP10538,Grant,2025-01-08,1343,27.61,Singapore,Performance Share,37080.23,0.45,16686.1,Approved,Normal
TX501089,EMP11351,Grant,2026-06-02,602,35.34,USA,Performance Share,21274.68,0.4,8509.87,Approved,Normal
TX501090,EMP11853,Grant,2025-04-21,934,51.34,USA,Performance Share,47951.56,0.3,14385.47,Approved,Normal
TX501091,EMP10453,Grant,2026-06-04,2414,47.5,India,ESPP,114665.0,0.3,34399.5,Approved,High Value
TX501092,EMP11216,Vesting,2025-09-24,2109,26.8,Singapore,Performance Share,56521.2,0.2,11304.24,Approved,Normal
TX501093,EMP11613,Grant,2026-07-05,2147,91.13,Germany,RSU,195656.11,0.3,58696.83,Approved,High Value
TX501094,EMP11059,Exercise,2025-06-10,266,93.74,UK,RSU,24934.84,0.45,11220.68,Approved,Normal
TX501095,EMP10684,Cancellation,2025-08-27,578,13.8,India,Stock Option,7976.4,0.3,2392.92,Approved,Normal
TX501096,EMP10766,Grant,2025-12-17,1565,66.68,India,Performance Share,104354.2,0.3,31306.26,Approved,High Value
TX501097,EMP11155,Exercise,2025-01-17,2057,5.08,USA,RSU,10449.56,0.3,3134.87,Approved,Normal
TX501098,EMP10013,Exercise,2026-05-18,88,6.06,India,RSU,533.28,0.2,106.66,Approved,Normal
TX501099,EMP10675,Exercise,2025-11-05,783,89.82,India,ESPP,70329.06,0.4,28131.62,Approved,Normal
TX501100,EMP10641,Sale,2026-11-29,874,7.87,USA,RSU,6878.38,0.3,2063.51,Pending Review,Normal
TX501101,EMP10883,Grant,2026-11-05,705,53.88,Germany,RSU,37985.4,0.45,17093.43,Approved,Normal
TX501102,EMP11210,Sale,2026-12-05,98,92.48,USA,RSU,9063.04,0.3,2718.91,Approved,Normal
TX501103,EMP11555,Grant,2026-01-02,273,94.84,India,RSU,25891.32,0.45,11651.09,Approved,Normal
TX501104,EMP11433,Sale,2026-11-06,1013,23.06,UK,RSU,23359.78,0.3,7007.93,Approved,Normal
TX501105,EMP11383,Cancellation,2025-06-05,2172,63.33,India,Performance Share,137552.76,0.3,41265.83,Approved,High Value
TX501106,EMP10115,Vesting,2025-12-08,2022,73.97,Australia,RSU,149567.34,0.2,29913.47,Approved,High Value
TX501107,EMP11347,Vesting,2025-06-09,1303,81.16,Germany,ESPP,105751.48,0.2,21150.3,Approved,High Value
TX501108,EMP10571,Cancellation,2026-07-02,797,19.46,India,RSU,15509.62,0.45,6979.33,Approved,Normal
TX501109,EMP11352,Grant,2026-12-28,794,28.82,UK,ESPP,22883.08,0.4,9153.23,Approved,Normal
TX501110,EMP10367,Sale,2026-06-24,455,35.97,UK,RSU,16366.35,0.3,4909.9,Approved,Normal
TX501111,EMP11639,Vesting,2026-03-04,40,5.14,USA,RSU,205.6,0.2,41.12,Approved,Normal
TX501112,EMP11613,Sale,2025-04-17,520,92.44,Germany,RSU,48068.8,0.2,9613.76,Pending Review,Normal
TX501113,EMP10504,Grant,2026-05-15,1026,7.58,Germany,RSU,7777.08,0.2,1555.42,Approved,Normal
TX501114,EMP11657,Sale,2025-04-18,1364,26.62,India,ESPP,36309.68,0.2,7261.94,Approved,Normal
TX501115,EMP10139,Exercise,2025-02-08,2205,24.33,USA,ESPP,53647.65,0.3,16094.3,Approved,Normal
TX501116,EMP11228,Sale,2025-02-14,726,77.62,Singapore,Stock Option,56352.12,0.4,22540.85,Approved,Normal
TX501117,EMP10662,Sale,2025-02-26,55,12.94,Australia,RSU,711.7,0.4,284.68,Approved,Normal
TX501118,EMP11543,Vesting,2026-09-06,1154,65.67,Singapore,RSU,75783.18,0.4,30313.27,Approved,Normal
TX501119,EMP11328,Grant,2026-10-16,152,64.7,UK,RSU,9834.4,0.3,2950.32,Approved,Normal
TX501120,EMP11066,Sale,2025-12-18,2381,26.43,India,RSU,62929.83,0.4,25171.93,Approved,Normal
TX501121,EMP11909,Grant,2026-09-04,2051,65.1,India,Performance Share,133520.1,0.3,40056.03,Approved,High Value
TX501122,EMP10058,Vesting,2026-11-23,178,14.88,USA,Stock Option,2648.64,0.4,1059.46,Approved,Normal
TX501123,EMP11472,Vesting,2025-07-17,135,46.8,USA,RSU,6318.0,0.3,1895.4,Approved,Normal
TX501124,EMP10019,Sale,2025-07-30,845,80.51,Germany,RSU,68030.95,0.3,20409.28,Approved,Normal
TX501125,EMP11441,Grant,2025-06-23,2041,17.4,Australia,RSU,35513.4,0.4,14205.36,Pending Review,Normal
TX501126,EMP10358,Exercise,2025-01-20,2192,66.04,UK,Performance Share,144759.68,0.4,57903.87,Approved,High Value
TX501127,EMP10476,Vesting,2026-10-23,626,72.23,UK,RSU,45215.98,0.2,9043.2,Approved,Normal
TX501128,EMP10796,Exercise,2026-03-03,1433,28.88,Germany,Stock Option,41385.04,0.2,8277.01,Approved,Normal
TX501129,EMP11796,Grant,2025-03-28,1628,84.42,USA,ESPP,137435.76,0.2,27487.15,Approved,High Value
TX501130,EMP11725,Sale,2026-05-23,762,45.6,USA,Stock Option,34747.2,0.3,10424.16,Approved,Normal
TX501131,EMP10819,Vesting,2026-08-14,1708,67.17,Germany,ESPP,114726.36,0.2,22945.27,Pending Review,High Value
TX501132,EMP10113,Grant,2026-10-25,1264,91.6,USA,RSU,115782.4,0.4,46312.96,Pending Review,High Value
TX501133,EMP11911,Grant,2026-01-12,1286,75.14,UK,ESPP,96630.04,0.3,28989.01,Approved,Normal
TX501134,EMP11570,Sale,2026-10-29,1051,75.42,Singapore,ESPP,79266.42,0.3,23779.93,Approved,Normal
TX501135,EMP11214,Sale,2026-12-25,2388,85.92,USA,RSU,205176.96,0.45,92329.63,Approved,High Value
TX501136,EMP11857,Grant,2026-06-30,835,71.03,UK,Performance Share,59310.05,0.4,23724.02,Approved,Normal
TX501137,EMP10138,Vesting,2026-09-23,1020,18.12,UK,RSU,18482.4,0.4,7392.96,Approved,Normal
TX501138,EMP11968,Sale,2025-11-04,537,19.42,UK,Performance Share,10428.54,0.2,2085.71,Approved,Normal
TX501139,EMP10888,Vesting,2025-08-08,2176,64.94,UK,Stock Option,141309.44,0.4,56523.78,Approved,High Value
TX501140,EMP11666,Vesting,2026-07-16,1088,70.44,Germany,RSU,76638.72,0.3,22991.62,Approved,Normal
TX501141,EMP10702,Vesting,2026-06-10,370,57.93,Australia,Performance Share,21434.1,0.4,8573.64,Approved,Normal
TX501142,EMP11681,Sale,2026-07-16,1907,18.75,India,ESPP,35756.25,0.2,7151.25,Approved,Normal
TX501143,EMP10608,Sale,2025-09-02,2285,75.54,India,Stock Option,172608.9,0.3,51782.67,Approved,High Value
TX501144,EMP11425,Vesting,2025-10-05,116,56.44,UK,RSU,6547.04,0.4,2618.82,Approved,Normal
TX501145,EMP10886,Exercise,2026-03-04,1076,65.36,Singapore,RSU,70327.36,0.3,21098.21,Approved,Normal
TX501146,EMP10956,Sale,2026-02-23,138,70.69,USA,RSU,9755.22,0.3,2926.57,Approved,Normal
TX501147,EMP10680,Exercise,2026-01-26,2335,76.72,India,ESPP,179141.2,0.4,71656.48,Approved,High Value
TX501148,EMP11214,Sale,2026-02-06,1405,18.48,USA,RSU,25964.4,0.4,10385.76,Approved,Normal
TX501149,EMP11675,Sale,2025-01-19,1388,47.41,UK,RSU,65805.08,0.3,19741.52,Approved,Normal
TX501150,EMP10333,Grant,2026-10-05,179,14.22,UK,ESPP,2545.38,0.3,763.61,Approved,Normal
TX501151,EMP10865,Exercise,2026-01-28,623,81.38,USA,Performance Share,50699.74,0.3,15209.92,Approved,Normal
TX501152,EMP11537,Exercise,2026-04-23,289,25.25,India,RSU,7297.25,0.3,2189.17,Approved,Normal
TX501153,EMP10829,Grant,2025-12-21,1599,16.66,Australia,Stock Option,26639.34,0.45,11987.7,Approved,Normal
TX501154,EMP11543,Grant,2025-10-07,461,42.91,Singapore,RSU,19781.51,0.3,5934.45,Approved,Normal
TX501155,EMP11904,Sale,2025-02-16,1486,5.61,Germany,RSU,8336.46,0.3,2500.94,Pending Review,Normal
TX501156,EMP10164,Vesting,2025-09-29,1207,59.39,India,Performance Share,71683.73,0.2,14336.75,Approved,Normal
TX501157,EMP11053,Vesting,2026-03-29,350,89.89,India,RSU,31461.5,0.2,6292.3,Pending Review,Normal
TX501158,EMP10079,Sale,2026-09-03,588,30.65,India,RSU,18022.2,0.3,5406.66,Pending Review,Normal
TX501159,EMP11978,Sale,2025-05-19,1016,24.31,UK,RSU,24698.96,0.2,4939.79,Approved,Normal
TX501160,EMP10714,Sale,2025-08-01,1515,16.13,Germany,ESPP,24436.95,0.2,4887.39,Approved,Normal
TX501161,EMP11140,Exercise,2026-08-27,380,49.61,USA,RSU,18851.8,0.3,5655.54,Approved,Normal
TX501162,EMP11038,Vesting,2026-12-24,2049,39.54,UK,Stock Option,81017.46,0.45,36457.86,Approved,Normal
TX501163,EMP10974,Exercise,2025-01-05,2032,32.19,UK,Performance Share,65410.08,0.2,13082.02,Approved,Normal
TX501164,EMP11617,Vesting,2025-04-19,834,64.28,India,Stock Option,53609.52,0.4,21443.81,Approved,Normal
TX501165,EMP10918,Vesting,2026-01-17,682,45.58,India,Performance Share,31085.56,0.4,12434.22,Approved,Normal
TX501166,EMP10266,Grant,2025-02-22,700,41.91,India,Performance Share,29337.0,0.45,13201.65,Approved,Normal
TX501167,EMP10003,Grant,2025-09-03,709,14.46,India,RSU,10252.14,0.2,2050.43,Approved,Normal
TX501168,EMP11021,Exercise,2026-04-23,2465,91.29,India,Performance Share,225029.85,0.45,101263.43,Approved,High Value
TX501169,EMP11292,Sale,2025-07-30,1568,52.91,Germany,Stock Option,82962.88,0.4,33185.15,Approved,Normal
TX501170,EMP10127,Sale,2025-06-03,449,79.84,USA,ESPP,35848.16,0.4,14339.26,Approved,Normal
TX501171,EMP10291,Vesting,2025-08-18,631,76.84,UK,RSU,48486.04,0.2,9697.21,Approved,Normal
TX501172,EMP11807,Sale,2025-08-19,2493,94.03,USA,Stock Option,234416.79,0.3,70325.04,Approved,High Value
TX501173,EMP11516,Grant,2025-04-15,2486,16.45,USA,RSU,40894.7,0.3,12268.41,Pending Review,Normal
TX501174,EMP10964,Sale,2025-01-03,223,93.14,India,RSU,20770.22,0.3,6231.07,Approved,Normal
TX501175,EMP11138,Cancellation,2025-08-14,125,40.58,India,ESPP,5072.5,0.2,1014.5,Pending Review,Normal
TX501176,EMP10902,Vesting,2025-04-30,1819,63.27,UK,Stock Option,115088.13,0.2,23017.63,Approved,High Value
TX501177,EMP10572,Grant,2026-05-28,1300,44.42,UK,Performance Share,57746.0,0.3,17323.8,Approved,Normal
TX501178,EMP11757,Vesting,2025-02-20,477,23.2,India,RSU,11066.4,0.2,2213.28,Approved,Normal
TX501179,EMP11153,Sale,2025-05-14,2277,10.05,USA,Stock Option,22883.85,0.45,10297.73,Approved,Normal
TX501180,EMP10333,Grant,2025-02-17,2204,24.21,UK,ESPP,53358.84,0.4,21343.54,Approved,Normal
TX501181,EMP10753,Grant,2026-08-08,442,72.47,UK,Stock Option,32031.74,0.4,12812.7,Approved,Normal
TX501182,EMP10691,Cancellation,2025-04-29,46,23.05,UK,RSU,1060.3,0.4,424.12,Approved,Normal
TX501183,EMP10046,Vesting,2026-10-28,1760,11.94,USA,Performance Share,21014.4,0.45,9456.48,Approved,Normal
TX501184,EMP11087,Exercise,2025-09-21,2019,94.93,Australia,ESPP,191663.67,0.3,57499.1,Approved,High Value
TX501185,EMP10600,Grant,2026-08-20,2414,50.63,India,ESPP,122220.82,0.3,36666.25,Approved,High Value
TX501186,EMP11139,Exercise,2026-09-08,2341,5.74,India,ESPP,13437.34,0.4,5374.94,Approved,Normal
TX501187,EMP11497,Exercise,2025-10-19,1603,53.06,Australia,ESPP,85055.18,0.4,34022.07,Approved,Normal
TX501188,EMP11059,Exercise,2026-10-06,1777,25.19,UK,RSU,44762.63,0.3,13428.79,Approved,Normal
TX501189,EMP11672,Vesting,2026-03-05,1261,45.18,Germany,Stock Option,56971.98,0.3,17091.59,Pending Review,Normal
TX501190,EMP10579,Exercise,2026-08-06,75,47.26,Singapore,RSU,3544.5,0.2,708.9,Approved,Normal
TX501191,EMP10453,Sale,2025-03-21,370,41.68,India,ESPP,15421.6,0.2,3084.32,Approved,Normal
TX501192,EMP11512,Sale,2026-05-29,2376,45.49,USA,ESPP,108084.24,0.45,48637.91,Approved,High Value
TX501193,EMP11345,Grant,2026-01-10,2317,88.77,Germany,RSU,205680.09,0.2,41136.02,Approved,High Value
TX501194,EMP11615,Grant,2025-09-04,581,36.92,USA,RSU,21450.52,0.3,6435.16,Approved,Normal
TX501195,EMP10496,Sale,2025-05-15,1172,55.25,Germany,RSU,64753.0,0.4,25901.2,Pending Review,Normal
TX501196,EMP11646,Exercise,2025-02-01,1904,87.91,UK,RSU,167380.64,0.4,66952.26,Approved,High Value
TX501197,EMP11381,Grant,2025-02-06,1418,38.35,India,ESPP,54380.3,0.2,10876.06,Pending Review,Normal
TX501198,EMP10777,Sale,2026-01-14,123,30.17,India,RSU,3710.91,0.2,742.18,Approved,Normal
TX501199,EMP11191,Exercise,2025-02-14,2227,25.12,India,RSU,55942.24,0.2,11188.45,Pending Review,Normal
TX501200,EMP10265,Exercise,2026-10-16,1975,92.81,India,RSU,183299.75,0.2,36659.95,Approved,High Value
TX501201,EMP11361,Grant,2026-08-24,456,20.65,India,Stock Option,9416.4,0.4,3766.56,Approved,Normal
TX501202,EMP11650,Exercise,2025-01-01,2200,5.48,USA,RSU,12056.0,0.4,4822.4,Approved,Normal
TX501203,EMP11277,Grant,2025-10-21,950,41.96,UK,RSU,39862.0,0.4,15944.8,Approved,Normal
TX501204,EMP11743,Grant,2025-07-31,1776,27.98,USA,RSU,49692.48,0.2,9938.5,Approved,Normal
TX501205,EMP10048,Sale,2026-01-29,1728,14.99,Germany,ESPP,25902.72,0.2,5180.54,Approved,Normal
TX501206,EMP11339,Sale,2025-01-27,903,19.44,India,ESPP,17554.32,0.3,5266.3,Approved,Normal
TX501207,EMP11261,Sale,2025-09-07,1334,48.31,USA,ESPP,64445.54,0.45,29000.49,Approved,Normal
TX501208,EMP11923,Grant,2026-07-01,490,51.14,India,Performance Share,25058.6,0.45,11276.37,Approved,Normal
TX501209,EMP11135,Grant,2025-12-22,374,27.31,Singapore,RSU,10213.94,0.4,4085.58,Approved,Normal
TX501210,EMP10594,Grant,2026-10-23,369,6.18,India,RSU,2280.42,0.4,912.17,Approved,Normal
TX501211,EMP11020,Grant,2026-09-02,2296,63.61,UK,RSU,146048.56,0.4,58419.42,Approved,High Value
TX501212,EMP11513,Exercise,2025-04-03,732,32.33,USA,RSU,23665.56,0.2,4733.11,Approved,Normal
TX501213,EMP11423,Grant,2025-08-13,1153,15.84,Australia,RSU,18263.52,0.45,8218.58,Approved,Normal
TX501214,EMP11478,Grant,2025-08-02,813,43.13,Germany,RSU,35064.69,0.3,10519.41,Approved,Normal
TX501215,EMP10437,Exercise,2025-06-29,2286,71.01,Australia,Performance Share,162328.86,0.4,64931.54,Approved,High Value
TX501216,EMP11254,Vesting,2026-11-22,2119,30.77,USA,Stock Option,65201.63,0.2,13040.33,Approved,Normal
TX501217,EMP10824,Sale,2025-05-11,549,41.69,USA,RSU,22887.81,0.2,4577.56,Approved,Normal
TX501218,EMP11361,Sale,2026-04-02,1121,81.02,India,Stock Option,90823.42,0.3,27247.03,Approved,Normal
TX501219,EMP11852,Vesting,2026-04-13,1889,7.57,USA,RSU,14299.73,0.4,5719.89,Approved,Normal
TX501220,EMP11491,Sale,2025-11-14,2256,32.12,India,Performance Share,72462.72,0.3,21738.82,Approved,Normal
TX501221,EMP10651,Sale,2026-09-15,543,85.92,India,Stock Option,46654.56,0.3,13996.37,Approved,Normal
TX501222,EMP11563,Grant,2026-01-12,2435,47.78,UK,Stock Option,116344.3,0.3,34903.29,Approved,High Value
TX501223,EMP11501,Exercise,2025-02-08,1312,43.03,UK,ESPP,56455.36,0.3,16936.61,Approved,Normal
TX501224,EMP11628,Sale,2026-11-08,1531,18.93,UK,Stock Option,28981.83,0.2,5796.37,Approved,Normal
TX501225,EMP10039,Cancellation,2026-09-21,540,55.44,USA,RSU,29937.6,0.2,5987.52,Approved,Normal
TX501226,EMP11816,Sale,2026-02-03,1326,56.16,Germany,Stock Option,74468.16,0.4,29787.26,Approved,Normal
TX501227,EMP10272,Cancellation,2026-01-27,1552,61.59,UK,Performance Share,95587.68,0.3,28676.3,Approved,Normal
TX501228,EMP10451,Exercise,2025-03-30,913,52.89,India,Performance Share,48288.57,0.2,9657.71,Approved,Normal
TX501229,EMP11054,Exercise,2026-10-20,1625,6.63,Germany,ESPP,10773.75,0.2,2154.75,Approved,Normal
TX501230,EMP11495,Vesting,2026-02-09,1511,7.87,UK,ESPP,11891.57,0.2,2378.31,Pending Review,Normal
TX501231,EMP10819,Sale,2025-03-27,2131,50.23,Germany,ESPP,107040.13,0.4,42816.05,Approved,High Value
TX501232,EMP10570,Cancellation,2026-01-27,2407,56.37,UK,Performance Share,135682.59,0.2,27136.52,Approved,High Value
TX501233,EMP10816,Exercise,2025-03-23,2385,71.33,UK,RSU,170122.05,0.2,34024.41,Approved,High Value
TX501234,EMP10863,Grant,2026-11-27,2102,62.14,UK,Stock Option,130618.28,0.4,52247.31,Approved,High Value
TX501235,EMP10916,Grant,2025-02-23,1168,38.38,India,RSU,44827.84,0.3,13448.35,Approved,Normal
TX501236,EMP11561,Exercise,2026-12-26,2060,91.97,Singapore,RSU,189458.2,0.2,37891.64,Approved,High Value
TX501237,EMP11951,Exercise,2026-07-25,2238,27.05,India,ESPP,60537.9,0.2,12107.58,Approved,Normal
TX501238,EMP11717,Grant,2026-01-10,707,59.0,USA,Stock Option,41713.0,0.2,8342.6,Approved,Normal
TX501239,EMP10882,Sale,2026-03-26,2472,12.41,UK,RSU,30677.52,0.3,9203.26,Approved,Normal
TX501240,EMP11973,Grant,2026-03-21,1484,7.62,UK,Performance Share,11308.08,0.3,3392.42,Approved,Normal
TX501241,EMP10356,Cancellation,2026-03-14,1124,79.37,UK,Stock Option,89211.88,0.2,17842.38,Approved,Normal
TX501242,EMP10912,Vesting,2025-01-23,1687,81.45,USA,Stock Option,137406.15,0.4,54962.46,Approved,High Value
TX501243,EMP10923,Grant,2026-07-08,1044,59.08,India,RSU,61679.52,0.2,12335.9,Approved,Normal
TX501244,EMP11135,Sale,2026-10-11,2070,34.39,Singapore,RSU,71187.3,0.4,28474.92,Approved,Normal
TX501245,EMP10807,Cancellation,2025-04-12,1055,20.22,Singapore,RSU,21332.1,0.4,8532.84,Approved,Normal
TX501246,EMP10610,Vesting,2026-06-05,970,16.12,India,RSU,15636.4,0.4,6254.56,Approved,Normal
TX501247,EMP10740,Vesting,2025-12-22,1387,79.87,Singapore,Stock Option,110779.69,0.2,22155.94,Approved,High Value
TX501248,EMP11231,Vesting,2026-07-15,248,35.32,Germany,Performance Share,8759.36,0.2,1751.87,Approved,Normal
TX501249,EMP11802,Cancellation,2025-09-18,744,17.76,UK,RSU,13213.44,0.3,3964.03,Pending Review,Normal
TX501250,EMP11046,Grant,2025-06-28,2159,6.21,India,RSU,13407.39,0.2,2681.48,Approved,Normal
TX501251,EMP10264,Grant,2026-09-25,301,66.89,Singapore,RSU,20133.89,0.4,8053.56,Approved,Normal
TX501252,EMP11093,Grant,2026-01-10,1874,38.96,Australia,ESPP,73011.04,0.2,14602.21,Approved,Normal
TX501253,EMP10877,Vesting,2025-10-01,1181,55.59,USA,ESPP,65651.79,0.2,13130.36,Approved,Normal
TX501254,EMP10175,Vesting,2026-08-17,2239,24.28,USA,RSU,54362.92,0.3,16308.88,Approved,Normal
TX501255,EMP10746,Exercise,2026-11-22,1335,24.21,India,Stock Option,32320.35,0.4,12928.14,Approved,Normal
TX501256,EMP11623,Sale,2025-03-17,1454,15.65,India,RSU,22755.1,0.4,9102.04,Approved,Normal
TX501257,EMP10613,Sale,2026-09-20,1769,16.76,UK,RSU,29648.44,0.3,8894.53,Approved,Normal
TX501258,EMP10959,Exercise,2025-12-07,2408,29.52,Australia,Stock Option,71084.16,0.3,21325.25,Approved,Normal
TX501259,EMP11051,Exercise,2025-09-01,391,48.86,Germany,RSU,19104.26,0.2,3820.85,Approved,Normal
TX501260,EMP11750,Sale,2026-08-21,1721,59.13,UK,Performance Share,101762.73,0.2,20352.55,Approved,High Value
TX501261,EMP10190,Grant,2025-01-28,97,84.14,Australia,RSU,8161.58,0.2,1632.32,Approved,Normal
TX501262,EMP10500,Sale,2025-08-30,1532,72.65,India,ESPP,111299.8,0.3,33389.94,Approved,High Value
TX501263,EMP10454,Vesting,2026-11-07,25,49.86,UK,RSU,1246.5,0.4,498.6,Approved,Normal
TX501264,EMP10435,Exercise,2026-03-30,1875,49.87,India,RSU,93506.25,0.4,37402.5,Approved,Normal
TX501265,EMP10612,Cancellation,2025-08-25,966,57.0,USA,Stock Option,55062.0,0.4,22024.8,Approved,Normal
TX501266,EMP10179,Sale,2025-02-05,704,31.08,UK,Performance Share,21880.32,0.3,6564.1,Pending Review,Normal
TX501267,EMP10938,Vesting,2026-11-20,1306,8.2,Singapore,RSU,10709.2,0.3,3212.76,Approved,Normal
TX501268,EMP11820,Vesting,2026-09-01,1356,23.06,India,Stock Option,31269.36,0.4,12507.74,Approved,Normal
TX501269,EMP11146,Sale,2026-06-22,2289,34.03,UK,Performance Share,77894.67,0.3,23368.4,Approved,Normal
TX501270,EMP10514,Sale,2025-04-08,837,50.39,Germany,ESPP,42176.43,0.3,12652.93,Pending Review,Normal
TX501271,EMP11243,Exercise,2026-06-12,1523,37.31,USA,Stock Option,56823.13,0.2,11364.63,Approved,Normal
TX501272,EMP10337,Exercise,2026-03-16,1346,26.12,UK,Performance Share,35157.52,0.3,10547.26,Approved,Normal
TX501273,EMP10090,Cancellation,2025-10-02,165,68.51,USA,Stock Option,11304.15,0.4,4521.66,Approved,Normal
TX501274,EMP10397,Sale,2026-01-24,449,94.1,USA,Performance Share,42250.9,0.4,16900.36,Approved,Normal
TX501275,EMP10693,Sale,2025-01-18,789,21.56,India,RSU,17010.84,0.4,6804.34,Approved,Normal
TX501276,EMP10029,Grant,2025-01-14,1161,93.53,USA,ESPP,108588.33,0.3,32576.5,Approved,High Value
TX501277,EMP11730,Grant,2025-06-11,140,78.94,UK,ESPP,11051.6,0.3,3315.48,Approved,Normal
TX501278,EMP11522,Exercise,2026-06-27,1932,90.38,USA,Performance Share,174614.16,0.45,78576.37,Approved,High Value
TX501279,EMP11685,Sale,2025-05-14,2478,50.79,USA,Stock Option,125857.62,0.2,25171.52,Approved,High Value
TX501280,EMP11801,Vesting,2025-08-11,1036,36.69,USA,ESPP,38010.84,0.3,11403.25,Approved,Normal
TX501281,EMP10880,Exercise,2025-08-16,896,24.74,India,RSU,22167.04,0.4,8866.82,Approved,Normal
TX501282,EMP10128,Grant,2025-09-09,2320,53.77,Singapore,RSU,124746.4,0.3,37423.92,Approved,High Value
TX501283,EMP11186,Cancellation,2026-12-29,2460,94.93,USA,Stock Option,233527.8,0.4,93411.12,Approved,High Value
TX501284,EMP11660,Vesting,2025-01-07,2033,94.08,India,Performance Share,191264.64,0.3,57379.39,Approved,High Value
TX501285,EMP10308,Exercise,2026-02-16,1249,94.69,Australia,RSU,118267.81,0.2,23653.56,Pending Review,High Value
TX501286,EMP10350,Exercise,2025-02-25,1829,70.6,India,ESPP,129127.4,0.4,51650.96,Approved,High Value
TX501287,EMP11262,Exercise,2025-03-05,162,6.73,UK,ESPP,1090.26,0.3,327.08,Approved,Normal
TX501288,EMP10976,Sale,2025-05-26,675,90.03,UK,RSU,60770.25,0.2,12154.05,Approved,Normal
TX501289,EMP10402,Grant,2025-05-08,438,90.1,India,RSU,39463.8,0.2,7892.76,Approved,Normal
TX501290,EMP11184,Grant,2025-05-27,139,6.39,Australia,RSU,888.21,0.3,0.0,Pending Review,Normal
TX501291,EMP10234,Grant,2025-01-11,353,55.5,UK,RSU,19591.5,0.3,5877.45,Approved,Normal
TX501292,EMP99999,Cancellation,2026-12-24,702,80.35,UK,Stock Option,56405.7,0.45,25382.56,Approved,Normal
TX501293,EMP10968,Exercise,2026-02-18,1132,62.29,India,ESPP,70512.28,0.2,14102.46,Approved,Normal
TX501294,EMP11052,Vesting,2025-09-13,793,91.52,India,RSU,72575.36,0.3,21772.61,Approved,Normal
TX501295,EMP10321,Exercise,2026-08-22,322,32.56,UK,RSU,10484.32,0.3,3145.3,Approved,Normal
TX501296,EMP11184,Vesting,2026-03-20,1250,31.46,Australia,RSU,39325.0,0.2,7865.0,Approved,Normal
TX501297,EMP10778,Vesting,2025-11-10,2274,52.82,India,ESPP,120112.68,0.45,54050.71,Approved,High Value
TX501298,EMP11505,Grant,2025-03-31,591,24.06,India,RSU,14219.46,0.4,5687.78,Approved,Normal
TX501299,EMP11007,Vesting,2025-12-24,185,78.97,UK,Performance Share,14609.45,0.4,5843.78,Approved,Normal
TX501300,EMP11103,Grant,2026-11-30,872,38.66,UK,RSU,33711.52,0.3,10113.46,Pending Review,Normal
TX501301,EMP11805,Grant,2025-03-31,2142,24.42,UK,RSU,52307.64,0.3,15692.29,Approved,Normal
TX501302,EMP11688,Sale,2026-08-10,437,51.93,UK,ESPP,22693.41,0.4,9077.36,Approved,Normal
TX501303,EMP10244,Exercise,2026-01-02,1161,19.89,Australia,RSU,23092.29,0.3,6927.69,Approved,Normal
TX501304,EMP11073,Grant,2025-10-01,2101,65.75,Singapore,Stock Option,138140.75,0.4,55256.3,Approved,High Value
TX501305,EMP11655,Grant,2026-03-16,2160,24.68,Singapore,Performance Share,53308.8,0.4,21323.52,Approved,Normal
TX501306,EMP11571,Sale,2026-01-21,2021,51.72,India,Stock Option,104526.12,0.3,31357.84,Approved,High Value
TX501307,EMP11303,Vesting,2025-01-15,2437,74.0,India,Performance Share,180338.0,0.4,72135.2,Approved,High Value
TX501308,EMP11191,Vesting,2026-12-26,1925,73.77,India,RSU,142007.25,0.2,28401.45,Approved,High Value
TX501309,EMP11518,Sale,2026-11-06,398,60.11,USA,RSU,23923.78,0.2,4784.76,Approved,Normal
TX501310,EMP11587,Exercise,2025-07-29,1196,38.89,Germany,RSU,46512.44,0.2,9302.49,Approved,Normal
TX501311,EMP11411,Sale,2025-11-09,2411,65.58,UK,Stock Option,158113.38,0.3,47434.01,Approved,High Value
TX501312,EMP11794,Sale,2025-09-30,1952,90.21,USA,RSU,176089.92,0.3,52826.98,Approved,High Value
TX501313,EMP10253,Exercise,2025-05-03,673,82.93,USA,Stock Option,55811.89,0.2,11162.38,Approved,Normal
TX501314,EMP10502,Grant,2025-07-27,1147,90.06,India,RSU,103298.82,0.4,41319.53,Approved,High Value
TX501315,EMP11973,Grant,2025-01-16,593,63.06,UK,Performance Share,37394.58,0.2,7478.92,Approved,Normal
TX501316,EMP10011,Sale,2025-11-06,711,80.99,USA,RSU,57583.89,0.3,17275.17,Approved,Normal
TX501317,EMP11992,Cancellation,2025-09-26,1524,87.8,UK,RSU,133807.2,0.45,60213.24,Approved,High Value
TX501318,EMP11299,Vesting,2026-09-23,1534,40.18,India,ESPP,61636.12,0.2,12327.22,Approved,Normal
TX501319,EMP10800,Grant,2026-07-29,1377,88.76,India,ESPP,122222.52,0.3,36666.76,Pending Review,High Value
TX501320,EMP10442,Vesting,2025-04-18,2118,70.13,USA,RSU,148535.34,0.3,44560.6,Approved,High Value
TX501321,EMP11956,Vesting,2026-02-05,949,27.21,India,Stock Option,25822.29,0.45,11620.03,Pending Review,Normal
TX501322,EMP11791,Exercise,2025-01-12,2022,8.13,USA,RSU,16438.86,0.3,4931.66,Approved,Normal
TX501323,EMP11263,Sale,2026-03-03,519,90.03,India,RSU,46725.57,0.4,18690.23,Approved,Normal
TX501324,EMP11779,Cancellation,2025-07-29,901,94.03,India,RSU,84721.03,0.2,16944.21,Approved,Normal
TX501325,EMP10698,Sale,2025-12-27,1807,94.77,Germany,Performance Share,171249.39,0.2,34249.88,Approved,High Value
TX501326,EMP11381,Exercise,2025-05-05,1627,40.2,India,ESPP,65405.4,0.4,26162.16,Approved,Normal
TX501327,EMP11555,Vesting,2025-12-28,1416,41.88,India,RSU,59302.08,0.3,17790.62,Pending Review,Normal
TX501328,EMP10740,Exercise,2026-04-20,792,35.18,Singapore,Stock Option,27862.56,0.4,11145.02,Approved,Normal
TX501329,EMP10851,Exercise,2025-08-31,824,21.51,UK,Performance Share,17724.24,0.2,3544.85,Approved,Normal
TX501330,EMP10594,Grant,2026-03-24,2390,10.24,India,RSU,24473.6,0.3,7342.08,Approved,Normal
TX501331,EMP11912,Vesting,2026-02-25,1657,11.8,USA,RSU,19552.6,0.3,5865.78,Approved,Normal
TX501332,EMP10310,Grant,2026-08-02,2223,88.13,USA,RSU,195912.99,0.2,39182.6,Approved,High Value
TX501333,EMP11495,Grant,2025-10-20,2109,73.03,UK,ESPP,154020.27,0.3,46206.08,Approved,High Value
TX501334,EMP11618,Exercise,2026-10-05,1353,75.03,USA,RSU,101515.59,0.3,30454.68,Approved,High Value
TX501335,EMP10715,Sale,2026-07-15,908,60.85,USA,RSU,55251.8,0.2,11050.36,Approved,Normal
TX501336,EMP10450,Sale,2026-01-17,177,6.13,USA,Performance Share,1085.01,0.3,325.5,Approved,Normal
TX501337,EMP11552,Vesting,2025-01-10,1571,23.96,UK,Stock Option,37641.16,0.2,7528.23,Approved,Normal
TX501338,EMP10627,Exercise,2025-10-30,292,88.01,Australia,Performance Share,25698.92,0.4,10279.57,Approved,Normal
TX501339,EMP11185,Exercise,2026-03-19,2172,5.42,USA,RSU,11772.24,0.3,3531.67,Approved,Normal
TX501340,EMP10403,Cancellation,2025-10-25,1944,31.48,India,Performance Share,61197.12,0.2,12239.42,Approved,Normal
TX501341,EMP11122,Vesting,2026-03-04,1777,71.12,USA,RSU,126380.24,0.3,37914.07,Approved,High Value
TX501342,EMP11543,Exercise,2026-04-25,1218,94.37,Singapore,RSU,114942.66,0.2,22988.53,Approved,High Value
TX501343,EMP10307,Grant,2025-07-23,-18,88.16,USA,Performance Share,182491.2,0.3,54747.36,Approved,High Value
TX501344,EMP11452,Vesting,2025-09-11,386,23.58,Germany,RSU,9101.88,0.3,2730.56,Approved,Normal
TX501345,EMP11618,Vesting,2026-12-29,1721,86.01,USA,RSU,148023.21,0.3,44406.96,Approved,High Value
TX501346,EMP10923,Vesting,2026-12-11,1556,63.19,India,RSU,98323.64,0.3,29497.09,Approved,Normal
TX501347,EMP11715,Grant,2026-01-13,1478,27.34,Australia,RSU,40408.52,0.3,0.0,Approved,Normal
TX501348,EMP10103,Cancellation,2025-10-08,1639,8.73,Singapore,Performance Share,14308.47,0.4,5723.39,Approved,Normal
TX501349,EMP10847,Grant,2026-11-23,1749,80.48,UK,Stock Option,140759.52,0.3,42227.86,Approved,High Value
TX501350,EMP10167,Sale,2025-01-02,1998,27.73,USA,RSU,55404.54,0.4,22161.82,Approved,Normal
TX501351,EMP11357,Vesting,2025-06-20,2370,41.83,India,RSU,99137.1,0.2,19827.42,Approved,Normal
TX501352,EMP10754,Vesting,2025-04-26,313,83.75,India,Performance Share,26213.75,0.4,10485.5,Approved,Normal
TX501353,EMP11761,Sale,2025-07-01,860,74.93,UK,ESPP,64439.8,0.3,19331.94,Approved,Normal
TX501354,EMP11733,Exercise,2026-11-10,236,79.9,Germany,ESPP,18856.4,0.3,5656.92,Approved,Normal
TX501355,EMP10417,Exercise,2025-09-07,1485,60.17,India,Performance Share,89352.45,0.2,17870.49,Approved,Normal
TX501356,EMP11575,Sale,2026-11-28,647,56.97,USA,RSU,36859.59,0.4,14743.84,Approved,Normal
TX501357,EMP10750,Exercise,2025-12-15,201,5.31,USA,ESPP,1067.31,0.4,426.92,Approved,Normal
TX501358,EMP10301,Grant,2025-01-26,494,8.44,Germany,Performance Share,4169.36,0.2,833.87,Approved,Normal
TX501359,EMP11281,Cancellation,2025-08-15,823,72.0,USA,Performance Share,59256.0,0.2,11851.2,Approved,Normal
TX501360,EMP11376,Exercise,2026-05-24,570,30.72,Australia,Performance Share,17510.4,0.4,7004.16,Approved,Normal
TX501361,EMP11031,Cancellation,2026-07-27,592,19.63,UK,ESPP,11620.96,0.2,2324.19,Approved,Normal
TX501362,EMP10599,Vesting,2025-11-22,617,69.95,UK,RSU,43159.15,0.3,12947.74,Pending Review,Normal
TX501363,EMP10859,Vesting,2026-10-24,2214,40.97,UK,RSU,90707.58,0.2,18141.52,Approved,Normal
TX501364,EMP10533,Grant,2026-02-25,469,12.23,UK,Performance Share,5735.87,0.3,1720.76,Approved,Normal
TX501365,EMP11218,Sale,2025-10-13,1971,26.8,Australia,Stock Option,52822.8,0.3,15846.84,Approved,Normal
TX501366,EMP11131,Vesting,2025-08-24,2345,87.62,USA,RSU,205468.9,0.2,41093.78,Approved,High Value
TX501367,EMP10706,Vesting,2026-04-29,2206,79.16,Singapore,RSU,174626.96,0.3,52388.09,Approved,High Value
TX501368,EMP11124,Vesting,2025-01-25,2048,79.82,Australia,RSU,163471.36,0.3,49041.41,Approved,High Value
TX501369,EMP10025,Grant,2025-06-13,28,31.82,Germany,Stock Option,890.96,0.3,267.29,Approved,Normal
TX501370,EMP10268,Cancellation,2026-01-24,692,70.75,India,RSU,48959.0,0.2,9791.8,Approved,Normal
TX501371,EMP11675,Grant,2026-01-20,1558,8.1,UK,RSU,12619.8,0.2,2523.96,Approved,Normal
TX501372,EMP10662,Sale,2026-06-30,1126,18.06,Australia,RSU,20335.56,0.45,9151.0,Approved,Normal
TX501373,EMP10707,Exercise,2026-11-10,1367,25.33,India,RSU,34626.11,0.2,6925.22,Approved,Normal
TX501374,EMP10994,Sale,2025-12-05,1033,50.32,UK,Stock Option,51980.56,0.2,10396.11,Approved,Normal
TX501375,EMP11229,Grant,2026-09-21,485,64.9,UK,Performance Share,31476.5,0.45,14164.42,Approved,Normal
TX501376,EMP10566,Exercise,2025-10-11,2310,13.51,USA,RSU,31208.1,0.3,9362.43,Approved,Normal
TX501377,EMP11641,Cancellation,2026-10-15,768,71.2,Australia,RSU,54681.6,0.3,16404.48,Approved,Normal
TX501378,EMP10181,Exercise,2026-11-25,1359,50.04,USA,Performance Share,68004.36,0.2,13600.87,Approved,Normal
TX501379,EMP11093,Vesting,2026-12-27,1637,19.26,Australia,ESPP,31528.62,0.3,9458.59,Approved,Normal
TX501380,EMP11595,Grant,2026-04-18,2198,81.13,USA,ESPP,178323.74,0.3,53497.12,Approved,High Value
TX501381,EMP10560,Vesting,2025-05-30,1254,51.51,UK,RSU,64593.54,0.4,25837.42,Approved,Normal
TX501382,EMP11750,Exercise,2025-11-22,1381,84.55,UK,Performance Share,116763.55,0.3,35029.06,Approved,High Value
TX501383,EMP10494,Exercise,2026-12-04,255,51.05,UK,Performance Share,13017.75,0.4,5207.1,Approved,Normal
TX501384,EMP10306,Vesting,2025-09-01,1780,51.25,India,Stock Option,91225.0,0.3,27367.5,Approved,Normal
TX501385,EMP10755,Exercise,2026-06-13,1614,23.71,USA,RSU,38267.94,0.4,15307.18,Approved,Normal
TX501386,EMP11887,Cancellation,2026-04-15,1128,6.1,UK,Stock Option,6880.8,0.4,2752.32,Approved,Normal
TX501387,EMP10482,Cancellation,2025-03-11,1183,32.21,Australia,RSU,38104.43,0.3,11431.33,Approved,Normal
TX501388,EMP10372,Exercise,2025-12-23,2376,48.05,India,RSU,114166.8,0.2,22833.36,Approved,High Value
TX501389,EMP11534,Vesting,2026-02-05,508,56.52,Germany,RSU,28712.16,0.3,8613.65,Approved,Normal
TX501390,EMP10954,Grant,2026-05-18,109,57.83,Singapore,ESPP,6303.47,0.2,1260.69,Approved,Normal
TX501391,EMP10940,Grant,2025-05-10,2333,77.0,UK,RSU,179641.0,0.2,35928.2,Approved,High Value
TX501392,EMP10595,Exercise,2026-09-06,1491,86.05,Singapore,RSU,128300.55,0.2,25660.11,Approved,High Value
TX501393,EMP11783,Cancellation,2026-08-29,2108,48.64,Australia,RSU,102533.12,0.2,20506.62,Pending Review,High Value
TX501394,EMP11521,Exercise,2025-09-08,1841,63.85,UK,RSU,117547.85,0.3,35264.36,Approved,High Value
TX501395,EMP11309,Sale,2025-06-24,397,29.0,UK,RSU,11513.0,0.4,4605.2,Approved,Normal
TX501396,EMP11561,Vesting,2026-09-14,2216,13.43,Singapore,RSU,29760.88,0.3,8928.26,Approved,Normal
TX501397,EMP11818,Exercise,2025-04-19,719,80.52,India,Performance Share,57893.88,0.2,11578.78,Approved,Normal
TX501398,EMP11261,Cancellation,2025-09-18,110,73.66,USA,ESPP,8102.6,0.45,3646.17,Approved,Normal
TX501399,EMP11102,Grant,2025-07-01,2166,73.35,UK,ESPP,158876.1,0.45,71494.25,Approved,High Value
TX501400,EMP10283,Sale,2026-10-05,399,25.52,USA,RSU,10182.48,0.45,4582.12,Approved,Normal
TX501401,EMP11238,Grant,2026-04-26,705,91.53,UK,ESPP,64528.65,0.3,19358.6,Approved,Normal
TX501402,EMP11813,Cancellation,2026-03-12,286,75.82,India,ESPP,21684.52,0.2,4336.9,Pending Review,Normal
TX501403,EMP11839,Vesting,2026-09-02,227,78.23,USA,RSU,17758.21,0.3,5327.46,Approved,Normal
TX501404,EMP10889,Grant,2026-08-13,1483,46.56,UK,RSU,69048.48,0.45,31071.82,Approved,Normal
TX501405,EMP10371,Sale,2026-12-30,690,26.33,India,Performance Share,18167.7,0.2,3633.54,Approved,Normal
TX501406,EMP11149,Vesting,2025-10-10,736,65.82,Singapore,Stock Option,48443.52,0.3,14533.06,Approved,Normal
TX501407,EMP11458,Sale,2026-05-31,135,77.8,Germany,ESPP,10503.0,0.2,2100.6,Approved,Normal
TX501408,EMP11206,Vesting,2025-09-01,1383,31.77,UK,RSU,43937.91,0.3,13181.37,Approved,Normal
TX501409,EMP11173,Exercise,2025-03-29,594,13.49,UK,RSU,8013.06,0.2,1602.61,Approved,Normal
TX501410,EMP11281,Sale,2026-09-17,978,11.5,USA,Performance Share,11247.0,0.45,5061.15,Approved,Normal
TX501411,EMP11515,Exercise,2026-05-08,1690,59.45,Germany,RSU,100470.5,0.2,20094.1,Approved,High Value
TX501412,EMP10255,Exercise,2026-03-28,671,19.92,UK,ESPP,13366.32,0.3,4009.9,Approved,Normal
TX501413,EMP11251,Grant,2025-06-27,2156,83.29,UK,RSU,179573.24,0.4,71829.3,Approved,High Value
TX501414,EMP11851,Vesting,2025-04-15,1859,84.78,USA,RSU,157606.02,0.2,31521.2,Approved,High Value
TX501415,EMP11646,Exercise,2025-09-17,1691,45.09,UK,RSU,76247.19,0.3,22874.16,Approved,Normal
TX501416,EMP10087,Cancellation,2025-03-15,608,14.73,India,RSU,8955.84,0.2,1791.17,Approved,Normal
TX501417,EMP11793,Exercise,2026-08-29,162,5.44,India,RSU,881.28,0.4,352.51,Approved,Normal
TX501418,EMP11535,Sale,2025-06-11,1353,44.79,India,ESPP,60600.87,0.3,18180.26,Approved,Normal
TX501419,EMP11293,Grant,2025-05-13,1287,31.58,India,RSU,40643.46,0.3,12193.04,Pending Review,Normal
TX501420,EMP11262,Sale,2025-04-01,1064,51.34,UK,ESPP,54625.76,0.2,10925.15,Approved,Normal
TX501421,EMP10793,Sale,2026-03-22,455,77.49,India,Performance Share,35257.95,0.2,7051.59,Pending Review,Normal
TX501422,EMP11856,Vesting,2026-01-10,1720,69.92,USA,ESPP,120262.4,0.4,48104.96,Pending Review,High Value
TX501423,EMP11877,Vesting,2025-03-18,2076,88.11,USA,ESPP,182916.36,0.4,73166.54,Approved,High Value
TX501424,EMP11430,Cancellation,2026-05-24,1491,75.9,India,RSU,113166.9,0.2,22633.38,Approved,High Value
TX501425,EMP10923,Vesting,2025-05-21,2043,10.41,India,RSU,21267.63,0.2,4253.53,Approved,Normal
TX501426,EMP11304,Grant,2025-08-16,334,54.03,India,Stock Option,18046.02,0.3,5413.81,Approved,Normal
TX501427,EMP11368,Vesting,2026-03-08,1443,21.4,USA,Performance Share,30880.2,0.4,12352.08,Approved,Normal
TX501428,EMP10722,Grant,2025-08-03,447,8.4,Singapore,Performance Share,3754.8,0.3,1126.44,Approved,Normal
TX501429,EMP10812,Sale,2025-05-15,2243,71.57,Singapore,Stock Option,160531.51,0.3,48159.45,Approved,High Value
TX501430,EMP10539,Sale,2026-10-18,902,18.79,UK,Stock Option,16948.58,0.3,5084.57,Approved,Normal
TX501431,EMP10142,Exercise,2026-09-25,1477,82.3,UK,RSU,121557.1,0.4,48622.84,Approved,High Value
TX501432,EMP11278,Cancellation,2025-02-21,1171,11.62,UK,Stock Option,13607.02,0.2,2721.4,Approved,Normal
TX501433,EMP11595,Sale,2026-12-28,1630,56.0,USA,ESPP,91280.0,0.2,18256.0,Approved,Normal
TX501434,EMP11892,Cancellation,2025-02-23,1626,42.71,Germany,Stock Option,69446.46,0.4,27778.58,Approved,Normal
TX501435,EMP10087,Vesting,2026-07-04,924,57.23,India,RSU,52880.52,0.2,0.0,Approved,Normal
TX501436,EMP10723,Cancellation,2025-10-22,2160,50.43,UK,ESPP,108928.8,0.3,32678.64,Approved,High Value
TX501437,EMP10808,Cancellation,2026-09-28,2275,31.67,Singapore,RSU,72049.25,0.2,14409.85,Approved,Normal
TX501438,EMP10001,Grant,2025-04-10,1718,72.77,UK,RSU,125018.86,0.4,50007.54,Approved,High Value
TX501439,EMP10592,Grant,2025-09-03,935,10.85,India,RSU,10144.75,0.2,2028.95,Approved,Normal
TX501440,EMP11120,Vesting,2025-09-30,1137,64.35,India,Stock Option,73165.95,0.45,32924.68,Approved,Normal
TX501441,EMP10029,Vesting,2025-11-24,1977,38.91,USA,ESPP,76925.07,0.3,23077.52,Approved,Normal
TX501442,EMP11204,Grant,2025-08-18,2328,67.87,Germany,RSU,158001.36,0.3,47400.41,Approved,High Value
TX501443,EMP10834,Vesting,2026-10-16,2198,27.46,USA,RSU,60357.08,0.2,12071.42,Approved,Normal
TX501444,EMP11124,Sale,2025-12-05,1339,37.97,Australia,RSU,50841.83,0.4,20336.73,Approved,Normal
TX501445,EMP10191,Sale,2026-08-26,935,28.93,UK,Performance Share,27049.55,0.4,10819.82,Approved,Normal
TX501446,EMP10927,Vesting,2025-02-22,1116,63.9,Singapore,RSU,71312.4,0.2,14262.48,Approved,Normal
TX501447,EMP11873,Sale,2025-08-22,1969,63.22,India,Stock Option,124480.18,0.2,24896.04,Approved,High Value
TX501448,EMP10661,Vesting,2025-09-30,917,39.17,UK,ESPP,35918.89,0.45,16163.5,Approved,Normal
TX501449,EMP11894,Exercise,2026-01-05,294,41.75,India,RSU,12274.5,0.3,3682.35,Approved,Normal
TX501450,EMP10463,Exercise,2025-07-07,2356,41.05,Germany,RSU,96713.8,0.2,19342.76,Approved,Normal
TX501451,EMP10173,Vesting,2026-09-18,2291,75.82,Germany,RSU,173703.62,0.2,34740.72,Approved,High Value
TX501452,EMP11600,Vesting,2026-11-16,774,84.02,India,RSU,65031.48,0.4,26012.59,Approved,Normal
TX501453,EMP10464,Vesting,2026-05-08,852,75.93,Singapore,RSU,64692.36,0.4,25876.94,Approved,Normal
TX501454,EMP10416,Cancellation,2025-06-03,1918,58.01,UK,RSU,111263.18,0.4,44505.27,Approved,High Value
TX501455,EMP11777,Sale,2025-10-06,1065,86.15,USA,Performance Share,91749.75,0.3,27524.92,Approved,Normal
TX501456,EMP11375,Vesting,2025-06-19,374,17.67,India,Performance Share,6608.58,0.45,2973.86,Approved,Normal
TX501457,EMP11081,Vesting,2026-12-17,2006,68.8,India,RSU,138012.8,0.2,27602.56,Approved,High Value
TX501458,EMP10109,Vesting,2026-03-12,1393,37.77,UK,ESPP,52613.61,0.3,15784.08,Approved,Normal
TX501459,EMP11307,Grant,2025-07-17,1449,34.77,India,RSU,50381.73,0.2,10076.35,Approved,Normal
TX501460,EMP10910,Vesting,2025-04-26,136,87.81,India,ESPP,11942.16,0.45,5373.97,Approved,Normal
TX501461,EMP10449,Grant,2025-11-09,1948,46.51,India,ESPP,90601.48,0.2,18120.3,Approved,Normal
TX501462,EMP10993,Vesting,2026-01-14,1968,36.83,Singapore,Stock Option,72481.44,0.2,14496.29,Approved,Normal
TX501463,EMP10923,Vesting,2025-05-21,2072,32.86,India,RSU,68085.92,0.3,20425.78,Approved,Normal
TX501464,EMP11307,Vesting,2026-09-08,506,64.66,India,RSU,32717.96,0.45,14723.08,Approved,Normal
TX501465,EMP10341,Exercise,2025-04-06,2037,92.28,Germany,Performance Share,187974.36,0.4,75189.74,Pending Review,High Value
TX501466,EMP11152,Exercise,2025-07-10,2187,34.73,Germany,RSU,75954.51,0.45,34179.53,Approved,Normal
TX501467,EMP10501,Vesting,2026-04-23,1199,85.79,Germany,Stock Option,102862.21,0.4,41144.88,Approved,High Value
TX501468,EMP10849,Vesting,2025-02-24,1081,19.99,UK,RSU,21609.19,0.45,9724.14,Approved,Normal
TX501469,EMP10250,Cancellation,2026-01-20,1748,64.73,India,Stock Option,113148.04,0.2,22629.61,Pending Review,High Value
TX501470,EMP10831,Grant,2025-10-09,1301,54.67,India,Stock Option,71125.67,0.2,14225.13,Approved,Normal
TX501471,EMP11971,Sale,2026-01-21,70,45.66,Germany,RSU,3196.2,0.3,958.86,Approved,Normal
TX501472,EMP11352,Grant,2026-03-29,2142,32.64,UK,ESPP,69914.88,0.3,20974.46,Approved,Normal
TX501473,EMP11714,Vesting,2025-10-21,2306,19.7,Singapore,RSU,45428.2,0.3,13628.46,Approved,Normal
TX501474,EMP11650,Vesting,2025-07-12,1108,24.54,USA,RSU,27190.32,0.2,5438.06,Approved,Normal
TX501475,EMP10955,Vesting,2025-04-18,781,89.89,India,RSU,70204.09,0.2,14040.82,Approved,Normal
TX501476,EMP11593,Cancellation,2026-06-29,869,60.39,India,RSU,52478.91,0.2,10495.78,Approved,Normal
TX501477,EMP10718,Vesting,2026-08-23,378,58.69,UK,Stock Option,22184.82,0.2,4436.96,Approved,Normal
TX501478,EMP11521,Exercise,2025-04-05,1927,42.99,UK,RSU,82841.73,0.3,24852.52,Approved,Normal
TX501479,EMP10888,Sale,2025-05-15,1757,79.51,UK,Stock Option,139699.07,0.3,41909.72,Approved,High Value
TX501480,EMP10957,Grant,2025-06-15,2367,54.75,UK,ESPP,129593.25,0.2,25918.65,Approved,High Value
TX501481,EMP10304,Cancellation,2026-06-29,75,11.54,Germany,Stock Option,865.5,0.3,259.65,Approved,Normal
TX501482,EMP11649,Grant,2026-05-06,377,93.85,India,RSU,35381.45,0.3,10614.44,Approved,Normal
TX501483,EMP11999,Exercise,2026-10-15,1467,54.06,UK,RSU,79306.02,0.4,31722.41,Approved,Normal
TX501484,EMP11843,Vesting,2026-08-02,149,47.32,USA,RSU,7050.68,0.3,2115.2,Approved,Normal
TX501485,EMP11667,Sale,2025-09-21,2327,80.88,India,ESPP,188207.76,0.4,75283.1,Approved,High Value
TX501486,EMP10553,Vesting,2026-06-18,674,89.15,India,ESPP,60087.1,0.4,24034.84,Approved,Normal
TX501487,EMP11577,Sale,2026-09-29,1246,5.87,UK,RSU,7314.02,0.45,3291.31,Approved,Normal
TX501488,EMP11719,Vesting,2025-12-24,1729,29.6,UK,RSU,51178.4,0.2,10235.68,Approved,Normal
TX501489,EMP10224,Sale,2026-10-28,2176,22.52,UK,RSU,49003.52,0.4,19601.41,Approved,Normal
TX501490,EMP10475,Grant,2025-04-05,241,21.15,USA,RSU,5097.15,0.4,2038.86,Approved,Normal
TX501491,EMP10151,Vesting,2026-06-10,2019,31.78,UK,RSU,64163.82,0.3,19249.15,Approved,Normal
TX501492,EMP10517,Vesting,2025-01-01,885,80.6,Germany,RSU,71331.0,0.3,21399.3,Approved,Normal
TX501493,EMP11382,Sale,2025-07-04,1118,12.44,India,Performance Share,13907.92,0.2,2781.58,Pending Review,Normal
TX501494,EMP11579,Sale,2025-12-30,1089,75.88,USA,RSU,82633.32,0.45,37184.99,Approved,Normal
TX501495,EMP10828,Vesting,2025-09-04,1063,41.18,India,RSU,43774.34,0.4,17509.74,Approved,Normal
TX501496,EMP11345,Vesting,2026-09-19,510,67.59,Germany,RSU,34470.9,0.2,6894.18,Approved,Normal
TX501497,EMP11967,Vesting,2026-03-18,2111,71.99,UK,Stock Option,151970.89,0.3,45591.27,Approved,High Value
TX501498,EMP11075,Sale,2026-03-09,2168,23.92,India,ESPP,51858.56,0.4,20743.42,Pending Review,Normal
TX501499,EMP11598,Grant,2025-04-27,2065,36.18,Australia,RSU,74711.7,0.4,29884.68,Approved,Normal
TX501500,EMP10480,Cancellation,2025-05-09,2188,76.03,UK,RSU,166353.64,0.3,49906.09,Approved,High Value
TX501501,EMP10550,Sale,2025-06-28,291,80.55,UK,Performance Share,23440.05,0.2,4688.01,Approved,Normal
TX501502,EMP11255,Sale,2025-11-07,2042,21.0,India,RSU,42882.0,0.2,8576.4,Approved,Normal
TX501503,EMP10542,Exercise,2026-06-20,465,21.57,USA,RSU,10030.05,0.4,4012.02,Approved,Normal
TX501504,EMP11633,Vesting,2026-01-22,1451,78.7,Australia,ESPP,114193.7,0.2,22838.74,Approved,High Value
TX501505,EMP11114,Cancellation,2026-01-18,2209,26.11,UK,RSU,57676.99,0.2,11535.4,Approved,Normal
TX501506,EMP11689,Sale,2026-05-06,2037,38.74,USA,Stock Option,78913.38,0.2,15782.68,Approved,Normal
TX501507,EMP11924,Sale,2025-07-18,203,14.11,India,RSU,2864.33,0.2,572.87,Approved,Normal
TX501508,EMP11457,Grant,2025-02-23,1799,47.86,USA,Performance Share,86100.14,0.3,25830.04,Approved,Normal
TX501509,EMP11134,Cancellation,2026-10-02,903,34.9,India,ESPP,31514.7,0.2,6302.94,Pending Review,Normal
TX501510,EMP11467,Grant,2025-11-29,835,17.93,UK,Performance Share,14971.55,0.2,2994.31,Approved,Normal
TX501511,EMP11203,Grant,2026-12-23,1668,76.99,India,RSU,128419.32,0.45,57788.69,Pending Review,High Value
TX501512,EMP10133,Sale,2026-02-11,157,49.13,Germany,RSU,7713.41,0.4,3085.36,Approved,Normal
TX501513,EMP10043,Cancellation,2025-08-23,2086,28.72,USA,Stock Option,59909.92,0.2,11981.98,Approved,Normal
TX501514,EMP11579,Grant,2026-10-16,1373,94.21,USA,RSU,129350.33,0.3,38805.1,Approved,High Value
TX501515,EMP11904,Grant,2026-08-01,215,6.59,Germany,RSU,1416.85,0.3,425.05,Approved,Normal
TX501516,EMP10602,Exercise,2025-01-17,1552,77.04,UK,RSU,119566.08,0.2,23913.22,Approved,High Value
TX501517,EMP10454,Sale,2026-03-27,1851,43.17,UK,RSU,79907.67,0.3,23972.3,Approved,Normal
TX501518,EMP11849,Cancellation,2026-05-30,1375,76.32,UK,RSU,104940.0,0.4,41976.0,Approved,High Value
TX501519,EMP11501,Exercise,2026-03-13,1093,47.13,UK,ESPP,51513.09,0.3,15453.93,Approved,Normal
TX501520,EMP10785,Vesting,2026-03-03,1010,12.51,Australia,ESPP,12635.1,0.2,2527.02,Approved,Normal
TX501521,EMP10350,Vesting,2026-10-07,151,34.79,India,ESPP,5253.29,0.4,2101.32,Approved,Normal
TX501522,EMP11108,Grant,2025-05-13,1604,74.41,UK,RSU,119353.64,0.2,23870.73,Approved,High Value
TX501523,EMP11008,Sale,2026-03-28,614,14.02,India,ESPP,8608.28,0.45,3873.73,Pending Review,Normal
TX501524,EMP11536,Exercise,2025-08-12,248,7.58,UK,Stock Option,1879.84,0.3,563.95,Approved,Normal
TX501525,EMP10048,Vesting,2025-02-01,-67,49.84,Germany,ESPP,93549.68,0.4,37419.87,Approved,Normal
TX501526,EMP11162,Vesting,2025-04-13,760,57.35,UK,Stock Option,43586.0,0.3,13075.8,Pending Review,Normal
TX501527,EMP10826,Sale,2025-01-24,932,14.11,India,Performance Share,13150.52,0.45,5917.73,Approved,Normal
TX501528,EMP11015,Cancellation,2026-06-11,948,31.77,UK,Performance Share,30117.96,0.3,9035.39,Approved,Normal
TX501529,EMP11856,Vesting,2026-07-09,1724,90.33,USA,ESPP,155728.92,0.45,70078.01,Approved,High Value
TX501530,EMP11720,Sale,2026-02-09,334,18.9,India,RSU,6312.6,0.2,1262.52,Approved,Normal
TX501531,EMP10251,Cancellation,2025-06-15,572,22.39,Australia,ESPP,12807.08,0.2,2561.42,Approved,Normal
TX501532,EMP10638,Grant,2026-01-22,35,55.47,UK,RSU,1941.45,0.3,582.43,Approved,Normal
TX501533,EMP11902,Cancellation,2025-04-22,1319,14.54,Singapore,RSU,19178.26,0.3,5753.48,Approved,Normal
TX501534,EMP11725,Cancellation,2026-05-27,2232,74.98,USA,Stock Option,167355.36,0.4,66942.14,Approved,High Value
TX501535,EMP10790,Sale,2025-03-28,1978,66.07,UK,Stock Option,130686.46,0.4,52274.58,Approved,High Value
TX501536,EMP11911,Cancellation,2026-02-06,1544,15.93,UK,ESPP,24595.92,0.2,4919.18,Approved,Normal
TX501537,EMP11637,Cancellation,2026-01-01,2154,36.24,USA,Performance Share,78060.96,0.4,31224.38,Approved,Normal
TX501538,EMP10342,Vesting,2026-07-11,155,62.91,India,Performance Share,9751.05,0.45,4387.97,Approved,Normal
TX501539,EMP11985,Grant,2026-01-30,2139,20.67,India,Stock Option,44213.13,0.4,17685.25,Approved,Normal
TX501540,EMP11703,Exercise,2026-12-23,368,63.25,India,Performance Share,23276.0,0.4,9310.4,Pending Review,Normal
TX501541,EMP10880,Exercise,2026-03-10,1259,93.97,India,RSU,118308.23,0.4,47323.29,Approved,High Value
TX501542,EMP10556,Exercise,2025-04-12,2326,66.52,India,Performance Share,154725.52,0.4,61890.21,Approved,High Value
TX501543,EMP10335,Vesting,2025-02-18,1093,92.63,UK,Stock Option,101244.59,0.45,45560.07,Approved,High Value
TX501544,EMP10113,Grant,2025-11-08,521,67.66,USA,RSU,35250.86,0.2,7050.17,Approved,Normal
TX501545,EMP11059,Exercise,2025-05-13,1070,10.6,UK,RSU,11342.0,0.4,4536.8,Approved,Normal
TX501546,EMP10528,Grant,2025-06-15,1909,15.3,USA,ESPP,29207.7,0.4,11683.08,Approved,Normal
TX501547,EMP10066,Exercise,2026-10-31,1552,37.67,UK,RSU,58463.84,0.2,11692.77,Approved,Normal
TX501548,EMP11103,Grant,2026-08-04,1758,35.44,UK,RSU,62303.52,0.4,24921.41,Approved,Normal
TX501549,EMP10951,Vesting,2025-03-05,1581,44.5,UK,RSU,70354.5,0.2,14070.9,Approved,Normal
TX501550,EMP10442,Vesting,2026-08-28,1899,9.09,USA,RSU,17261.91,0.4,6904.76,Pending Review,Normal
TX501551,EMP11313,Exercise,2025-07-03,533,79.56,USA,RSU,42405.48,0.4,16962.19,Approved,Normal
TX501552,EMP10735,Grant,2025-04-29,1585,51.3,UK,Performance Share,81310.5,0.3,24393.15,Approved,Normal
TX501553,EMP11930,Sale,2025-04-27,655,90.24,UK,ESPP,59107.2,0.4,23642.88,Approved,Normal
TX501554,EMP10952,Cancellation,2026-09-06,850,81.01,India,Stock Option,68858.5,0.4,27543.4,Approved,Normal
TX501555,EMP11480,Cancellation,2026-08-22,1399,26.81,UK,Performance Share,37507.19,0.4,15002.88,Approved,Normal
TX501556,EMP10777,Vesting,2025-11-26,866,19.78,India,RSU,17129.48,0.3,5138.84,Approved,Normal
TX501557,EMP11118,Exercise,2026-04-30,2083,44.89,USA,ESPP,93505.87,0.3,28051.76,Approved,Normal
TX501558,EMP11450,Exercise,2025-10-24,2176,6.68,UK,ESPP,14535.68,0.2,2907.14,Approved,Normal
TX501559,EMP11349,Vesting,2026-06-26,1579,52.78,UK,RSU,83339.62,0.3,25001.89,Approved,Normal
TX501560,EMP11996,Cancellation,2025-10-29,278,35.74,India,RSU,9935.72,0.2,1987.14,Approved,Normal
TX501561,EMP10207,Exercise,2026-02-06,467,78.14,USA,RSU,36491.38,0.45,16421.12,Approved,Normal
TX501562,EMP11625,Cancellation,2026-03-08,602,87.39,Germany,RSU,52608.78,0.2,10521.76,Approved,Normal
TX501563,EMP11037,Grant,2025-10-27,1236,44.13,Singapore,ESPP,54544.68,0.4,21817.87,Approved,Normal
TX501564,EMP11693,Sale,2025-08-23,1149,86.36,UK,ESPP,99227.64,0.3,29768.29,Approved,Normal
TX501565,EMP11402,Exercise,2025-02-05,2325,7.32,UK,RSU,17019.0,0.4,6807.6,Approved,Normal
TX501566,EMP11355,Vesting,2026-11-09,1516,19.72,UK,Performance Share,29895.52,0.4,11958.21,Pending Review,Normal
TX501567,EMP10862,Cancellation,2025-08-25,1846,67.04,Germany,RSU,123755.84,0.3,37126.75,Approved,High Value
TX501568,EMP11075,Grant,2025-04-08,712,18.7,India,ESPP,13314.4,0.2,2662.88,Approved,Normal
TX501569,EMP11977,Vesting,2025-03-23,785,30.35,USA,RSU,23824.75,0.4,9529.9,Approved,Normal
TX501570,EMP11558,Vesting,2026-01-06,211,22.84,India,Stock Option,4819.24,0.45,2168.66,Approved,Normal
TX501571,EMP10135,Sale,2026-10-27,1906,83.63,India,RSU,159398.78,0.2,31879.76,Approved,High Value
TX501572,EMP10671,Exercise,2026-01-15,284,61.31,Australia,Performance Share,17412.04,0.4,6964.82,Approved,Normal
TX501573,EMP10346,Cancellation,2026-04-30,2284,93.26,Australia,ESPP,213005.84,0.4,85202.34,Approved,High Value
TX501574,EMP10765,Grant,2025-07-05,1070,27.2,Australia,RSU,29104.0,0.3,8731.2,Approved,Normal
TX501575,EMP11764,Grant,2026-08-11,96,57.29,Germany,ESPP,5499.84,0.3,1649.95,Approved,Normal
TX501576,EMP10263,Exercise,2026-03-04,2153,87.87,UK,ESPP,189184.11,0.4,75673.64,Approved,High Value
TX501577,EMP10660,Sale,2025-03-18,2305,23.99,USA,Performance Share,55296.95,0.4,22118.78,Approved,Normal
TX501578,EMP11567,Grant,2025-11-05,618,11.8,USA,Stock Option,7292.4,0.4,2916.96,Approved,Normal
TX501579,EMP11133,Vesting,2025-11-06,1658,75.46,UK,RSU,125112.68,0.3,37533.8,Approved,High Value
TX501580,EMP11047,Grant,2026-06-07,1840,70.74,India,RSU,130161.6,0.3,39048.48,Approved,High Value
TX501581,EMP10490,Grant,2026-04-02,617,57.44,USA,RSU,35440.48,0.3,10632.14,Approved,Normal
TX501582,EMP10575,Vesting,2026-08-26,1310,74.0,Germany,RSU,96940.0,0.2,19388.0,Approved,Normal
TX501583,EMP10733,Grant,2025-02-22,898,64.34,India,RSU,57777.32,0.2,11555.46,Approved,Normal
TX501584,EMP10873,Vesting,2025-04-29,1495,76.42,Germany,Performance Share,114247.9,0.2,22849.58,Approved,High Value
TX501585,EMP11600,Vesting,2026-08-27,933,26.19,India,RSU,24435.27,0.2,4887.05,Approved,Normal
TX501586,EMP11909,Cancellation,2026-02-13,2431,21.62,India,Performance Share,52558.22,0.45,23651.2,Approved,Normal
TX501587,EMP10455,Sale,2026-12-25,2136,83.65,Australia,ESPP,178676.4,0.45,80404.38,Approved,High Value
TX501588,EMP10147,Vesting,2025-07-20,2050,47.2,UK,Stock Option,96760.0,0.2,19352.0,Approved,Normal
TX501589,EMP11736,Vesting,2026-09-01,77,56.82,UK,RSU,4375.14,0.3,1312.54,Approved,Normal
TX501590,EMP11327,Vesting,2026-12-27,639,34.4,UK,Performance Share,21981.6,0.45,9891.72,Approved,Normal
TX501591,EMP10032,Exercise,2026-03-29,731,60.29,India,Performance Share,44071.99,0.4,17628.8,Approved,Normal
TX501592,EMP11892,Sale,2026-06-19,724,21.25,Germany,Stock Option,15385.0,0.3,4615.5,Approved,Normal
TX501593,EMP10189,Grant,2025-03-08,1357,27.99,Germany,Stock Option,37982.43,0.2,7596.49,Approved,Normal
TX501594,EMP10625,Sale,2025-05-23,1321,77.59,USA,RSU,102496.39,0.2,20499.28,Approved,High Value
TX501595,EMP10713,Grant,2026-08-10,1258,63.49,UK,RSU,79870.42,0.2,15974.08,Approved,Normal
TX501596,EMP11850,Exercise,2025-08-12,548,20.73,USA,RSU,11360.04,0.3,3408.01,Approved,Normal
TX501597,EMP11577,Grant,2026-12-05,2482,16.26,UK,RSU,40357.32,0.2,8071.46,Approved,Normal
TX501598,EMP10545,Cancellation,2026-03-27,1439,69.36,UK,RSU,99809.04,0.2,19961.81,Approved,Normal
TX501599,EMP11016,Grant,2025-03-31,1666,22.49,Singapore,ESPP,37468.34,0.45,16860.75,Approved,Normal
TX501600,EMP10473,Vesting,2025-10-26,1869,22.38,Singapore,RSU,41828.22,0.4,16731.29,Approved,Normal
TX501601,EMP10509,Vesting,2025-03-19,97,70.84,India,Performance Share,6871.48,0.45,3092.17,Approved,Normal
TX501602,EMP11948,Vesting,2026-12-14,706,22.9,India,RSU,16167.4,0.3,4850.22,Approved,Normal
TX501603,EMP10606,Exercise,2026-01-25,943,65.16,UK,Performance Share,61445.88,0.4,24578.35,Approved,Normal
TX501604,EMP11503,Vesting,2026-02-05,799,53.19,UK,Stock Option,42498.81,0.4,16999.52,Approved,Normal
TX501605,EMP11523,Grant,2025-01-01,1640,82.42,UK,ESPP,135168.8,0.4,54067.52,Approved,High Value
TX501606,EMP10675,Exercise,2025-01-08,2280,52.71,India,ESPP,120178.8,0.4,48071.52,Approved,High Value
TX501607,EMP10593,Sale,2026-02-05,694,16.67,UK,ESPP,11568.98,0.4,4627.59,Approved,Normal
TX501608,EMP10406,Vesting,2026-06-13,644,70.36,UK,RSU,45311.84,0.4,18124.74,Approved,Normal
TX501609,EMP10414,Sale,2026-04-28,2248,76.9,Germany,RSU,172871.2,0.2,34574.24,Approved,High Value
TX501610,EMP10673,Vesting,2025-08-16,2479,18.68,India,RSU,46307.72,0.4,18523.09,Approved,Normal
TX501611,EMP11643,Exercise,2026-02-12,255,60.27,India,ESPP,15368.85,0.3,4610.66,Approved,Normal
TX501612,EMP11049,Cancellation,2026-05-03,1260,70.13,UK,RSU,88363.8,0.45,39763.71,Pending Review,Normal
TX501613,EMP11013,Exercise,2025-02-24,2337,42.86,Australia,ESPP,100163.82,0.2,20032.76,Approved,High Value
TX501614,EMP10110,Sale,2026-05-16,215,11.7,India,RSU,2515.5,0.2,503.1,Approved,Normal
TX501615,EMP10518,Grant,2025-07-22,2000,91.6,Australia,Performance Share,183200.0,0.3,54960.0,Approved,High Value
TX501616,EMP11170,Grant,2026-07-15,26,86.94,USA,RSU,2260.44,0.4,904.18,Approved,Normal
TX501617,EMP10738,Grant,2025-12-29,1405,54.83,USA,RSU,77036.15,0.3,23110.84,Approved,Normal
TX501618,EMP11366,Exercise,2025-10-22,345,84.0,Germany,Stock Option,28980.0,0.3,8694.0,Approved,Normal
TX501619,EMP11840,Exercise,2026-12-13,2101,47.24,Singapore,RSU,99251.24,0.3,29775.37,Approved,Normal
TX501620,EMP11355,Exercise,2025-02-23,852,49.44,UK,Performance Share,42122.88,0.3,12636.86,Approved,Normal
TX501621,EMP11301,Exercise,2026-09-12,1090,11.49,USA,Performance Share,12524.1,0.3,3757.23,Approved,Normal
TX501622,EMP10455,Grant,2026-09-29,401,70.33,Australia,ESPP,28202.33,0.4,11280.93,Approved,Normal
TX501623,EMP11464,Sale,2025-09-18,2162,62.63,UK,Stock Option,135406.06,0.2,27081.21,Approved,High Value
TX501624,EMP11761,Grant,2026-09-24,65,76.86,UK,ESPP,4995.9,0.4,1998.36,Approved,Normal
TX501625,EMP10293,Sale,2026-06-29,117,52.91,UK,ESPP,6190.47,0.3,1857.14,Approved,Normal
TX501626,EMP10790,Cancellation,2025-09-14,832,78.64,UK,Stock Option,65428.48,0.2,13085.7,Approved,Normal
TX501627,EMP11534,Grant,2026-01-24,179,80.97,Germany,RSU,14493.63,0.3,4348.09,Approved,Normal
TX501628,EMP10392,Grant,2026-06-04,1986,31.39,USA,RSU,62340.54,0.3,18702.16,Approved,Normal
TX501629,EMP11073,Cancellation,2025-02-15,82,11.94,Singapore,Stock Option,979.08,0.2,195.82,Approved,Normal
TX501630,EMP10173,Sale,2026-07-05,989,59.82,Germany,RSU,59161.98,0.2,11832.4,Approved,Normal
TX501631,EMP10844,Exercise,2026-05-03,249,18.16,UK,ESPP,4521.84,0.4,1808.74,Approved,Normal
TX501632,EMP11685,Sale,2025-09-07,2156,17.27,USA,Stock Option,37234.12,0.3,11170.24,Approved,Normal
TX501633,EMP10712,Exercise,2026-05-11,166,81.55,USA,RSU,13537.3,0.3,4061.19,Approved,Normal
TX501634,EMP10776,Sale,2025-01-26,980,82.75,India,Performance Share,81095.0,0.45,36492.75,Approved,Normal
TX501635,EMP10401,Sale,2025-01-02,2394,20.7,Singapore,Performance Share,49555.8,0.3,14866.74,Approved,Normal
TX501636,EMP11545,Exercise,2025-08-14,473,57.75,UK,Performance Share,27315.75,0.4,10926.3,Approved,Normal
TX501637,EMP11289,Cancellation,2025-06-17,31,8.34,UK,RSU,258.54,0.3,77.56,Approved,Normal
TX501638,EMP10578,Grant,2026-09-21,374,49.8,USA,ESPP,18625.2,0.2,3725.04,Approved,Normal
TX501639,EMP10247,Exercise,2026-11-10,969,61.16,India,RSU,59264.04,0.4,23705.62,Approved,Normal
TX501640,EMP11947,Exercise,2025-04-03,2089,72.25,Germany,RSU,150930.25,0.2,30186.05,Approved,High Value
TX501641,EMP10895,Grant,2025-07-31,1757,92.43,UK,RSU,162399.51,0.4,64959.8,Approved,High Value
TX501642,EMP10874,Exercise,2026-03-09,1460,74.54,USA,Stock Option,108828.4,0.45,48972.78,Approved,High Value
TX501643,EMP10080,Exercise,2026-01-28,2112,79.64,India,Performance Share,168199.68,0.2,33639.94,Approved,High Value
TX501644,EMP10766,Vesting,2025-12-09,1297,61.14,India,Performance Share,79298.58,0.3,23789.57,Approved,Normal
TX501645,EMP11206,Cancellation,2025-09-30,2221,23.6,UK,RSU,52415.6,0.3,15724.68,Pending Review,Normal
TX501646,EMP11855,Vesting,2026-06-12,1605,61.66,USA,RSU,98964.3,0.3,29689.29,Approved,Normal
TX501647,EMP11009,Vesting,2026-12-28,1774,33.63,Germany,RSU,59659.62,0.3,17897.89,Approved,Normal
TX501648,EMP11059,Grant,2025-04-09,2170,19.77,UK,RSU,42900.9,0.2,8580.18,Approved,Normal
TX501649,EMP10430,Grant,2025-12-26,1030,23.55,India,Performance Share,24256.5,0.45,10915.42,Approved,Normal
TX501650,EMP11467,Exercise,2026-10-10,2004,31.49,UK,Performance Share,63105.96,0.45,28397.68,Approved,Normal
TX501651,EMP11724,Vesting,2025-01-10,1919,43.25,India,RSU,82996.75,0.3,24899.02,Approved,Normal
TX501652,EMP10099,Sale,2026-05-26,1147,6.91,UK,ESPP,7925.77,0.2,1585.15,Approved,Normal
TX501653,EMP11105,Vesting,2026-02-24,1312,42.11,USA,RSU,55248.32,0.2,11049.66,Approved,Normal
TX501654,EMP11636,Grant,2025-08-10,1084,80.51,Germany,ESPP,87272.84,0.4,34909.14,Approved,Normal
TX501655,EMP11419,Vesting,2025-01-22,166,90.97,India,RSU,15101.02,0.45,6795.46,Approved,Normal
TX501656,EMP10183,Sale,2026-01-16,987,55.71,Singapore,RSU,54985.77,0.2,10997.15,Approved,Normal
TX501657,EMP10467,Grant,2025-04-26,1357,77.73,India,Performance Share,105479.61,0.4,42191.84,Pending Review,High Value
TX501658,EMP11289,Sale,2025-10-11,976,80.44,UK,RSU,78509.44,0.3,23552.83,Approved,Normal
TX501659,EMP10420,Grant,2026-10-08,68,10.64,UK,RSU,723.52,0.4,289.41,Approved,Normal
TX501660,EMP11977,Vesting,2026-01-31,922,65.6,USA,RSU,60483.2,0.45,27217.44,Approved,Normal
TX501661,EMP10220,Vesting,2026-02-18,1977,34.93,UK,RSU,69056.61,0.4,27622.64,Approved,Normal
TX501662,EMP10415,Cancellation,2025-04-16,2309,84.7,India,Stock Option,195572.3,0.4,78228.92,Approved,High Value
TX501663,EMP10453,Grant,2025-03-08,246,27.09,India,ESPP,6664.14,0.45,2998.86,Approved,Normal
TX501664,EMP11035,Sale,2026-01-15,684,18.47,UK,Performance Share,12633.48,0.4,5053.39,Approved,Normal
TX501665,EMP99999,Grant,2025-04-07,1401,74.16,Singapore,RSU,103898.16,0.2,20779.63,Pending Review,High Value
TX501666,EMP11668,Cancellation,2025-12-08,677,41.71,UK,RSU,28237.67,0.3,8471.3,Approved,Normal
TX501667,EMP11198,Sale,2026-11-17,2275,39.05,USA,RSU,88838.75,0.2,17767.75,Approved,Normal
TX501668,EMP10219,Vesting,2026-01-31,912,80.21,Singapore,RSU,73151.52,0.4,29260.61,Approved,Normal
TX501669,EMP10465,Sale,2025-10-28,154,32.42,Australia,ESPP,4992.68,0.2,998.54,Pending Review,Normal
TX501670,EMP10962,Vesting,2025-06-13,2191,79.95,Australia,RSU,175170.45,0.3,52551.14,Pending Review,High Value
TX501671,EMP10180,Vesting,2026-05-09,592,71.47,USA,RSU,42310.24,0.2,8462.05,Approved,Normal
TX501672,EMP11482,Sale,2026-01-19,2335,40.47,Germany,RSU,94497.45,0.45,42523.85,Pending Review,Normal
TX501673,EMP10188,Exercise,2025-09-17,1644,41.05,UK,ESPP,67486.2,0.4,26994.48,Approved,Normal
TX501674,EMP11730,Grant,2025-06-19,1042,25.77,UK,ESPP,26852.34,0.4,10740.94,Approved,Normal
TX501675,EMP11045,Exercise,2025-01-24,283,51.61,UK,RSU,14605.63,0.2,2921.13,Approved,Normal
TX501676,EMP10102,Sale,2026-06-05,369,54.2,India,RSU,19999.8,0.3,5999.94,Approved,Normal
TX501677,EMP11422,Exercise,2025-12-28,1393,86.2,Singapore,RSU,120076.6,0.3,36022.98,Approved,High Value
TX501678,EMP11149,Exercise,2026-02-10,34,58.65,Singapore,Stock Option,1994.1,0.3,598.23,Approved,Normal
TX501679,EMP11285,Vesting,2025-11-23,1421,81.6,Singapore,RSU,115953.6,0.3,34786.08,Approved,High Value
TX501680,EMP10397,Vesting,2025-08-20,1494,18.66,USA,Performance Share,27878.04,0.4,11151.22,Approved,Normal
TX501681,EMP11268,Vesting,2026-11-17,2358,19.14,UK,Performance Share,45132.12,0.4,18052.85,Approved,Normal
TX501682,EMP10400,Exercise,2026-03-30,961,66.44,Australia,Stock Option,63848.84,0.4,25539.54,Approved,Normal
TX501683,EMP11522,Vesting,2025-12-09,2030,41.37,USA,Performance Share,83981.1,0.2,16796.22,Approved,Normal
TX501684,EMP11370,Grant,2026-06-25,1155,56.48,Australia,RSU,65234.4,0.2,13046.88,Approved,Normal
TX501685,EMP10288,Exercise,2025-04-23,135,20.17,USA,RSU,2722.95,0.4,1089.18,Approved,Normal
TX501686,EMP10589,Cancellation,2026-11-01,402,33.18,USA,Performance Share,13338.36,0.4,5335.34,Approved,Normal
TX501687,EMP10021,Grant,2025-07-17,88,40.46,USA,RSU,3560.48,0.4,1424.19,Approved,Normal
TX501688,EMP10738,Grant,2026-05-24,924,40.62,USA,RSU,37532.88,0.45,16889.8,Approved,Normal
TX501689,EMP10547,Vesting,2026-07-18,394,58.27,Germany,RSU,22958.38,0.2,4591.68,Approved,Normal
TX501690,EMP10832,Grant,2025-04-02,2247,71.03,UK,ESPP,159604.41,0.4,63841.76,Approved,High Value
TX501691,EMP11441,Vesting,2026-04-30,2179,20.24,Australia,RSU,44102.96,0.3,13230.89,Approved,Normal
TX501692,EMP11054,Exercise,2025-09-15,1077,49.17,Germany,ESPP,52956.09,0.3,15886.83,Approved,Normal
TX501693,EMP11533,Vesting,2025-06-24,1822,73.64,UK,RSU,134172.08,0.3,40251.62,Approved,High Value
TX501694,EMP10742,Exercise,2026-05-23,726,46.73,Singapore,Performance Share,33925.98,0.2,6785.2,Approved,Normal
TX501695,EMP10470,Cancellation,2026-12-18,2049,24.74,India,Stock Option,50692.26,0.2,10138.45,Approved,Normal
TX501696,EMP10434,Vesting,2026-10-30,1326,18.67,India,RSU,24756.42,0.3,7426.93,Approved,Normal
TX501697,EMP10919,Vesting,2026-08-04,2015,73.91,UK,RSU,148928.65,0.3,44678.59,Approved,High Value
TX501698,EMP11369,Vesting,2026-02-23,1211,78.13,India,Stock Option,94615.43,0.2,18923.09,Approved,Normal
TX501699,EMP11210,Cancellation,2026-06-23,895,35.16,USA,RSU,31468.2,0.2,6293.64,Approved,Normal
TX501700,EMP10320,Grant,2026-05-07,2343,42.63,Australia,RSU,99882.09,0.2,19976.42,Pending Review,Normal
TX501701,EMP11612,Sale,2026-05-17,-76,83.24,USA,ESPP,114538.24,0.3,34361.47,Approved,High Value
TX501702,EMP10145,Exercise,2026-03-30,2410,47.59,Singapore,ESPP,114691.9,0.45,51611.36,Pending Review,High Value
TX501703,EMP10931,Exercise,2026-01-26,171,88.77,India,Stock Option,15179.67,0.4,6071.87,Approved,Normal
TX501704,EMP11462,Grant,2025-06-29,420,13.02,UK,Performance Share,5468.4,0.2,1093.68,Approved,Normal
TX501705,EMP10138,Grant,2025-12-07,2318,21.06,UK,RSU,48817.08,0.3,14645.12,Approved,Normal
TX501706,EMP11087,Grant,2025-01-12,1849,54.9,Australia,ESPP,101510.1,0.2,20302.02,Approved,High Value
TX501707,EMP11050,Grant,2026-04-11,2440,36.65,UK,RSU,89426.0,0.4,35770.4,Approved,Normal
TX501708,EMP11339,Exercise,2026-01-24,2383,39.95,India,ESPP,95200.85,0.4,38080.34,Approved,Normal
TX501709,EMP10303,Cancellation,2026-01-01,1365,43.88,UK,ESPP,59896.2,0.2,11979.24,Approved,Normal
TX501710,EMP10858,Exercise,2025-11-01,854,13.26,Singapore,Performance Share,11324.04,0.4,4529.62,Approved,Normal
TX501711,EMP10071,Sale,2026-08-17,1442,78.39,Australia,RSU,113038.38,0.2,22607.68,Approved,High Value
TX501712,EMP10069,Sale,2025-04-06,464,6.87,Australia,Stock Option,3187.68,0.3,956.3,Approved,Normal
TX501713,EMP11729,Exercise,2025-12-08,844,16.02,UK,Performance Share,13520.88,0.2,2704.18,Approved,Normal
TX501714,EMP10212,Exercise,2025-10-21,2072,81.36,Germany,RSU,168577.92,0.2,33715.58,Approved,High Value
TX501715,EMP10187,Exercise,2026-05-30,1365,75.44,India,RSU,102975.6,0.3,30892.68,Approved,High Value
TX501716,EMP11036,Grant,2026-01-26,1478,86.69,UK,Stock Option,128127.82,0.2,25625.56,Approved,High Value
TX501717,EMP11512,Sale,2025-06-25,1609,63.73,USA,ESPP,102541.57,0.45,46143.71,Approved,High Value
TX501718,EMP11141,Cancellation,2025-08-06,667,79.25,USA,RSU,52859.75,0.2,10571.95,Pending Review,Normal
TX501719,EMP10761,Vesting,2026-07-02,831,72.33,Singapore,RSU,60106.23,0.45,27047.8,Approved,Normal
TX501720,EMP11633,Vesting,2025-11-16,1756,89.31,Australia,ESPP,156828.36,0.4,62731.34,Approved,High Value
TX501721,EMP10837,Exercise,2025-08-05,226,61.96,India,ESPP,14002.96,0.3,4200.89,Approved,Normal
TX501722,EMP10212,Grant,2026-02-03,2151,42.41,Germany,RSU,91223.91,0.4,36489.56,Approved,Normal
TX501723,EMP11171,Vesting,2026-02-15,1707,29.0,India,RSU,49503.0,0.45,22276.35,Approved,Normal
TX501724,EMP10397,Exercise,2025-01-19,1285,60.85,USA,Performance Share,78192.25,0.3,23457.68,Approved,Normal
TX501725,EMP10601,Grant,2025-04-09,1795,57.13,Singapore,Performance Share,102548.35,0.3,30764.5,Approved,High Value
TX501726,EMP10805,Cancellation,2025-08-07,32,48.92,Germany,Stock Option,1565.44,0.3,469.63,Approved,Normal
TX501727,EMP11294,Grant,2026-08-18,1034,77.63,UK,Stock Option,80269.42,0.45,36121.24,Approved,Normal
TX501728,EMP11172,Sale,2025-07-07,1879,10.07,Singapore,RSU,18921.53,0.2,3784.31,Approved,Normal
TX501729,EMP10186,Sale,2026-09-12,283,78.3,India,RSU,22158.9,0.2,4431.78,Approved,Normal
TX501730,EMP11635,Sale,2025-12-25,1855,38.29,UK,Stock Option,71027.95,0.3,21308.38,Approved,Normal
TX501731,EMP10060,Vesting,2026-12-22,1797,15.68,USA,ESPP,28176.96,0.2,5635.39,Approved,Normal
TX501732,EMP11053,Vesting,2025-12-07,343,30.73,India,RSU,10540.39,0.2,2108.08,Approved,Normal
TX501733,EMP11520,Grant,2026-03-16,1142,85.38,India,RSU,97503.96,0.2,19500.79,Approved,Normal
TX501734,EMP10884,Vesting,2025-11-04,2312,83.88,India,ESPP,193930.56,0.4,77572.22,Approved,High Value
TX501735,EMP10986,Vesting,2025-11-20,1735,88.4,Singapore,ESPP,153374.0,0.2,30674.8,Approved,High Value
TX501736,EMP11683,Vesting,2026-01-30,783,68.74,USA,RSU,53823.42,0.4,21529.37,Approved,Normal
TX501737,EMP11989,Grant,2026-05-25,1892,50.52,Germany,Stock Option,95583.84,0.2,19116.77,Approved,Normal
TX501738,EMP11246,Cancellation,2026-03-24,2485,70.43,Australia,RSU,175018.55,0.2,35003.71,Approved,High Value
TX501739,EMP11430,Sale,2025-02-15,949,61.41,India,RSU,58278.09,0.3,17483.43,Approved,Normal
TX501740,EMP11575,Exercise,2026-09-29,448,50.87,USA,RSU,22789.76,0.3,6836.93,Approved,Normal
TX501741,EMP10885,Grant,2025-05-31,1331,40.84,India,RSU,54358.04,0.3,16307.41,Approved,Normal
TX501742,EMP10726,Sale,2026-05-08,1787,62.77,UK,RSU,112169.99,0.2,22434.0,Approved,High Value
TX501743,EMP11139,Cancellation,2025-03-21,909,84.16,India,ESPP,76501.44,0.4,30600.58,Approved,Normal
TX501744,EMP11871,Sale,2025-02-21,73,80.41,UK,Performance Share,5869.93,0.2,1173.99,Approved,Normal
TX501745,EMP10247,Vesting,2026-04-20,694,39.12,India,RSU,27149.28,0.3,8144.78,Approved,Normal
TX501746,EMP10450,Exercise,2026-09-21,1394,7.2,USA,Performance Share,10036.8,0.4,4014.72,Approved,Normal
TX501747,EMP10965,Exercise,2025-12-25,2368,22.62,UK,ESPP,53564.16,0.4,21425.66,Pending Review,Normal
TX501748,EMP10274,Grant,2026-07-21,78,39.03,Germany,RSU,3044.34,0.4,1217.74,Approved,Normal
TX501749,EMP10921,Vesting,2025-10-26,793,16.95,India,ESPP,13441.35,0.45,6048.61,Approved,Normal
TX501750,EMP10122,Cancellation,2025-04-30,2026,26.92,USA,RSU,54539.92,0.3,16361.98,Approved,Normal
TX501751,EMP10635,Grant,2026-11-21,1876,84.05,Australia,Stock Option,157677.8,0.4,63071.12,Approved,High Value
TX501752,EMP11576,Exercise,2026-12-17,628,20.76,India,Performance Share,13037.28,0.2,2607.46,Approved,Normal
TX501753,EMP10464,Exercise,2025-06-09,671,33.48,Singapore,RSU,22465.08,0.3,6739.52,Approved,Normal
TX501754,EMP11571,Sale,2026-12-28,1784,37.29,India,Stock Option,66525.36,0.3,19957.61,Approved,Normal
TX501755,EMP10635,Sale,2025-11-25,26,66.68,Australia,Stock Option,1733.68,0.2,346.74,Approved,Normal
TX501756,EMP10187,Vesting,2026-02-04,705,12.58,India,RSU,8868.9,0.2,1773.78,Approved,Normal
TX501757,EMP10216,Exercise,2026-09-27,2298,35.25,Germany,Stock Option,81004.5,0.4,32401.8,Approved,Normal
TX501758,EMP10384,Vesting,2025-05-14,1052,81.44,Germany,RSU,85674.88,0.2,17134.98,Approved,Normal
TX501759,EMP10619,Sale,2025-09-30,2379,21.78,UK,Stock Option,51814.62,0.45,23316.58,Approved,Normal
TX501760,EMP10722,Sale,2026-12-09,88,65.91,Singapore,Performance Share,5800.08,0.3,1740.02,Approved,Normal
TX501761,EMP11016,Vesting,2026-09-01,302,33.44,Singapore,ESPP,10098.88,0.3,3029.66,Approved,Normal
TX501762,EMP11442,Sale,2026-07-01,999,50.82,Singapore,ESPP,50769.18,0.3,15230.75,Approved,Normal
TX501763,EMP10728,Grant,2026-05-26,1180,15.08,USA,Performance Share,17794.4,0.2,3558.88,Approved,Normal
TX501764,EMP11665,Exercise,2026-02-02,1161,54.26,USA,RSU,62995.86,0.3,18898.76,Approved,Normal
TX501765,EMP10080,Sale,2025-09-08,1274,70.48,India,Performance Share,89791.52,0.45,40406.18,Approved,Normal
TX501766,EMP10317,Vesting,2026-03-08,1826,94.03,India,Performance Share,171698.78,0.3,51509.63,Approved,High Value
TX501767,EMP10816,Sale,2026-08-04,1355,67.66,UK,RSU,91679.3,0.3,27503.79,Approved,Normal
TX501768,EMP10342,Sale,2026-08-09,380,31.07,India,Performance Share,11806.6,0.3,3541.98,Approved,Normal
TX501769,EMP10604,Sale,2025-03-25,1891,6.22,India,ESPP,11762.02,0.4,4704.81,Approved,Normal
TX501770,EMP10030,Cancellation,2026-12-28,1121,46.91,India,ESPP,52586.11,0.4,21034.44,Approved,Normal
TX501771,EMP10882,Grant,2025-08-02,1756,64.58,UK,RSU,113402.48,0.3,34020.74,Approved,High Value
TX501772,EMP10619,Sale,2025-12-26,2325,42.04,UK,Stock Option,97743.0,0.4,39097.2,Approved,Normal
TX501773,EMP11245,Grant,2026-10-21,1867,50.77,India,ESPP,94787.59,0.2,18957.52,Approved,Normal
TX501774,EMP10965,Vesting,2025-07-11,1636,73.37,UK,ESPP,120033.32,0.2,24006.66,Approved,High Value
TX501775,EMP11037,Grant,2025-11-17,1488,39.95,Singapore,ESPP,59445.6,0.4,23778.24,Pending Review,Normal
TX501776,EMP10037,Sale,2025-12-23,1904,76.31,Singapore,RSU,145294.24,0.2,29058.85,Approved,High Value
TX501777,EMP10749,Exercise,2025-06-13,1565,80.63,Singapore,ESPP,126185.95,0.3,37855.78,Approved,High Value
TX501778,EMP10559,Grant,2026-01-24,1815,31.47,UK,RSU,57118.05,0.2,11423.61,Approved,Normal
TX501779,EMP10779,Vesting,2025-06-18,358,90.43,UK,Performance Share,32373.94,0.2,6474.79,Approved,Normal
TX501780,EMP11154,Exercise,2026-06-18,382,67.06,UK,RSU,25616.92,0.45,11527.61,Approved,Normal
TX501781,EMP10725,Grant,2026-08-30,1311,19.59,USA,Stock Option,25682.49,0.3,7704.75,Approved,Normal
TX501782,EMP11095,Exercise,2025-04-27,485,50.8,India,Stock Option,24638.0,0.4,9855.2,Approved,Normal
TX501783,EMP11341,Sale,2026-12-10,1991,23.84,USA,RSU,47465.44,0.2,9493.09,Approved,Normal
TX501784,EMP10881,Sale,2026-04-15,1254,33.12,Singapore,ESPP,41532.48,0.2,8306.5,Approved,Normal
TX501785,EMP11337,Exercise,2025-07-21,28,80.31,UK,Performance Share,2248.68,0.4,899.47,Approved,Normal
TX501786,EMP11351,Vesting,2025-04-12,639,5.18,USA,Performance Share,3310.02,0.4,1324.01,Approved,Normal
TX501787,EMP11150,Vesting,2025-09-19,1834,70.26,Singapore,Performance Share,128856.84,0.3,38657.05,Approved,High Value
TX501788,EMP11040,Vesting,2025-06-28,1586,79.83,USA,RSU,126610.38,0.2,25322.08,Approved,High Value
TX501789,EMP10055,Sale,2026-03-23,2254,22.38,India,Stock Option,50444.52,0.3,15133.36,Approved,Normal
TX501790,EMP11147,Vesting,2026-09-06,735,45.15,India,Stock Option,33185.25,0.3,9955.57,Approved,Normal
TX501791,EMP99999,Sale,2026-12-17,364,14.62,UK,Stock Option,5321.68,0.3,1596.5,Approved,Normal
TX501792,EMP10523,Exercise,2026-01-29,450,63.39,UK,ESPP,28525.5,0.2,5705.1,Approved,Normal
TX501793,EMP10935,Vesting,2025-06-17,1494,29.99,UK,Performance Share,44805.06,0.3,13441.52,Approved,Normal
TX501794,EMP10023,Exercise,2025-10-21,1517,78.81,UK,ESPP,119554.77,0.4,47821.91,Approved,High Value
TX501795,EMP11099,Exercise,2025-06-03,2382,78.98,USA,ESPP,188130.36,0.3,56439.11,Approved,High Value
TX501796,EMP10715,Vesting,2026-08-15,673,29.21,USA,RSU,19658.33,0.3,5897.5,Approved,Normal
TX501797,EMP11622,Cancellation,2026-02-20,1107,6.85,India,Performance Share,7582.95,0.45,3412.33,Approved,Normal
TX501798,EMP11704,Vesting,2026-07-26,465,75.19,Singapore,Performance Share,34963.35,0.2,6992.67,Approved,Normal
TX501799,EMP10138,Sale,2025-09-05,1750,30.03,UK,RSU,52552.5,0.45,23648.62,Approved,Normal
TX501800,EMP10868,Sale,2026-10-15,1917,44.79,Germany,Performance Share,85862.43,0.45,38638.09,Approved,Normal
TX501801,EMP11254,Exercise,2025-09-26,897,89.2,USA,Stock Option,80012.4,0.4,32004.96,Approved,Normal
TX501802,EMP11017,Sale,2025-11-25,1786,51.97,Australia,Performance Share,92818.42,0.4,37127.37,Pending Review,Normal
TX501803,EMP11607,Sale,2026-05-15,2057,24.47,UK,ESPP,50334.79,0.2,0.0,Approved,Normal
TX501804,EMP11853,Exercise,2026-10-28,1673,28.76,USA,Performance Share,48115.48,0.2,9623.1,Approved,Normal
TX501805,EMP11084,Grant,2025-03-28,1853,38.65,Germany,RSU,71618.45,0.45,32228.3,Approved,Normal
TX501806,EMP11349,Sale,2026-07-16,1664,49.04,UK,RSU,81602.56,0.2,16320.51,Pending Review,Normal
TX501807,EMP10758,Sale,2026-04-09,1472,89.08,UK,RSU,131125.76,0.4,52450.3,Approved,High Value
TX501808,EMP10228,Exercise,2025-06-13,1738,90.66,UK,Performance Share,157567.08,0.2,31513.42,Approved,High Value
TX501809,EMP11113,Exercise,2025-10-09,1234,63.81,India,RSU,78741.54,0.4,31496.62,Approved,Normal
TX501810,EMP11807,Sale,2025-02-25,429,35.88,USA,Stock Option,15392.52,0.3,4617.76,Approved,Normal
TX501811,EMP11975,Grant,2025-10-27,2482,40.25,India,RSU,99900.5,0.2,19980.1,Approved,Normal
TX501812,EMP99999,Sale,2026-01-26,1848,23.12,India,ESPP,42725.76,0.4,17090.3,Approved,Normal
TX501813,EMP10044,Exercise,2026-11-23,1525,69.51,India,Stock Option,106002.75,0.4,42401.1,Approved,High Value
TX501814,EMP10859,Grant,2025-04-06,1050,45.6,UK,RSU,47880.0,0.3,14364.0,Approved,Normal
TX501815,EMP10760,Grant,2025-03-30,424,92.93,Singapore,RSU,39402.32,0.2,7880.46,Approved,Normal
TX501816,EMP10543,Grant,2025-12-26,2422,88.77,Australia,RSU,215000.94,0.2,43000.19,Approved,High Value
TX501817,EMP11075,Sale,2026-11-27,2209,71.25,India,ESPP,157391.25,0.3,47217.38,Approved,High Value
TX501818,EMP10334,Cancellation,2025-10-20,295,21.99,Singapore,RSU,6487.05,0.45,2919.17,Approved,Normal
TX501819,EMP11021,Grant,2025-09-04,513,49.09,India,Performance Share,25183.17,0.2,5036.63,Approved,Normal
TX501820,EMP11671,Exercise,2026-09-24,67,57.49,India,Stock Option,3851.83,0.2,770.37,Approved,Normal
TX501821,EMP11809,Exercise,2025-11-01,593,25.29,USA,ESPP,14996.97,0.4,5998.79,Approved,Normal
TX501822,EMP11420,Sale,2026-06-02,1072,50.78,Singapore,RSU,54436.16,0.4,21774.46,Pending Review,Normal
TX501823,EMP11395,Sale,2025-01-18,303,35.35,Singapore,RSU,10711.05,0.3,3213.31,Approved,Normal
TX501824,EMP10929,Cancellation,2026-11-04,87,25.18,UK,Stock Option,2190.66,0.2,438.13,Approved,Normal
TX501825,EMP11754,Vesting,2025-03-02,1901,62.87,UK,Performance Share,119515.87,0.2,23903.17,Approved,High Value
TX501826,EMP11958,Sale,2025-06-13,2185,40.86,India,RSU,89279.1,0.3,26783.73,Approved,Normal
TX501827,EMP11348,Exercise,2025-10-16,1095,35.95,UK,RSU,39365.25,0.3,11809.58,Approved,Normal
TX501828,EMP11130,Exercise,2026-05-24,1049,64.87,Singapore,Stock Option,68048.63,0.3,20414.59,Approved,Normal
TX501829,EMP11656,Exercise,2025-08-05,1317,28.23,India,Stock Option,37178.91,0.3,11153.67,Pending Review,Normal
TX501830,EMP11908,Vesting,2025-10-22,842,16.48,USA,RSU,13876.16,0.3,4162.85,Approved,Normal
TX501831,EMP11273,Sale,2026-05-26,476,67.58,UK,Stock Option,32168.08,0.4,12867.23,Approved,Normal
TX501832,EMP10073,Sale,2026-09-30,1982,49.0,India,RSU,97118.0,0.4,38847.2,Approved,Normal
TX501833,EMP10613,Exercise,2026-07-16,804,6.26,UK,RSU,5033.04,0.2,1006.61,Approved,Normal
TX501834,EMP10458,Vesting,2025-09-11,458,81.71,USA,Performance Share,37423.18,0.3,11226.95,Approved,Normal
TX501835,EMP10200,Grant,2026-10-29,1972,51.49,USA,Performance Share,101538.28,0.2,20307.66,Approved,High Value
TX501836,EMP10548,Vesting,2026-05-21,563,55.56,UK,RSU,31280.28,0.2,6256.06,Approved,Normal
TX501837,EMP11674,Grant,2026-07-21,1022,88.47,Australia,Stock Option,90416.34,0.2,18083.27,Approved,Normal
TX501838,EMP10293,Grant,2026-09-09,2463,36.87,UK,ESPP,90810.81,0.45,40864.86,Approved,Normal
TX501839,EMP10050,Grant,2025-01-13,149,84.49,Singapore,RSU,12589.01,0.4,5035.6,Approved,Normal
TX501840,EMP10261,Cancellation,2026-02-23,1102,6.88,Germany,ESPP,7581.76,0.4,3032.7,Approved,Normal
TX501841,EMP10839,Exercise,2026-11-25,465,69.95,India,ESPP,32526.75,0.2,6505.35,Pending Review,Normal
TX501842,EMP10062,Grant,2026-07-28,1081,61.21,USA,RSU,66168.01,0.3,19850.4,Approved,Normal
TX501843,EMP10961,Vesting,2025-12-16,2308,85.29,Germany,ESPP,196849.32,0.2,39369.86,Approved,High Value
TX501844,EMP11045,Sale,2025-11-20,2241,56.1,UK,RSU,125720.1,0.2,25144.02,Approved,High Value
TX501845,EMP11079,Vesting,2025-02-11,1436,15.72,USA,Performance Share,22573.92,0.2,4514.78,Approved,Normal
TX501846,EMP11782,Exercise,2026-08-19,1864,34.37,Australia,ESPP,64065.68,0.2,12813.14,Approved,Normal
TX501847,EMP10640,Cancellation,2025-12-10,1959,83.7,UK,Stock Option,163968.3,0.45,73785.74,Approved,High Value
TX501848,EMP10600,Exercise,2026-10-03,1074,54.62,India,ESPP,58661.88,0.3,17598.56,Approved,Normal
TX501849,EMP11990,Grant,2026-05-20,30,48.37,India,RSU,1451.1,0.2,290.22,Approved,Normal
TX501850,EMP10464,Vesting,2025-12-21,733,15.29,Singapore,RSU,11207.57,0.4,4483.03,Approved,Normal
TX501851,EMP11907,Exercise,2025-01-15,307,47.42,UK,Performance Share,14557.94,0.4,5823.18,Approved,Normal
TX501852,EMP11246,Vesting,2026-01-21,927,61.13,Australia,RSU,56667.51,0.4,22667.0,Pending Review,Normal
TX501853,EMP10063,Vesting,2025-01-28,1185,35.84,UK,Performance Share,42470.4,0.2,8494.08,Approved,Normal
TX501854,EMP11532,Vesting,2026-11-11,610,43.13,UK,Performance Share,26309.3,0.2,5261.86,Approved,Normal
TX501855,EMP10024,Exercise,2025-12-10,44,84.03,USA,Performance Share,3697.32,0.2,739.46,Approved,Normal
TX501856,EMP10134,Vesting,2025-09-01,445,64.42,UK,Performance Share,28666.9,0.2,5733.38,Approved,Normal
TX501857,EMP10343,Vesting,2025-10-16,2318,70.13,USA,Performance Share,162561.34,0.2,32512.27,Approved,High Value
TX501858,EMP10753,Grant,2025-08-05,2432,54.17,UK,Stock Option,131741.44,0.3,39522.43,Approved,High Value
TX501859,EMP11919,Sale,2025-03-12,1555,28.55,UK,Performance Share,44395.25,0.4,17758.1,Approved,Normal
TX501860,EMP10274,Exercise,2026-05-31,225,15.9,Germany,RSU,3577.5,0.45,1609.88,Approved,Normal
TX501861,EMP10921,Exercise,2026-06-07,1729,91.56,India,ESPP,158307.24,0.3,47492.17,Approved,High Value
TX501862,EMP11924,Sale,2026-08-31,1879,53.27,India,RSU,100094.33,0.3,30028.3,Approved,High Value
TX501863,EMP11689,Vesting,2026-02-17,1286,80.5,USA,Stock Option,103523.0,0.3,31056.9,Approved,High Value
TX501864,EMP10204,Cancellation,2026-05-31,1056,80.86,Germany,Performance Share,85388.16,0.3,25616.45,Approved,Normal
TX501865,EMP10411,Vesting,2025-02-05,406,7.01,USA,Stock Option,2846.06,0.4,1138.42,Approved,Normal
TX501866,EMP10795,Cancellation,2025-07-31,2095,79.42,USA,ESPP,166384.9,0.45,74873.2,Approved,High Value
TX501867,EMP11745,Vesting,2025-05-19,639,64.99,India,Performance Share,41528.61,0.45,18687.87,Approved,Normal
TX501868,EMP11233,Grant,2025-05-13,1748,56.87,UK,RSU,99408.76,0.4,39763.5,Approved,Normal
TX501869,EMP11396,Exercise,2026-01-03,662,71.91,USA,Stock Option,47604.42,0.2,9520.88,Approved,Normal
TX501870,EMP11895,Vesting,2026-02-15,2236,70.22,UK,Performance Share,157011.92,0.2,31402.38,Pending Review,High Value
TX501871,EMP10191,Vesting,2025-10-24,791,79.52,UK,Performance Share,62900.32,0.3,18870.1,Approved,Normal
TX501872,EMP10416,Vesting,2025-10-14,1864,62.95,UK,RSU,117338.8,0.4,46935.52,Approved,High Value
TX501873,EMP10655,Sale,2026-10-26,1287,32.85,USA,Performance Share,42277.95,0.2,8455.59,Approved,Normal
TX501874,EMP10097,Vesting,2025-01-23,2408,29.76,Singapore,Performance Share,71662.08,0.4,28664.83,Approved,Normal
TX501875,EMP10499,Grant,2025-10-16,1845,57.92,USA,RSU,106862.4,0.2,21372.48,Pending Review,High Value
TX501876,EMP10158,Exercise,2025-01-06,1254,40.75,Germany,RSU,51100.5,0.3,15330.15,Approved,Normal
TX501877,EMP10261,Sale,2025-08-01,1962,79.55,Germany,ESPP,156077.1,0.3,46823.13,Approved,High Value
TX501878,EMP10802,Vesting,2026-06-28,1624,12.75,UK,RSU,20706.0,0.3,6211.8,Approved,Normal
TX501879,EMP11953,Vesting,2025-06-30,2306,9.54,Australia,Stock Option,21999.24,0.4,8799.7,Approved,Normal
TX501880,EMP11234,Vesting,2026-11-27,1206,90.17,India,RSU,108745.02,0.2,21749.0,Approved,High Value
TX501881,EMP11160,Exercise,2025-04-17,777,51.78,India,ESPP,40233.06,0.2,8046.61,Approved,Normal
TX501882,EMP11714,Vesting,2026-08-22,658,74.07,Singapore,RSU,48738.06,0.3,14621.42,Approved,Normal
TX501883,EMP11231,Sale,2026-07-13,539,53.74,Germany,Performance Share,28965.86,0.45,13034.64,Approved,Normal
TX501884,EMP11220,Grant,2025-05-12,74,75.75,Australia,Performance Share,5605.5,0.2,1121.1,Approved,Normal
TX501885,EMP10659,Grant,2025-07-11,1524,61.68,India,Performance Share,94000.32,0.4,37600.13,Approved,Normal
TX501886,EMP10331,Sale,2025-09-20,1450,27.46,Australia,RSU,39817.0,0.3,11945.1,Approved,Normal
TX501887,EMP10686,Exercise,2025-05-05,1189,6.63,Australia,Stock Option,7883.07,0.45,3547.38,Approved,Normal
TX501888,EMP10568,Cancellation,2026-06-09,1969,44.67,UK,Performance Share,87955.23,0.3,26386.57,Approved,Normal
TX501889,EMP10959,Cancellation,2025-03-28,2268,18.78,Australia,Stock Option,42593.04,0.2,8518.61,Approved,Normal
TX501890,EMP10215,Vesting,2026-06-05,25,21.38,UK,RSU,534.5,0.2,106.9,Approved,Normal
TX501891,EMP10195,Vesting,2026-05-18,1982,87.17,UK,RSU,172770.94,0.4,69108.38,Approved,High Value
TX501892,EMP11463,Exercise,2025-09-01,1083,58.33,Germany,ESPP,63171.39,0.3,18951.42,Approved,Normal
TX501893,EMP11877,Exercise,2026-05-09,1747,16.98,USA,ESPP,29664.06,0.2,5932.81,Approved,Normal
TX501894,EMP10124,Vesting,2026-04-28,1911,16.63,Singapore,ESPP,31779.93,0.2,6355.99,Approved,Normal
TX501895,EMP11303,Grant,2025-11-21,2220,24.46,India,Performance Share,54301.2,0.3,16290.36,Approved,Normal
TX501896,EMP11956,Vesting,2026-02-15,2171,18.69,India,Stock Option,40575.99,0.3,12172.8,Approved,Normal
TX501897,EMP10725,Sale,2026-07-26,1463,13.12,USA,Stock Option,19194.56,0.4,7677.82,Approved,Normal
TX501898,EMP11579,Exercise,2026-03-16,108,84.6,USA,RSU,9136.8,0.4,3654.72,Approved,Normal
TX501899,EMP11329,Sale,2026-10-09,694,75.0,UK,RSU,52050.0,0.2,10410.0,Approved,Normal
TX501900,EMP11771,Vesting,2026-07-15,2378,40.22,USA,ESPP,95643.16,0.2,19128.63,Approved,Normal
TX501901,EMP10145,Vesting,2026-07-21,375,32.75,Singapore,ESPP,12281.25,0.3,3684.38,Approved,Normal
TX501902,EMP11295,Vesting,2025-02-03,1968,37.09,UK,RSU,72993.12,0.2,14598.62,Approved,Normal
TX501903,EMP10009,Exercise,2026-03-26,1927,19.98,UK,Stock Option,38501.46,0.45,17325.66,Approved,Normal
TX501904,EMP11988,Vesting,2026-02-17,1263,60.93,Australia,RSU,76954.59,0.3,23086.38,Approved,Normal
TX501905,EMP10268,Vesting,2025-11-09,1050,57.82,India,RSU,60711.0,0.45,27319.95,Approved,Normal
TX501906,EMP11670,Grant,2025-08-01,1414,23.33,Germany,RSU,32988.62,0.3,9896.59,Approved,Normal
TX501907,EMP10352,Vesting,2026-01-19,1220,32.8,UK,ESPP,40016.0,0.4,16006.4,Approved,Normal
TX501908,EMP10748,Exercise,2026-07-22,1221,60.38,UK,RSU,73723.98,0.2,14744.8,Approved,Normal
TX501909,EMP11439,Exercise,2026-10-06,2087,80.63,India,RSU,168274.81,0.2,33654.96,Approved,High Value
TX501910,EMP11104,Exercise,2026-07-31,1705,71.55,India,RSU,121992.75,0.45,54896.74,Approved,High Value
TX501911,EMP11331,Exercise,2026-06-07,2490,76.56,Australia,RSU,190634.4,0.3,57190.32,Approved,High Value
TX501912,EMP10346,Vesting,2026-04-27,457,10.58,Australia,ESPP,4835.06,0.3,1450.52,Pending Review,Normal
TX501913,EMP11491,Exercise,2025-09-11,2415,71.78,India,Performance Share,173348.7,0.3,52004.61,Approved,High Value
TX501914,EMP10708,Sale,2025-02-23,1959,52.19,UK,Stock Option,102240.21,0.3,30672.06,Approved,High Value
TX501915,EMP10657,Sale,2026-02-10,707,73.77,Singapore,ESPP,52155.39,0.2,10431.08,Pending Review,Normal
TX501916,EMP11568,Vesting,2026-12-27,1776,26.82,Germany,ESPP,47632.32,0.2,9526.46,Approved,Normal
TX501917,EMP11411,Vesting,2025-07-15,1630,17.32,UK,Stock Option,28231.6,0.4,11292.64,Pending Review,Normal
TX501918,EMP10270,Exercise,2026-03-21,1677,33.72,USA,ESPP,56548.44,0.45,25446.8,Approved,Normal
TX501919,EMP10420,Cancellation,2025-11-27,747,11.19,UK,RSU,8358.93,0.2,1671.79,Approved,Normal
TX501920,EMP11820,Sale,2025-04-20,82,41.51,India,Stock Option,3403.82,0.3,1021.15,Approved,Normal
TX501921,EMP10663,Sale,2025-06-15,810,82.99,USA,RSU,67221.9,0.4,26888.76,Approved,Normal
TX501922,EMP10109,Grant,2025-12-28,159,58.57,UK,ESPP,9312.63,0.4,3725.05,Approved,Normal
TX501923,EMP10660,Vesting,2026-10-04,1162,75.67,USA,Performance Share,87928.54,0.3,26378.56,Approved,Normal
TX501924,EMP10552,Vesting,2026-07-02,532,9.79,UK,ESPP,5208.28,0.3,1562.48,Approved,Normal
TX501925,EMP10905,Vesting,2026-06-16,1040,34.46,Singapore,RSU,35838.4,0.3,10751.52,Approved,Normal
TX501926,EMP10398,Grant,2026-11-10,620,67.45,UK,RSU,41819.0,0.45,18818.55,Approved,Normal
TX501927,EMP11272,Sale,2025-01-20,2052,20.03,UK,RSU,41101.56,0.2,8220.31,Approved,Normal
TX501928,EMP10887,Exercise,2025-09-08,1150,50.9,UK,Performance Share,58535.0,0.45,0.0,Approved,Normal
TX501929,EMP10725,Vesting,2026-03-11,256,54.76,USA,Stock Option,14018.56,0.4,5607.42,Approved,Normal
TX501930,EMP11885,Grant,2025-10-29,1103,89.0,India,Stock Option,98167.0,0.2,19633.4,Approved,Normal
TX501931,EMP10418,Vesting,2026-01-15,97,64.22,USA,ESPP,6229.34,0.4,2491.74,Approved,Normal
TX501932,EMP10495,Grant,2026-08-28,789,92.81,USA,ESPP,73227.09,0.3,21968.13,Approved,Normal
TX501933,EMP11649,Exercise,2025-10-01,1503,74.64,India,RSU,112183.92,0.45,50482.76,Approved,High Value
TX501934,EMP11808,Sale,2025-06-23,2202,51.46,Germany,Performance Share,113314.92,0.4,45325.97,Approved,High Value
TX501935,EMP11568,Vesting,2026-02-08,960,76.41,Germany,ESPP,73353.6,0.3,22006.08,Approved,Normal
TX501936,EMP11365,Grant,2025-03-20,1610,10.76,UK,RSU,17323.6,0.2,3464.72,Approved,Normal
TX501937,EMP10195,Vesting,2025-10-01,2043,20.25,UK,RSU,41370.75,0.4,16548.3,Approved,Normal
TX501938,EMP10706,Vesting,2025-03-18,2474,21.74,Singapore,RSU,53784.76,0.2,10756.95,Approved,Normal
TX501939,EMP11760,Cancellation,2026-08-17,815,45.59,India,RSU,37155.85,0.3,11146.76,Approved,Normal
TX501940,EMP10202,Vesting,2025-03-29,191,84.1,UK,Performance Share,16063.1,0.2,3212.62,Approved,Normal
TX501941,EMP11319,Grant,2026-06-22,1764,6.57,UK,Performance Share,11589.48,0.45,5215.27,Pending Review,Normal
TX501942,EMP11625,Sale,2026-01-12,1695,56.33,Germany,RSU,95479.35,0.3,28643.8,Approved,Normal
TX501943,EMP10043,Sale,2026-01-26,780,24.88,USA,Stock Option,19406.4,0.2,3881.28,Approved,Normal
TX501944,EMP10340,Vesting,2025-08-10,2469,25.75,India,RSU,63576.75,0.4,25430.7,Approved,Normal
TX501945,EMP10630,Sale,2026-10-06,978,49.83,USA,RSU,48733.74,0.4,19493.5,Approved,Normal
TX501946,EMP11203,Grant,2025-03-06,89,74.23,India,RSU,6606.47,0.45,2972.91,Approved,Normal
TX501947,EMP10912,Grant,2025-07-30,983,21.5,USA,Stock Option,21134.5,0.2,4226.9,Approved,Normal
TX501948,EMP10789,Sale,2025-10-29,1388,81.2,USA,RSU,112705.6,0.2,22541.12,Approved,High Value
TX501949,EMP10770,Grant,2026-12-15,1935,87.65,India,Performance Share,169602.75,0.2,33920.55,Approved,High Value
TX501950,EMP10857,Sale,2026-07-02,1915,22.3,USA,RSU,42704.5,0.2,8540.9,Approved,Normal
TX501951,EMP10972,Sale,2026-02-15,263,35.89,Australia,RSU,9439.07,0.2,1887.81,Approved,Normal
TX501952,EMP10293,Exercise,2025-02-16,1179,56.62,UK,ESPP,66754.98,0.3,20026.49,Approved,Normal
TX501953,EMP11648,Vesting,2025-05-12,1438,82.62,UK,Performance Share,118807.56,0.3,35642.27,Approved,High Value
TX501954,EMP10023,Grant,2025-12-24,791,23.9,UK,ESPP,18904.9,0.2,3780.98,Approved,Normal
TX501955,EMP11624,Exercise,2025-05-30,1541,84.37,USA,ESPP,130014.17,0.45,58506.38,Pending Review,High Value
TX501956,EMP10634,Cancellation,2025-07-03,590,20.62,Singapore,RSU,12165.8,0.3,3649.74,Approved,Normal
TX501957,EMP10724,Vesting,2026-03-08,1002,37.61,USA,RSU,37685.22,0.2,7537.04,Approved,Normal
TX501958,EMP10756,Grant,2025-10-26,338,14.56,USA,RSU,4921.28,0.4,1968.51,Approved,Normal
TX501959,EMP11588,Exercise,2025-09-02,2094,72.67,UK,RSU,152170.98,0.2,30434.2,Pending Review,High Value
TX501960,EMP10872,Sale,2026-11-03,832,67.34,India,ESPP,56026.88,0.3,16808.06,Approved,Normal
TX501961,EMP11216,Grant,2025-03-04,1820,73.03,Singapore,Performance Share,132914.6,0.4,53165.84,Approved,High Value
TX501962,EMP11431,Grant,2026-07-09,1437,89.48,UK,RSU,128582.76,0.4,51433.1,Approved,High Value
TX501963,EMP11037,Vesting,2026-09-16,2334,57.92,Singapore,ESPP,135185.28,0.4,54074.11,Approved,High Value
TX501964,EMP11598,Vesting,2025-11-17,943,10.13,Australia,RSU,9552.59,0.2,1910.52,Approved,Normal
TX501965,EMP10379,Vesting,2025-10-27,1939,9.09,UK,RSU,17625.51,0.45,7931.48,Approved,Normal
TX501966,EMP10895,Sale,2025-05-24,2287,22.85,UK,RSU,52257.95,0.2,10451.59,Approved,Normal
TX501967,EMP10984,Vesting,2025-05-13,2009,69.93,Germany,Performance Share,140489.37,0.3,42146.81,Approved,High Value
TX501968,EMP10647,Sale,2026-01-01,167,74.63,India,Performance Share,12463.21,0.3,3738.96,Approved,Normal
TX501969,EMP11125,Exercise,2025-03-13,1684,21.33,USA,ESPP,35919.72,0.2,7183.94,Approved,Normal
TX501970,EMP10898,Cancellation,2025-08-09,2178,75.9,India,Stock Option,165310.2,0.4,66124.08,Approved,High Value
TX501971,EMP11594,Sale,2025-08-31,1969,80.44,UK,Performance Share,158386.36,0.3,47515.91,Approved,High Value
TX501972,EMP10365,Exercise,2025-01-22,349,83.88,Germany,Performance Share,29274.12,0.4,11709.65,Pending Review,Normal
TX501973,EMP10829,Cancellation,2026-01-02,1315,14.12,Australia,Stock Option,18567.8,0.4,7427.12,Approved,Normal
TX501974,EMP10044,Sale,2026-11-14,1503,83.74,India,Stock Option,125861.22,0.4,50344.49,Approved,High Value
TX501975,EMP11251,Grant,2026-06-11,1942,75.42,UK,RSU,146465.64,0.4,58586.26,Approved,High Value
TX501976,EMP10269,Exercise,2026-08-09,75,18.7,Australia,RSU,1402.5,0.4,561.0,Approved,Normal
TX501977,EMP10837,Sale,2026-10-11,1977,5.86,India,ESPP,11585.22,0.45,5213.35,Approved,Normal
TX501978,EMP10855,Exercise,2025-07-30,1429,77.57,India,Performance Share,110847.53,0.3,33254.26,Approved,High Value
TX501979,EMP10663,Grant,2025-02-11,28,75.91,USA,RSU,2125.48,0.2,425.1,Approved,Normal
TX501980,EMP10988,Grant,2025-08-06,2030,58.24,UK,Stock Option,118227.2,0.2,23645.44,Approved,High Value
TX501981,EMP11536,Vesting,2025-06-26,181,20.76,UK,Stock Option,3757.56,0.3,1127.27,Approved,Normal
TX501982,EMP11391,Cancellation,2026-01-05,1917,71.42,Australia,RSU,136912.14,0.2,27382.43,Approved,High Value
TX501983,EMP10061,Vesting,2025-06-24,1615,81.88,Germany,RSU,132236.2,0.4,52894.48,Approved,High Value
TX501984,EMP10416,Exercise,2025-09-07,2133,69.91,UK,RSU,149118.03,0.2,29823.61,Approved,High Value
TX501985,EMP11278,Sale,2025-04-29,2057,67.78,UK,Stock Option,139423.46,0.45,62740.56,Approved,High Value
TX501986,EMP10879,Grant,2025-01-04,1227,77.75,India,RSU,95399.25,0.2,19079.85,Approved,Normal
TX501987,EMP11659,Exercise,2025-10-30,352,74.75,USA,Stock Option,26312.0,0.4,10524.8,Approved,Normal
TX501988,EMP10866,Exercise,2026-08-27,1041,18.75,UK,Stock Option,19518.75,0.3,5855.62,Approved,Normal
TX501989,EMP10087,Grant,2025-01-25,2028,88.04,India,RSU,178545.12,0.45,80345.3,Approved,High Value
TX501990,EMP11787,Vesting,2026-11-11,1919,10.28,USA,ESPP,19727.32,0.3,5918.2,Approved,Normal
TX501991,EMP10862,Vesting,2026-05-28,2468,77.77,Germany,RSU,191936.36,0.2,38387.27,Approved,High Value
TX501992,EMP11007,Vesting,2026-09-03,2387,78.4,UK,Performance Share,187140.8,0.2,37428.16,Pending Review,High Value
TX501993,EMP11697,Vesting,2026-08-13,155,75.9,India,Stock Option,11764.5,0.4,4705.8,Approved,Normal
TX501994,EMP11705,Vesting,2026-07-08,869,92.45,Singapore,ESPP,80339.05,0.3,24101.72,Approved,Normal
TX501995,EMP10456,Grant,2026-05-20,1045,94.5,USA,RSU,98752.5,0.2,19750.5,Approved,Normal
TX501996,EMP10839,Grant,2025-05-06,1172,47.87,India,ESPP,56103.64,0.2,11220.73,Approved,Normal
TX501997,EMP10916,Vesting,2025-03-02,2443,40.54,India,RSU,99039.22,0.4,39615.69,Approved,Normal
TX501998,EMP10378,Exercise,2026-12-11,624,49.17,Germany,RSU,30682.08,0.4,12272.83,Approved,Normal
TX501999,EMP10883,Exercise,2025-11-23,337,76.83,Germany,RSU,25891.71,0.3,7767.51,Approved,Normal
TX502000,EMP11521,Sale,2025-03-16,467,83.57,UK,RSU,39027.19,0.4,15610.88,Pending Review,Normal
TX502001,EMP11204,Sale,2025-04-16,477,67.53,Germany,RSU,32211.81,0.3,9663.54,Approved,Normal
TX502002,EMP10712,Grant,2025-03-25,1958,58.13,USA,RSU,113818.54,0.2,22763.71,Pending Review,High Value
TX502003,EMP10603,Sale,2025-02-19,46,89.79,India,Performance Share,4130.34,0.4,1652.14,Approved,Normal
TX502004,EMP10513,Vesting,2026-08-29,1498,47.22,India,ESPP,70735.56,0.3,21220.67,Approved,Normal
TX502005,EMP10361,Cancellation,2025-05-24,1958,6.25,UK,ESPP,12237.5,0.2,2447.5,Approved,Normal
TX502006,EMP10778,Sale,2026-11-22,712,5.25,India,ESPP,3738.0,0.4,1495.2,Approved,Normal
TX502007,EMP10435,Sale,2025-01-16,412,73.96,India,RSU,30471.52,0.2,6094.3,Approved,Normal
TX502008,EMP11468,Sale,2026-04-10,1965,21.09,Singapore,Stock Option,41441.85,0.2,8288.37,Approved,Normal
TX502009,EMP10206,Sale,2026-02-05,2139,60.18,India,RSU,128725.02,0.3,38617.51,Pending Review,High Value
TX502010,EMP11678,Vesting,2025-02-16,643,83.86,UK,ESPP,53921.98,0.4,21568.79,Approved,Normal
TX502011,EMP11517,Sale,2026-10-09,1679,27.71,USA,RSU,46525.09,0.2,9305.02,Approved,Normal
TX502012,EMP11687,Vesting,2026-11-23,900,91.16,UK,Performance Share,82044.0,0.4,32817.6,Approved,Normal
TX502013,EMP10340,Vesting,2025-03-26,1288,71.4,India,RSU,91963.2,0.45,41383.44,Approved,Normal
TX502014,EMP10310,Sale,2026-04-01,1398,75.67,USA,RSU,105786.66,0.2,21157.33,Approved,High Value
TX502015,EMP10236,Exercise,2025-01-20,48,79.45,USA,ESPP,3813.6,0.3,1144.08,Approved,Normal
TX502016,EMP10479,Grant,2025-12-07,1871,18.58,UK,ESPP,34763.18,0.4,13905.27,Approved,Normal
TX502017,EMP11347,Vesting,2026-09-02,1325,20.1,Germany,ESPP,26632.5,0.3,7989.75,Approved,Normal
TX502018,EMP11768,Grant,2026-10-24,507,50.96,Singapore,RSU,25836.72,0.2,5167.34,Approved,Normal
TX502019,EMP10761,Vesting,2026-02-05,1832,25.45,Singapore,RSU,46624.4,0.3,13987.32,Approved,Normal
TX502020,EMP11773,Exercise,2025-04-25,1503,60.64,USA,RSU,91141.92,0.3,27342.58,Approved,Normal
TX502021,EMP10723,Grant,2025-08-09,1540,67.88,UK,ESPP,104535.2,0.4,41814.08,Approved,High Value
TX502022,EMP11298,Vesting,2025-12-07,1324,20.11,UK,ESPP,26625.64,0.2,5325.13,Approved,Normal
TX502023,EMP11014,Vesting,2026-05-05,2465,6.23,India,Performance Share,15356.95,0.4,6142.78,Approved,Normal
TX502024,EMP11643,Sale,2026-10-28,818,52.22,India,ESPP,42715.96,0.2,8543.19,Approved,Normal
TX502025,EMP11000,Grant,2026-09-22,1262,25.3,UK,RSU,31928.6,0.2,6385.72,Approved,Normal
TX502026,EMP10440,Vesting,2025-09-01,168,80.94,India,RSU,13597.92,0.3,4079.38,Approved,Normal
TX502027,EMP11439,Grant,2025-06-22,821,24.02,India,RSU,19720.42,0.4,7888.17,Approved,Normal
TX502028,EMP11043,Exercise,2026-03-12,2345,28.55,India,RSU,66949.75,0.3,20084.92,Pending Review,Normal
TX502029,EMP10438,Vesting,2026-03-14,796,11.64,UK,Performance Share,9265.44,0.2,1853.09,Approved,Normal
TX502030,EMP10109,Vesting,2026-10-16,134,76.25,UK,ESPP,10217.5,0.2,2043.5,Approved,Normal
TX502031,EMP10328,Vesting,2026-07-31,1115,60.96,UK,Performance Share,67970.4,0.2,13594.08,Approved,Normal
TX502032,EMP10061,Cancellation,2026-03-25,289,50.23,Germany,RSU,14516.47,0.45,6532.41,Approved,Normal
TX502033,EMP11152,Vesting,2025-07-28,1678,27.24,Germany,RSU,45708.72,0.45,20568.92,Approved,Normal
TX502034,EMP10506,Exercise,2025-03-10,1419,63.53,Australia,RSU,90149.07,0.3,27044.72,Approved,Normal
TX502035,EMP11480,Exercise,2025-07-22,1373,56.63,UK,Performance Share,77752.99,0.4,31101.2,Pending Review,Normal
TX502036,EMP11771,Sale,2026-05-17,529,67.63,USA,ESPP,35776.27,0.2,7155.25,Approved,Normal
TX502037,EMP10854,Exercise,2025-01-03,1703,29.67,USA,ESPP,50528.01,0.4,20211.2,Approved,Normal
TX502038,EMP11737,Exercise,2025-04-22,1949,82.66,UK,RSU,161104.34,0.45,72496.95,Approved,High Value
TX502039,EMP11419,Exercise,2025-06-05,1077,75.74,India,RSU,81571.98,0.3,24471.59,Approved,Normal
TX502040,EMP10722,Grant,2025-09-22,52,9.47,Singapore,Performance Share,492.44,0.2,98.49,Approved,Normal
TX502041,EMP11630,Exercise,2026-09-15,1952,32.9,USA,RSU,64220.8,0.2,12844.16,Approved,Normal
TX502042,EMP10943,Grant,2026-12-29,1552,78.36,UK,RSU,121614.72,0.4,48645.89,Approved,High Value
TX502043,EMP99999,Vesting,2025-12-28,1629,44.21,UK,RSU,72018.09,0.3,21605.43,Approved,Normal
TX502044,EMP10896,Cancellation,2025-02-23,1210,34.98,Singapore,RSU,42325.8,0.4,16930.32,Approved,Normal
TX502045,EMP11150,Sale,2026-12-27,-75,47.15,Singapore,Performance Share,79777.8,0.2,15955.56,Approved,Normal
TX502046,EMP10676,Vesting,2025-07-09,1192,38.69,India,ESPP,46118.48,0.2,9223.7,Approved,Normal
TX502047,EMP11069,Grant,2026-02-12,2497,89.6,UK,RSU,223731.2,0.2,44746.24,Approved,High Value
TX502048,EMP11941,Sale,2025-12-29,1585,65.73,Germany,Stock Option,104182.05,0.3,31254.62,Approved,High Value
TX502049,EMP10111,Exercise,2026-09-18,1126,27.07,India,RSU,30480.82,0.2,6096.16,Approved,Normal
TX502050,EMP10041,Vesting,2026-06-14,1146,73.69,India,ESPP,84448.74,0.2,16889.75,Approved,Normal
TX502051,EMP11215,Cancellation,2025-05-24,1155,29.12,USA,Stock Option,33633.6,0.3,10090.08,Approved,Normal
TX502052,EMP10823,Grant,2026-10-08,864,77.94,UK,Stock Option,67340.16,0.4,26936.06,Approved,Normal
TX502053,EMP10462,Vesting,2026-03-01,1879,33.68,India,Performance Share,63284.72,0.2,12656.94,Pending Review,Normal
TX502054,EMP11426,Grant,2026-08-08,2211,21.1,USA,Stock Option,46652.1,0.2,9330.42,Approved,Normal
TX502055,EMP11093,Sale,2025-01-10,591,89.49,Australia,ESPP,52888.59,0.45,23799.87,Approved,Normal
TX502056,EMP11938,Grant,2026-11-01,1124,51.04,India,Stock Option,57368.96,0.45,25816.03,Approved,Normal
TX502057,EMP10538,Sale,2026-06-06,381,14.15,Singapore,Performance Share,5391.15,0.3,1617.34,Approved,Normal
TX502058,EMP11731,Vesting,2026-01-09,214,60.72,UK,RSU,12994.08,0.4,5197.63,Approved,Normal
TX502059,EMP11856,Grant,2026-09-11,1425,7.33,USA,ESPP,10445.25,0.3,3133.58,Approved,Normal
TX502060,EMP11919,Grant,2025-06-22,522,69.79,UK,Performance Share,36430.38,0.3,10929.11,Approved,Normal
TX502061,EMP10644,Cancellation,2025-12-07,110,16.83,Germany,Stock Option,1851.3,0.3,555.39,Approved,Normal
TX502062,EMP10617,Grant,2025-10-23,620,28.11,UK,ESPP,17428.2,0.45,7842.69,Approved,Normal
TX502063,EMP11199,Exercise,2025-02-13,1126,26.0,USA,Performance Share,29276.0,0.2,5855.2,Approved,Normal
TX502064,EMP10810,Grant,2025-01-30,211,49.63,UK,RSU,10471.93,0.2,2094.39,Approved,Normal
TX502065,EMP11060,Vesting,2026-09-18,580,31.22,USA,Performance Share,18107.6,0.2,3621.52,Approved,Normal
TX502066,EMP10421,Vesting,2025-12-07,1439,14.3,USA,RSU,20577.7,0.4,8231.08,Approved,Normal
TX502067,EMP10550,Sale,2026-07-02,1762,57.24,UK,Performance Share,100856.88,0.4,40342.75,Approved,High Value
TX502068,EMP10995,Sale,2025-02-06,2415,89.14,USA,Stock Option,215273.1,0.2,43054.62,Approved,High Value
TX502069,EMP10364,Grant,2025-06-23,1628,89.1,USA,ESPP,145054.8,0.45,65274.66,Pending Review,High Value
TX502070,EMP11861,Grant,2026-04-30,2318,51.71,India,Performance Share,119863.78,0.3,35959.13,Approved,High Value
TX502071,EMP11519,Vesting,2025-01-20,2006,67.06,USA,RSU,134522.36,0.4,53808.94,Approved,High Value
TX502072,EMP10526,Vesting,2025-06-05,1502,17.11,USA,ESPP,25699.22,0.2,5139.84,Approved,Normal
TX502073,EMP10312,Exercise,2025-08-25,1259,34.12,Australia,RSU,42957.08,0.2,8591.42,Approved,Normal
TX502074,EMP11328,Exercise,2025-09-22,1473,71.75,UK,RSU,105687.75,0.2,21137.55,Approved,High Value
TX502075,EMP10114,Grant,2025-12-21,47,50.63,USA,ESPP,2379.61,0.4,951.84,Approved,Normal
TX502076,EMP11183,Vesting,2025-07-24,477,47.31,Germany,Performance Share,22566.87,0.3,6770.06,Approved,Normal
TX502077,EMP11240,Grant,2026-01-29,1855,18.89,UK,RSU,35040.95,0.45,15768.43,Approved,Normal
TX502078,EMP11092,Vesting,2025-07-17,1592,52.21,UK,RSU,83118.32,0.3,24935.5,Approved,Normal
TX502079,EMP11239,Exercise,2026-12-25,1942,91.4,UK,Stock Option,177498.8,0.2,35499.76,Approved,High Value
TX502080,EMP11718,Cancellation,2026-05-07,2230,9.61,USA,Stock Option,21430.3,0.45,9643.64,Approved,Normal
TX502081,EMP10732,Vesting,2025-03-18,146,31.88,Germany,RSU,4654.48,0.2,930.9,Approved,Normal
TX502082,EMP10824,Vesting,2026-07-27,577,30.35,USA,RSU,17511.95,0.3,5253.58,Approved,Normal
TX502083,EMP10267,Grant,2025-07-08,418,52.13,Australia,RSU,21790.34,0.2,4358.07,Approved,Normal
TX502084,EMP11061,Vesting,2026-09-04,1234,66.37,India,RSU,81900.58,0.2,16380.12,Approved,Normal
TX502085,EMP11012,Grant,2025-06-24,2456,66.92,UK,ESPP,164355.52,0.3,49306.66,Pending Review,High Value
TX502086,EMP11738,Vesting,2025-07-14,524,90.46,India,RSU,47401.04,0.2,9480.21,Approved,Normal
TX502087,EMP11460,Sale,2025-01-30,933,63.2,Germany,ESPP,58965.6,0.2,11793.12,Pending Review,Normal
TX502088,EMP10683,Grant,2025-05-09,1246,65.29,USA,RSU,81351.34,0.3,24405.4,Approved,Normal
TX502089,EMP11401,Grant,2025-02-01,1961,6.66,UK,Stock Option,13060.26,0.3,3918.08,Approved,Normal
TX502090,EMP10518,Vesting,2025-06-15,2246,81.69,Australia,Performance Share,183475.74,0.2,36695.15,Approved,High Value
TX502091,EMP10206,Grant,2025-04-03,453,27.97,India,RSU,12670.41,0.2,2534.08,Approved,Normal
TX502092,EMP11640,Sale,2025-12-01,508,66.94,USA,ESPP,34005.52,0.4,13602.21,Approved,Normal
TX502093,EMP11783,Vesting,2026-07-04,82,42.83,Australia,RSU,3512.06,0.45,1580.43,Approved,Normal
TX502094,EMP11132,Cancellation,2025-08-14,2493,18.99,India,Performance Share,47342.07,0.3,14202.62,Approved,Normal
TX502095,EMP10279,Sale,2026-09-27,1212,11.92,UK,RSU,14447.04,0.45,6501.17,Pending Review,Normal
TX502096,EMP10005,Vesting,2026-11-25,2373,28.9,Germany,RSU,68579.7,0.3,20573.91,Approved,Normal
TX502097,EMP11926,Exercise,2026-02-03,1878,34.46,USA,Performance Share,64715.88,0.3,19414.76,Approved,Normal
TX502098,EMP10003,Sale,2026-02-11,991,89.48,India,RSU,88674.68,0.3,26602.4,Approved,Normal
TX502099,EMP10055,Exercise,2025-05-25,891,79.03,India,Stock Option,70415.73,0.2,14083.15,Approved,Normal
TX502100,EMP11805,Exercise,2025-02-18,549,30.2,UK,RSU,16579.8,0.2,3315.96,Approved,Normal
TX502101,EMP11614,Sale,2026-09-28,922,22.26,USA,RSU,20523.72,0.3,6157.12,Approved,Normal
TX502102,EMP10659,Grant,2026-10-14,1385,12.09,India,Performance Share,16744.65,0.3,5023.4,Approved,Normal
TX502103,EMP10011,Sale,2025-05-22,612,94.54,USA,RSU,57858.48,0.45,26036.32,Approved,Normal
TX502104,EMP10796,Grant,2026-03-30,416,6.78,Germany,Stock Option,2820.48,0.2,564.1,Approved,Normal
TX502105,EMP11529,Vesting,2025-04-24,1773,61.08,UK,Stock Option,108294.84,0.3,32488.45,Approved,High Value
TX502106,EMP11171,Grant,2025-07-22,396,87.15,India,RSU,34511.4,0.4,13804.56,Approved,Normal
TX502107,EMP11919,Exercise,2026-04-26,1268,8.31,UK,Performance Share,10537.08,0.3,3161.12,Approved,Normal
TX502108,EMP10770,Grant,2025-02-16,728,60.31,India,Performance Share,43905.68,0.3,13171.7,Pending Review,Normal
TX502109,EMP11121,Exercise,2025-08-15,1736,12.53,UK,ESPP,21752.08,0.4,8700.83,Approved,Normal
TX502110,EMP10533,Grant,2026-12-05,1807,21.99,UK,Performance Share,39735.93,0.3,11920.78,Approved,Normal
TX502111,EMP11077,Grant,2026-12-24,1029,41.29,USA,RSU,42487.41,0.4,16994.96,Approved,Normal
TX502112,EMP10851,Vesting,2026-03-28,1266,94.19,UK,Performance Share,119244.54,0.3,35773.36,Approved,High Value
TX502113,EMP11553,Vesting,2025-04-13,1179,61.66,Australia,RSU,72697.14,0.2,14539.43,Approved,Normal
TX502114,EMP11274,Exercise,2025-12-09,2193,36.71,Singapore,ESPP,80505.03,0.4,32202.01,Approved,Normal
TX502115,EMP11981,Exercise,2026-10-20,613,30.32,UK,ESPP,18586.16,0.3,5575.85,Approved,Normal
TX502116,EMP10026,Sale,2026-05-08,1086,70.92,UK,RSU,77019.12,0.2,15403.82,Pending Review,Normal
TX502117,EMP10706,Vesting,2026-12-29,161,92.7,Singapore,RSU,14924.7,0.3,4477.41,Approved,Normal
TX502118,EMP11367,Grant,2026-03-16,701,43.12,India,ESPP,30227.12,0.3,9068.14,Approved,Normal
TX502119,EMP11902,Cancellation,2026-10-11,1135,5.1,Singapore,RSU,5788.5,0.4,2315.4,Approved,Normal
TX502120,EMP11568,Vesting,2025-09-21,813,6.19,Germany,ESPP,5032.47,0.3,1509.74,Pending Review,Normal
TX502121,EMP11115,Vesting,2026-01-24,1538,47.79,Singapore,RSU,73501.02,0.4,29400.41,Approved,Normal
TX502122,EMP11532,Grant,2026-06-20,798,28.15,UK,Performance Share,22463.7,0.3,6739.11,Pending Review,Normal
TX502123,EMP10180,Exercise,2025-02-14,2471,20.26,USA,RSU,50062.46,0.45,22528.11,Pending Review,Normal
TX502124,EMP10548,Sale,2025-12-21,1885,67.3,UK,RSU,126860.5,0.4,50744.2,Approved,High Value
TX502125,EMP11935,Vesting,2026-03-06,2022,59.28,India,RSU,119864.16,0.2,23972.83,Approved,High Value
TX502126,EMP10054,Vesting,2026-04-18,316,13.0,USA,RSU,4108.0,0.2,821.6,Approved,Normal
TX502127,EMP11828,Cancellation,2026-08-12,667,80.19,India,ESPP,53486.73,0.3,16046.02,Approved,Normal
TX502128,EMP11577,Vesting,2026-12-18,749,28.57,UK,RSU,21398.93,0.4,8559.57,Approved,Normal
TX502129,EMP11531,Cancellation,2026-11-14,575,36.99,USA,RSU,21269.25,0.2,4253.85,Approved,Normal
TX502130,EMP10027,Exercise,2025-01-05,133,53.33,USA,Performance Share,7092.89,0.45,3191.8,Pending Review,Normal
TX502131,EMP11073,Exercise,2026-11-12,1350,46.73,Singapore,Stock Option,63085.5,0.4,25234.2,Approved,Normal
TX502132,EMP10236,Vesting,2025-08-22,1410,8.38,USA,ESPP,11815.8,0.3,3544.74,Approved,Normal
TX502133,EMP10480,Cancellation,2025-02-10,2446,10.34,UK,RSU,25291.64,0.45,11381.24,Approved,Normal
TX502134,EMP10766,Sale,2025-09-11,408,47.22,India,Performance Share,19265.76,0.2,3853.15,Approved,Normal
TX502135,EMP10321,Exercise,2025-05-14,1360,9.51,UK,RSU,12933.6,0.45,5820.12,Pending Review,Normal
TX502136,EMP11816,Sale,2025-10-13,649,9.03,Germany,Stock Option,5860.47,0.45,2637.21,Approved,Normal
TX502137,EMP11153,Grant,2026-07-25,480,85.82,USA,Stock Option,41193.6,0.2,8238.72,Approved,Normal
TX502138,EMP11122,Grant,2026-05-02,1981,83.36,USA,RSU,165136.16,0.2,33027.23,Pending Review,High Value
TX502139,EMP10738,Exercise,2025-01-23,698,39.25,USA,RSU,27396.5,0.2,5479.3,Approved,Normal
TX502140,EMP10589,Sale,2025-11-24,2251,55.1,USA,Performance Share,124030.1,0.3,37209.03,Approved,High Value
TX502141,EMP11211,Vesting,2026-07-13,545,30.3,Singapore,RSU,16513.5,0.2,3302.7,Approved,Normal
TX502142,EMP11879,Sale,2026-11-07,2375,88.14,India,RSU,209332.5,0.3,62799.75,Approved,High Value
TX502143,EMP10045,Cancellation,2025-03-29,1068,37.28,India,RSU,39815.04,0.2,7963.01,Approved,Normal
TX502144,EMP11488,Exercise,2025-11-15,1337,79.84,India,ESPP,106746.08,0.4,0.0,Approved,High Value
TX502145,EMP11705,Exercise,2026-12-10,543,14.04,Singapore,ESPP,7623.72,0.4,3049.49,Approved,Normal
TX502146,EMP11633,Cancellation,2026-03-31,2330,18.47,Australia,ESPP,43035.1,0.3,12910.53,Approved,Normal
TX502147,EMP10155,Grant,2026-04-29,1100,32.88,UK,RSU,36168.0,0.4,14467.2,Approved,Normal
TX502148,EMP10399,Cancellation,2026-10-26,1034,6.48,India,RSU,6700.32,0.45,3015.14,Approved,Normal
TX502149,EMP10160,Exercise,2025-10-20,1689,67.18,UK,RSU,113467.02,0.3,34040.11,Approved,High Value
TX502150,EMP11772,Vesting,2025-09-07,476,27.07,UK,ESPP,12885.32,0.2,2577.06,Approved,Normal
TX502151,EMP10488,Sale,2025-09-25,466,44.45,India,RSU,20713.7,0.4,8285.48,Approved,Normal
TX502152,EMP10808,Exercise,2026-08-16,480,92.42,Singapore,RSU,44361.6,0.3,13308.48,Approved,Normal
TX502153,EMP10559,Sale,2025-05-15,865,78.44,UK,RSU,67850.6,0.2,13570.12,Approved,Normal
TX502154,EMP10397,Grant,2026-07-26,554,27.85,USA,Performance Share,15428.9,0.2,3085.78,Approved,Normal
TX502155,EMP11838,Exercise,2026-02-18,1072,31.4,Australia,RSU,33660.8,0.4,13464.32,Approved,Normal
TX502156,EMP11650,Sale,2026-07-28,2134,44.17,USA,RSU,94258.78,0.45,42416.45,Pending Review,Normal
TX502157,EMP10414,Vesting,2025-01-17,1823,60.99,Germany,RSU,111184.77,0.4,44473.91,Approved,High Value
TX502158,EMP11170,Vesting,2026-01-18,1038,53.18,USA,RSU,55200.84,0.2,11040.17,Approved,Normal
TX502159,EMP10053,Sale,2026-05-11,2355,71.37,USA,Performance Share,168076.35,0.4,67230.54,Approved,High Value
TX502160,EMP11093,Grant,2025-01-14,806,81.75,Australia,ESPP,65890.5,0.3,19767.15,Pending Review,Normal
TX502161,EMP11389,Exercise,2025-04-16,249,47.63,UK,RSU,11859.87,0.4,4743.95,Approved,Normal
TX502162,EMP10135,Vesting,2025-04-28,2023,54.6,India,RSU,110455.8,0.4,44182.32,Approved,High Value
TX502163,EMP11040,Exercise,2025-01-30,1246,12.51,USA,RSU,15587.46,0.2,3117.49,Approved,Normal
TX502164,EMP11104,Grant,2025-09-18,1403,80.1,India,RSU,112380.3,0.2,22476.06,Approved,High Value
TX502165,EMP11819,Vesting,2025-11-09,261,32.0,India,Performance Share,8352.0,0.3,2505.6,Approved,Normal
TX502166,EMP11560,Sale,2026-03-22,2423,64.79,UK,Performance Share,156986.17,0.2,31397.23,Approved,High Value
TX502167,EMP10009,Vesting,2026-07-17,821,10.87,UK,Stock Option,8924.27,0.3,2677.28,Approved,Normal
TX502168,EMP10938,Sale,2026-10-14,118,25.93,Singapore,RSU,3059.74,0.2,611.95,Approved,Normal
TX502169,EMP10290,Exercise,2025-08-06,1145,84.7,UK,RSU,96981.5,0.3,29094.45,Approved,Normal
TX502170,EMP10340,Vesting,2026-10-16,788,58.29,India,RSU,45932.52,0.2,9186.5,Approved,Normal
TX502171,EMP10344,Grant,2025-09-25,962,36.17,Singapore,RSU,34795.54,0.4,13918.22,Approved,Normal
TX502172,EMP10226,Sale,2026-05-05,1925,68.9,India,ESPP,132632.5,0.2,26526.5,Approved,High Value
TX502173,EMP10277,Sale,2025-03-08,1317,67.51,India,RSU,88910.67,0.4,35564.27,Approved,Normal
TX502174,EMP11158,Exercise,2026-03-04,1750,48.61,Germany,RSU,85067.5,0.3,25520.25,Approved,Normal
TX502175,EMP10374,Sale,2026-02-09,640,22.88,UK,Stock Option,14643.2,0.3,4392.96,Approved,Normal
TX502176,EMP11306,Sale,2026-03-29,1197,10.03,Germany,RSU,12005.91,0.2,2401.18,Approved,Normal
TX502177,EMP11976,Exercise,2026-04-19,579,31.72,UK,ESPP,18365.88,0.3,5509.76,Approved,Normal
TX502178,EMP11189,Sale,2026-04-10,1867,63.41,UK,Performance Share,118386.47,0.45,53273.91,Approved,High Value
TX502179,EMP10794,Vesting,2025-11-13,1593,77.71,UK,Performance Share,123792.03,0.3,37137.61,Approved,High Value
TX502180,EMP11909,Cancellation,2026-02-09,696,82.34,India,Performance Share,57308.64,0.2,11461.73,Approved,Normal
TX502181,EMP11003,Grant,2025-05-07,954,15.97,India,RSU,15235.38,0.45,6855.92,Approved,Normal
TX502182,EMP11279,Grant,2026-02-08,275,90.35,Australia,ESPP,24846.25,0.4,9938.5,Approved,Normal
TX502183,EMP10012,Exercise,2025-04-16,1159,77.2,Singapore,ESPP,89474.8,0.2,17894.96,Pending Review,Normal
TX502184,EMP10685,Grant,2026-01-24,219,25.98,Germany,RSU,5689.62,0.3,1706.89,Approved,Normal
TX502185,EMP11349,Cancellation,2025-01-17,749,84.02,UK,RSU,62930.98,0.3,18879.29,Approved,Normal
TX502186,EMP10204,Cancellation,2025-03-27,1044,20.9,Germany,Performance Share,21819.6,0.3,6545.88,Approved,Normal
TX502187,EMP11824,Vesting,2026-10-04,2419,92.74,India,Stock Option,224338.06,0.4,89735.22,Approved,High Value
TX502188,EMP11607,Grant,2026-10-19,2306,82.34,UK,ESPP,189876.04,0.3,56962.81,Approved,High Value
TX502189,EMP11984,Cancellation,2026-03-25,1952,93.96,India,Performance Share,183409.92,0.2,36681.98,Approved,High Value
TX502190,EMP11799,Vesting,2026-12-01,2357,13.68,UK,RSU,32243.76,0.3,9673.13,Approved,Normal
TX502191,EMP11532,Exercise,2026-06-17,2472,17.12,UK,Performance Share,42320.64,0.4,16928.26,Pending Review,Normal
TX502192,EMP10736,Vesting,2026-12-01,1520,13.84,India,Performance Share,21036.8,0.3,6311.04,Approved,Normal
TX502193,EMP11211,Vesting,2026-04-08,1398,78.2,Singapore,RSU,109323.6,0.2,21864.72,Approved,High Value
TX502194,EMP11976,Vesting,2026-09-25,2157,28.39,UK,ESPP,61237.23,0.4,24494.89,Approved,Normal
TX502195,EMP10273,Vesting,2026-12-13,1579,65.58,UK,RSU,103550.82,0.2,20710.16,Approved,High Value
TX502196,EMP10328,Sale,2026-03-23,795,88.72,UK,Performance Share,70532.4,0.2,14106.48,Pending Review,Normal
TX502197,EMP10816,Vesting,2025-06-26,52,58.24,UK,RSU,3028.48,0.2,605.7,Approved,Normal
TX502198,EMP10600,Sale,2026-09-03,273,24.42,India,ESPP,6666.66,0.2,1333.33,Approved,Normal
TX502199,EMP10646,Sale,2025-06-14,1058,17.17,UK,ESPP,18165.86,0.2,3633.17,Approved,Normal
TX502200,EMP11464,Sale,2026-01-24,318,44.58,UK,Stock Option,14176.44,0.2,2835.29,Approved,Normal
TX502201,EMP10648,Grant,2025-04-02,436,56.28,Australia,Performance Share,24538.08,0.4,9815.23,Approved,Normal
TX502202,EMP11876,Cancellation,2026-02-13,641,93.6,Germany,ESPP,59997.6,0.2,11999.52,Approved,Normal
TX502203,EMP10951,Sale,2025-04-26,562,18.33,UK,RSU,10301.46,0.3,3090.44,Approved,Normal
TX502204,EMP10019,Vesting,2025-09-07,630,94.2,Germany,RSU,59346.0,0.3,17803.8,Approved,Normal
TX502205,EMP10137,Grant,2025-09-19,1040,21.66,Australia,Performance Share,22526.4,0.2,4505.28,Approved,Normal
TX502206,EMP11602,Sale,2026-01-12,1135,18.45,USA,ESPP,20940.75,0.4,8376.3,Approved,Normal
TX502207,EMP10256,Exercise,2025-07-15,1398,72.57,Singapore,Performance Share,101452.86,0.2,20290.57,Approved,High Value
TX502208,EMP10018,Vesting,2026-11-28,1600,64.29,India,ESPP,102864.0,0.3,30859.2,Approved,High Value
TX502209,EMP10852,Cancellation,2026-05-31,102,16.29,Singapore,Stock Option,1661.58,0.4,664.63,Approved,Normal
TX502210,EMP11660,Vesting,2026-12-06,1894,90.29,India,Performance Share,171009.26,0.45,76954.17,Approved,High Value
TX502211,EMP11665,Sale,2026-09-18,201,63.86,USA,RSU,12835.86,0.3,3850.76,Approved,Normal
TX502212,EMP11249,Cancellation,2025-06-12,276,12.5,USA,ESPP,3450.0,0.4,1380.0,Approved,Normal
TX502213,EMP11565,Sale,2026-12-24,630,45.33,India,RSU,28557.9,0.45,12851.06,Approved,Normal
TX502214,EMP10797,Grant,2026-01-18,2449,23.82,Singapore,Stock Option,58335.18,0.4,23334.07,Pending Review,Normal
TX502215,EMP11784,Cancellation,2026-06-27,435,93.53,UK,ESPP,40685.55,0.45,18308.5,Approved,Normal
TX502216,EMP10149,Vesting,2026-09-25,1270,27.5,UK,Performance Share,34925.0,0.4,13970.0,Approved,Normal
TX502217,EMP11335,Vesting,2025-03-26,1538,64.59,India,Performance Share,99339.42,0.2,19867.88,Approved,Normal
TX502218,EMP11785,Exercise,2026-10-21,1841,53.87,USA,Stock Option,99174.67,0.4,39669.87,Approved,Normal
TX502219,EMP10765,Exercise,2025-04-19,1185,32.78,Australia,RSU,38844.3,0.4,15537.72,Pending Review,Normal
TX502220,EMP11911,Sale,2026-02-27,861,29.57,UK,ESPP,25459.77,0.2,5091.95,Approved,Normal
TX502221,EMP11142,Cancellation,2025-01-07,526,12.75,India,RSU,6706.5,0.2,1341.3,Pending Review,Normal
TX502222,EMP11459,Cancellation,2025-08-06,1261,36.26,UK,Stock Option,45723.86,0.3,13717.16,Approved,Normal
TX502223,EMP11289,Vesting,2026-07-19,262,43.19,UK,RSU,11315.78,0.3,3394.73,Approved,Normal
TX502224,EMP10875,Exercise,2026-11-29,1797,6.46,UK,RSU,11608.62,0.2,2321.72,Approved,Normal
TX502225,EMP10323,Sale,2026-12-06,2482,36.99,India,RSU,91809.18,0.45,41314.13,Approved,Normal
TX502226,EMP10781,Exercise,2025-12-04,1686,47.69,USA,Performance Share,80405.34,0.2,16081.07,Approved,Normal
TX502227,EMP11961,Sale,2026-05-24,1253,28.84,Australia,Stock Option,36136.52,0.4,14454.61,Approved,Normal
TX502228,EMP11017,Vesting,2026-10-13,1365,12.47,Australia,Performance Share,17021.55,0.3,5106.46,Approved,Normal
TX502229,EMP10071,Sale,2026-03-16,1389,91.21,Australia,RSU,126690.69,0.2,25338.14,Approved,High Value
TX502230,EMP11320,Grant,2025-12-09,114,70.49,Australia,RSU,8035.86,0.3,2410.76,Approved,Normal
TX502231,EMP10966,Cancellation,2026-12-17,2302,29.11,India,ESPP,67011.22,0.3,20103.37,Approved,Normal
TX502232,EMP10923,Vesting,2026-01-11,2306,75.74,India,RSU,174656.44,0.45,78595.4,Approved,High Value
TX502233,EMP11242,Vesting,2025-11-30,2117,66.16,UK,RSU,140060.72,0.2,28012.14,Approved,High Value
TX502234,EMP10032,Exercise,2025-02-15,2409,93.32,India,Performance Share,224807.88,0.2,44961.58,Approved,High Value
TX502235,EMP11986,Vesting,2026-08-03,1749,16.1,India,Performance Share,28158.9,0.2,5631.78,Approved,Normal
TX502236,EMP10919,Grant,2025-04-19,1472,6.58,UK,RSU,9685.76,0.2,1937.15,Approved,Normal
TX502237,EMP11953,Grant,2026-05-23,1735,65.3,Australia,Stock Option,113295.5,0.2,22659.1,Approved,High Value
TX502238,EMP11572,Sale,2026-10-10,1507,45.97,Australia,RSU,69276.79,0.2,13855.36,Approved,Normal
TX502239,EMP11751,Exercise,2025-07-16,502,16.05,UK,Performance Share,8057.1,0.4,3222.84,Pending Review,Normal
TX502240,EMP10101,Cancellation,2025-10-26,1214,5.18,UK,Stock Option,6288.52,0.4,2515.41,Approved,Normal
TX502241,EMP11353,Cancellation,2026-09-12,1464,63.94,UK,Stock Option,93608.16,0.3,28082.45,Approved,Normal
TX502242,EMP11746,Exercise,2026-05-07,1531,47.19,Australia,RSU,72247.89,0.3,21674.37,Approved,Normal
TX502243,EMP10852,Vesting,2026-09-18,232,66.5,Singapore,Stock Option,15428.0,0.45,6942.6,Approved,Normal
TX502244,EMP11692,Exercise,2025-09-13,1841,27.36,USA,Stock Option,50369.76,0.3,15110.93,Approved,Normal
TX502245,EMP11957,Cancellation,2026-03-11,1577,89.06,UK,RSU,140447.62,0.45,63201.43,Pending Review,High Value
TX502246,EMP10124,Vesting,2025-03-29,1825,54.02,Singapore,ESPP,98586.5,0.3,29575.95,Approved,Normal
TX502247,EMP11929,Vesting,2026-09-02,178,32.43,India,Stock Option,5772.54,0.4,2309.02,Approved,Normal
TX502248,EMP11780,Exercise,2025-10-18,452,72.66,India,RSU,32842.32,0.2,6568.46,Approved,Normal
TX502249,EMP11820,Exercise,2025-08-15,530,27.56,India,Stock Option,14606.8,0.2,2921.36,Approved,Normal
TX502250,EMP11216,Exercise,2025-12-06,1223,11.48,Singapore,Performance Share,14040.04,0.3,4212.01,Approved,Normal
TX502251,EMP11052,Exercise,2025-08-19,98,73.32,India,RSU,7185.36,0.3,2155.61,Approved,Normal
TX502252,EMP10178,Exercise,2026-01-25,1860,8.23,India,RSU,15307.8,0.3,4592.34,Approved,Normal
TX502253,EMP11789,Grant,2026-03-18,447,57.15,USA,RSU,25546.05,0.2,5109.21,Pending Review,Normal
TX502254,EMP10549,Exercise,2025-01-23,998,77.01,Singapore,RSU,76855.98,0.45,34585.19,Approved,Normal
TX502255,EMP10519,Sale,2026-06-12,2445,41.81,India,Stock Option,102225.45,0.4,40890.18,Approved,High Value
TX502256,EMP10034,Sale,2025-07-21,530,46.67,India,ESPP,24735.1,0.4,9894.04,Pending Review,Normal
TX502257,EMP10252,Exercise,2026-01-26,1709,81.73,UK,Performance Share,139676.57,0.2,27935.31,Approved,High Value
TX502258,EMP11067,Grant,2026-03-27,542,90.18,UK,Stock Option,48877.56,0.4,19551.02,Approved,Normal
TX502259,EMP10767,Sale,2025-06-19,1469,50.54,Australia,ESPP,74243.26,0.4,29697.3,Approved,Normal
TX502260,EMP11179,Vesting,2025-07-15,1751,67.08,Singapore,RSU,117457.08,0.2,23491.42,Approved,High Value
TX502261,EMP11113,Vesting,2025-06-23,2153,89.47,India,RSU,192628.91,0.2,38525.78,Pending Review,High Value
TX502262,EMP11408,Vesting,2025-07-18,58,51.44,USA,ESPP,2983.52,0.4,1193.41,Approved,Normal
TX502263,EMP11428,Cancellation,2026-10-01,843,20.48,Singapore,RSU,17264.64,0.3,5179.39,Approved,Normal
TX502264,EMP11606,Sale,2026-02-05,1435,59.64,UK,RSU,85583.4,0.4,34233.36,Approved,Normal
TX502265,EMP10986,Sale,2025-05-10,814,45.99,Singapore,ESPP,37435.86,0.2,7487.17,Approved,Normal
TX502266,EMP11804,Grant,2025-12-31,249,90.41,USA,Stock Option,22512.09,0.4,9004.84,Approved,Normal
TX502267,EMP10819,Vesting,2025-06-24,235,53.55,Germany,ESPP,12584.25,0.3,0.0,Approved,Normal
TX502268,EMP10950,Vesting,2025-10-27,1459,86.3,USA,RSU,125911.7,0.4,50364.68,Approved,High Value
TX502269,EMP10355,Sale,2025-04-28,698,90.02,Singapore,Stock Option,62833.96,0.4,25133.58,Approved,Normal
TX502270,EMP11555,Grant,2026-10-19,434,15.29,India,RSU,6635.86,0.2,1327.17,Approved,Normal
TX502271,EMP11470,Exercise,2026-09-30,665,50.11,USA,RSU,33323.15,0.2,6664.63,Approved,Normal
TX502272,EMP11125,Vesting,2025-12-01,2174,64.68,USA,ESPP,140614.32,0.45,63276.44,Approved,High Value
TX502273,EMP10476,Vesting,2026-12-02,584,57.53,UK,RSU,33597.52,0.2,6719.5,Approved,Normal
TX502274,EMP10349,Cancellation,2025-10-10,1051,77.38,USA,RSU,81326.38,0.3,24397.91,Approved,Normal
TX502275,EMP10191,Grant,2026-10-16,467,73.96,UK,Performance Share,34539.32,0.2,6907.86,Approved,Normal
TX502276,EMP11213,Sale,2025-08-28,133,32.76,UK,ESPP,4357.08,0.2,871.42,Approved,Normal
TX502277,EMP11795,Grant,2026-09-17,113,92.39,India,ESPP,10440.07,0.4,4176.03,Approved,Normal
TX502278,EMP11610,Grant,2025-07-17,1214,31.61,Germany,Stock Option,38374.54,0.2,0.0,Approved,Normal
TX502279,EMP10332,Exercise,2025-02-27,715,36.63,USA,ESPP,26190.45,0.2,5238.09,Approved,Normal
TX502280,EMP11703,Sale,2026-10-08,2230,28.89,India,Performance Share,64424.7,0.3,19327.41,Approved,Normal
TX502281,EMP11479,Vesting,2025-08-18,2028,34.56,Germany,Stock Option,70087.68,0.2,14017.54,Approved,Normal
TX502282,EMP11489,Grant,2026-07-04,1612,9.98,UK,RSU,16087.76,0.3,4826.33,Pending Review,Normal
TX502283,EMP10069,Sale,2025-03-04,823,21.17,Australia,Stock Option,17422.91,0.45,7840.31,Approved,Normal
TX502284,EMP10386,Vesting,2026-04-16,375,59.64,USA,RSU,22365.0,0.3,6709.5,Approved,Normal
TX502285,EMP11183,Sale,2025-09-06,615,40.87,Germany,Performance Share,25135.05,0.2,5027.01,Pending Review,Normal
TX502286,EMP10648,Sale,2026-09-02,876,5.0,Australia,Performance Share,4380.0,0.2,876.0,Pending Review,Normal
TX502287,EMP11217,Sale,2025-05-25,1898,39.73,UK,RSU,75407.54,0.2,15081.51,Approved,Normal
TX502288,EMP10386,Vesting,2025-12-01,1515,44.32,USA,RSU,67144.8,0.2,13428.96,Approved,Normal
TX502289,EMP10260,Vesting,2026-06-26,1365,17.58,India,RSU,23996.7,0.45,10798.52,Approved,Normal
TX502290,EMP11334,Exercise,2026-06-21,1273,16.46,UK,RSU,20953.58,0.3,6286.07,Approved,Normal
TX502291,EMP11429,Cancellation,2025-03-27,2090,23.87,Germany,RSU,49888.3,0.3,14966.49,Approved,Normal
TX502292,EMP11699,Vesting,2026-05-31,2176,5.22,Germany,RSU,11358.72,0.3,3407.62,Approved,Normal
TX502293,EMP10663,Grant,2025-12-05,880,32.5,USA,RSU,28600.0,0.4,11440.0,Approved,Normal
TX502294,EMP11003,Grant,2026-10-31,102,40.86,India,RSU,4167.72,0.4,1667.09,Approved,Normal
TX502295,EMP11169,Sale,2025-10-26,845,48.47,USA,RSU,40957.15,0.4,16382.86,Approved,Normal
TX502296,EMP11390,Sale,2026-07-18,1410,67.96,India,Stock Option,95823.6,0.4,38329.44,Approved,Normal
TX502297,EMP10878,Sale,2025-05-13,1759,87.48,Australia,RSU,153877.32,0.2,30775.46,Approved,High Value
TX502298,EMP11599,Exercise,2025-04-27,897,66.51,Germany,Performance Share,59659.47,0.4,23863.79,Approved,Normal
TX502299,EMP11783,Exercise,2026-07-31,1731,55.19,Australia,RSU,95533.89,0.2,19106.78,Approved,Normal
TX502300,EMP10361,Cancellation,2026-02-01,2361,68.73,UK,ESPP,162271.53,0.2,32454.31,Approved,High Value
TX502301,EMP10661,Grant,2026-06-01,1694,65.68,UK,ESPP,111261.92,0.2,22252.38,Approved,High Value
TX502302,EMP10596,Grant,2026-06-02,454,9.51,Germany,RSU,4317.54,0.2,863.51,Pending Review,Normal
TX502303,EMP11414,Vesting,2026-02-15,2016,19.95,India,Performance Share,40219.2,0.3,12065.76,Approved,Normal
TX502304,EMP11639,Vesting,2026-07-09,1435,74.79,USA,RSU,107323.65,0.3,32197.09,Approved,High Value
TX502305,EMP10410,Vesting,2026-10-10,2424,94.53,India,RSU,229140.72,0.3,68742.22,Approved,High Value
TX502306,EMP11438,Grant,2025-04-24,1323,61.68,UK,Performance Share,81602.64,0.2,16320.53,Approved,Normal
TX502307,EMP10210,Sale,2025-02-11,517,15.09,UK,RSU,7801.53,0.2,1560.31,Approved,Normal
TX502308,EMP10545,Exercise,2026-01-07,775,12.47,UK,RSU,9664.25,0.2,1932.85,Approved,Normal
TX502309,EMP10373,Vesting,2026-05-29,1026,58.23,UK,Performance Share,59743.98,0.45,26884.79,Approved,Normal
TX502310,EMP10136,Exercise,2026-03-29,1118,42.46,USA,Stock Option,47470.28,0.3,14241.08,Approved,Normal
TX502311,EMP10378,Grant,2026-02-18,888,34.59,Germany,RSU,30715.92,0.2,6143.18,Approved,Normal
TX502312,EMP11307,Sale,2026-06-29,994,39.38,India,RSU,39143.72,0.3,11743.12,Approved,Normal
TX502313,EMP10568,Vesting,2026-02-03,333,48.41,UK,Performance Share,16120.53,0.2,3224.11,Approved,Normal
TX502314,EMP10254,Grant,2025-04-21,298,88.03,India,Stock Option,26232.94,0.3,7869.88,Approved,Normal
TX502315,EMP11504,Vesting,2025-11-24,1221,30.04,USA,ESPP,36678.84,0.4,14671.54,Approved,Normal
TX502316,EMP11861,Sale,2025-05-21,2335,71.31,India,Performance Share,166508.85,0.3,49952.66,Approved,High Value
TX502317,EMP11891,Sale,2026-12-23,1781,42.92,USA,RSU,76440.52,0.2,15288.1,Approved,Normal
TX502318,EMP11688,Grant,2026-08-07,1861,11.61,UK,ESPP,21606.21,0.2,4321.24,Approved,Normal
TX502319,EMP10351,Vesting,2025-02-21,2334,72.04,Singapore,Stock Option,168141.36,0.3,50442.41,Approved,High Value
TX502320,EMP10223,Cancellation,2025-05-07,2013,48.33,USA,Stock Option,97288.29,0.4,38915.32,Approved,Normal
TX502321,EMP11713,Exercise,2025-02-08,1119,89.7,USA,RSU,100374.3,0.2,20074.86,Approved,High Value
TX502322,EMP10784,Grant,2026-07-31,475,77.86,India,ESPP,36983.5,0.2,7396.7,Approved,Normal
TX502323,EMP10232,Exercise,2025-01-10,1942,91.94,UK,RSU,178547.48,0.45,80346.37,Approved,High Value
TX502324,EMP11197,Sale,2026-12-07,1480,35.29,USA,Stock Option,52229.2,0.3,15668.76,Approved,Normal
TX502325,EMP11363,Sale,2025-08-02,78,61.59,Australia,RSU,4804.02,0.3,1441.21,Approved,Normal
TX502326,EMP11280,Exercise,2025-09-26,1525,33.49,UK,RSU,51072.25,0.3,15321.68,Approved,Normal
TX502327,EMP11930,Sale,2026-06-26,2050,55.35,UK,ESPP,113467.5,0.45,51060.38,Approved,High Value
TX502328,EMP10704,Grant,2025-06-04,66,20.38,USA,RSU,1345.08,0.4,538.03,Approved,Normal
TX502329,EMP10619,Exercise,2025-01-11,324,42.16,UK,Stock Option,13659.84,0.3,4097.95,Approved,Normal
TX502330,EMP11170,Sale,2025-02-13,2138,58.36,USA,RSU,124773.68,0.3,37432.1,Approved,High Value
TX502331,EMP11450,Exercise,2026-09-24,1071,72.56,UK,ESPP,77711.76,0.2,15542.35,Approved,Normal
TX502332,EMP11966,Sale,2025-10-28,642,77.2,Australia,Performance Share,49562.4,0.3,14868.72,Pending Review,Normal
TX502333,EMP11010,Vesting,2025-03-23,2125,39.49,UK,RSU,83916.25,0.4,33566.5,Approved,Normal
TX502334,EMP10455,Vesting,2025-11-03,1074,75.04,Australia,ESPP,80592.96,0.2,16118.59,Approved,Normal
TX502335,EMP11575,Sale,2025-04-26,435,35.68,USA,RSU,15520.8,0.3,4656.24,Approved,Normal
TX502336,EMP10215,Vesting,2026-10-30,1310,40.26,UK,RSU,52740.6,0.3,15822.18,Approved,Normal
TX502337,EMP11369,Vesting,2026-02-17,2266,76.07,India,Stock Option,172374.62,0.45,77568.58,Approved,High Value
TX502338,EMP10644,Vesting,2025-10-31,299,79.78,Germany,Stock Option,23854.22,0.3,7156.27,Approved,Normal
TX502339,EMP10076,Sale,2026-08-12,2405,58.75,India,RSU,141293.75,0.45,63582.19,Approved,High Value
TX502340,EMP10999,Sale,2026-02-04,1008,74.47,USA,Stock Option,75065.76,0.3,22519.73,Approved,Normal
TX502341,EMP11085,Grant,2025-01-21,1058,86.45,USA,RSU,91464.1,0.2,18292.82,Approved,Normal
TX502342,EMP11678,Exercise,2025-10-26,493,94.56,UK,ESPP,46618.08,0.45,20978.14,Approved,Normal
TX502343,EMP10752,Exercise,2025-08-31,486,8.95,USA,RSU,4349.7,0.3,1304.91,Approved,Normal
TX502344,EMP10196,Exercise,2026-09-25,1721,32.09,India,Stock Option,55226.89,0.3,0.0,Approved,Normal
TX502345,EMP11558,Sale,2025-08-14,1018,14.69,India,Stock Option,14954.42,0.45,6729.49,Approved,Normal
TX502346,EMP10227,Grant,2026-05-02,2121,87.91,India,Stock Option,186457.11,0.2,37291.42,Approved,High Value
TX502347,EMP11608,Grant,2026-03-09,1854,29.97,UK,RSU,55564.38,0.2,11112.88,Approved,Normal
TX502348,EMP11161,Grant,2025-01-26,289,12.26,India,Performance Share,3543.14,0.2,708.63,Pending Review,Normal
TX502349,EMP10457,Cancellation,2025-05-06,1538,82.99,India,Stock Option,127638.62,0.3,38291.59,Approved,High Value
TX502350,EMP10626,Cancellation,2025-04-12,1332,27.02,UK,ESPP,35990.64,0.2,7198.13,Approved,Normal
TX502351,EMP10964,Grant,2025-01-17,865,59.4,India,RSU,51381.0,0.3,15414.3,Approved,Normal
TX502352,EMP11260,Vesting,2026-07-23,1217,68.66,USA,ESPP,83559.22,0.2,16711.84,Approved,Normal
TX502353,EMP10839,Sale,2025-01-01,1209,62.89,India,ESPP,76034.01,0.2,15206.8,Approved,Normal
TX502354,EMP10499,Vesting,2026-01-16,824,25.82,USA,RSU,21275.68,0.3,6382.7,Approved,Normal
TX502355,EMP11100,Exercise,2026-03-24,388,46.44,India,Performance Share,18018.72,0.3,5405.62,Approved,Normal
TX502356,EMP10441,Exercise,2025-11-17,545,42.87,UK,RSU,23364.15,0.2,4672.83,Approved,Normal
TX502357,EMP10812,Vesting,2026-03-03,1290,9.76,Singapore,Stock Option,12590.4,0.2,2518.08,Approved,Normal
TX502358,EMP11385,Grant,2025-09-13,2381,78.93,India,ESPP,187932.33,0.2,37586.47,Approved,High Value
TX502359,EMP11295,Cancellation,2026-05-11,632,49.21,UK,RSU,31100.72,0.45,13995.32,Approved,Normal
TX502360,EMP10164,Exercise,2026-08-26,1246,57.37,India,Performance Share,71483.02,0.2,14296.6,Approved,Normal
TX502361,EMP10603,Sale,2026-05-21,472,61.54,India,Performance Share,29046.88,0.4,11618.75,Approved,Normal
TX502362,EMP11890,Grant,2025-09-22,467,94.7,Singapore,ESPP,44224.9,0.4,17689.96,Approved,Normal
TX502363,EMP11178,Vesting,2026-12-23,2123,88.09,Germany,RSU,187015.07,0.2,37403.01,Approved,High Value
TX502364,EMP10324,Cancellation,2025-04-21,1712,30.32,Singapore,RSU,51907.84,0.3,15572.35,Approved,Normal
TX502365,EMP11294,Vesting,2025-02-21,1534,70.78,UK,Stock Option,108576.52,0.4,43430.61,Approved,High Value
TX502366,EMP10673,Sale,2026-05-11,1350,91.65,India,RSU,123727.5,0.4,49491.0,Approved,High Value
TX502367,EMP10509,Grant,2026-07-25,2139,75.25,India,Performance Share,160959.75,0.4,64383.9,Pending Review,High Value
TX502368,EMP11750,Vesting,2025-02-22,1458,6.89,UK,Performance Share,10045.62,0.4,4018.25,Approved,Normal
TX502369,EMP11319,Sale,2026-11-21,2455,33.11,UK,Performance Share,81285.05,0.45,36578.27,Approved,Normal
TX502370,EMP10404,Vesting,2025-10-03,823,16.1,India,ESPP,13250.3,0.3,3975.09,Approved,Normal
TX502371,EMP11316,Cancellation,2026-10-24,885,40.06,USA,Stock Option,35453.1,0.2,7090.62,Pending Review,Normal
TX502372,EMP10671,Vesting,2025-10-03,1940,36.84,Australia,Performance Share,71469.6,0.3,21440.88,Approved,Normal
TX502373,EMP10851,Sale,2026-12-10,838,30.75,UK,Performance Share,25768.5,0.2,5153.7,Pending Review,Normal
TX502374,EMP10161,Sale,2026-10-26,1232,29.54,UK,RSU,36393.28,0.3,10917.98,Approved,Normal
TX502375,EMP11586,Exercise,2025-12-19,493,27.18,Australia,Performance Share,13399.74,0.2,2679.95,Approved,Normal
TX502376,EMP10758,Exercise,2026-01-17,2103,79.75,UK,RSU,167714.25,0.3,50314.28,Approved,High Value
TX502377,EMP11994,Sale,2025-08-14,1370,77.07,Germany,Performance Share,105585.9,0.2,21117.18,Approved,High Value
TX502378,EMP10809,Grant,2026-02-10,126,53.16,USA,RSU,6698.16,0.3,2009.45,Approved,Normal
TX502379,EMP10143,Grant,2026-09-28,2358,35.1,UK,RSU,82765.8,0.2,16553.16,Approved,Normal
TX502380,EMP11261,Exercise,2025-12-07,724,68.17,USA,ESPP,49355.08,0.3,14806.52,Approved,Normal
TX502381,EMP11079,Cancellation,2026-11-02,2489,28.24,USA,Performance Share,70289.36,0.2,14057.87,Approved,Normal
TX502382,EMP10988,Exercise,2026-01-23,45,47.94,UK,Stock Option,2157.3,0.4,862.92,Approved,Normal
TX502383,EMP11409,Sale,2025-06-24,1690,34.11,UK,Stock Option,57645.9,0.2,11529.18,Approved,Normal
TX502384,EMP10586,Sale,2025-02-01,2311,88.46,USA,Performance Share,204431.06,0.3,61329.32,Approved,High Value
TX502385,EMP11564,Grant,2025-11-14,711,82.27,India,Stock Option,58493.97,0.45,26322.29,Approved,Normal
TX502386,EMP11136,Vesting,2025-02-15,1986,34.56,UK,Stock Option,68636.16,0.4,27454.46,Approved,Normal
TX502387,EMP10873,Grant,2026-10-01,77,55.7,Germany,Performance Share,4288.9,0.2,857.78,Approved,Normal
TX502388,EMP11747,Exercise,2025-10-28,1784,56.0,USA,RSU,99904.0,0.3,29971.2,Approved,Normal
TX502389,EMP10768,Grant,2026-04-02,2470,5.12,India,RSU,12646.4,0.45,5690.88,Approved,Normal
TX502390,EMP10904,Vesting,2025-06-01,1600,20.2,Singapore,Stock Option,32320.0,0.45,14544.0,Approved,Normal
TX502391,EMP11280,Exercise,2025-04-29,1617,29.41,UK,RSU,47555.97,0.3,14266.79,Approved,Normal
TX502392,EMP11097,Exercise,2025-08-06,2309,57.58,Germany,Performance Share,132952.22,0.45,59828.5,Approved,High Value
TX502393,EMP11505,Vesting,2025-12-22,1136,69.06,India,RSU,78452.16,0.2,15690.43,Approved,Normal
TX502394,EMP10324,Grant,2025-02-14,535,11.24,Singapore,RSU,6013.4,0.2,1202.68,Approved,Normal
TX502395,EMP11647,Sale,2026-08-08,333,33.89,India,RSU,11285.37,0.2,0.0,Approved,Normal
TX502396,EMP10355,Sale,2026-10-01,1138,11.93,Singapore,Stock Option,13576.34,0.3,4072.9,Approved,Normal
TX502397,EMP10873,Vesting,2026-06-24,769,61.08,Germany,Performance Share,46970.52,0.2,9394.1,Approved,Normal
TX502398,EMP11725,Exercise,2025-11-09,1420,91.32,USA,Stock Option,129674.4,0.2,25934.88,Approved,High Value
TX502399,EMP10706,Vesting,2025-02-11,855,58.19,Singapore,RSU,49752.45,0.3,14925.73,Approved,Normal
TX502400,EMP10216,Sale,2025-07-19,845,34.67,Germany,Stock Option,29296.15,0.4,11718.46,Approved,Normal
TX502401,EMP11679,Grant,2025-03-23,823,7.0,Australia,RSU,5761.0,0.2,1152.2,Approved,Normal
TX502402,EMP11637,Vesting,2026-05-28,744,77.42,USA,Performance Share,57600.48,0.3,17280.14,Approved,Normal
TX502403,EMP11547,Sale,2025-11-19,234,24.77,Australia,Stock Option,5796.18,0.3,1738.85,Approved,Normal
TX502404,EMP11422,Sale,2026-10-15,2451,6.43,Singapore,RSU,15759.93,0.3,4727.98,Approved,Normal
TX502405,EMP10904,Vesting,2025-06-04,1951,16.48,Singapore,Stock Option,32152.48,0.4,12860.99,Approved,Normal
TX502406,EMP11141,Cancellation,2025-08-16,1228,79.27,USA,RSU,97343.56,0.2,19468.71,Approved,Normal
TX502407,EMP10312,Vesting,2025-07-13,395,27.26,Australia,RSU,10767.7,0.2,2153.54,Approved,Normal
TX502408,EMP11615,Grant,2025-12-09,545,7.3,USA,RSU,3978.5,0.3,1193.55,Approved,Normal
TX502409,EMP10201,Grant,2025-01-18,2330,9.42,Singapore,RSU,21948.6,0.3,6584.58,Pending Review,Normal
TX502410,EMP10781,Sale,2026-01-19,1778,41.23,USA,Performance Share,73306.94,0.2,14661.39,Approved,Normal
TX502411,EMP10731,Grant,2025-05-09,2121,34.22,India,Performance Share,72580.62,0.2,0.0,Approved,Normal
TX502412,EMP10855,Vesting,2025-03-14,560,23.17,India,Performance Share,12975.2,0.45,5838.84,Approved,Normal
TX502413,EMP10419,Exercise,2025-02-16,2467,46.7,USA,RSU,115208.9,0.3,34562.67,Approved,High Value
TX502414,EMP10971,Exercise,2025-07-25,896,80.69,Australia,Stock Option,72298.24,0.4,28919.3,Approved,Normal
TX502415,EMP11236,Vesting,2025-05-01,1386,64.08,Australia,RSU,88814.88,0.4,35525.95,Approved,Normal
TX502416,EMP10792,Vesting,2025-10-10,405,85.67,Germany,ESPP,34696.35,0.3,10408.9,Approved,Normal
TX502417,EMP11442,Sale,2025-02-05,124,68.93,Singapore,ESPP,8547.32,0.3,2564.2,Approved,Normal
TX502418,EMP11840,Sale,2026-01-10,859,19.34,Singapore,RSU,16613.06,0.2,3322.61,Approved,Normal
TX502419,EMP10822,Vesting,2026-04-27,2436,24.84,Australia,RSU,60510.24,0.2,12102.05,Approved,Normal
TX502420,EMP11704,Exercise,2025-10-16,477,19.02,Singapore,Performance Share,9072.54,0.4,3629.02,Approved,Normal
TX502421,EMP11576,Vesting,2026-05-31,253,83.93,India,Performance Share,21234.29,0.3,6370.29,Approved,Normal
TX502422,EMP10808,Exercise,2025-09-21,2243,57.64,Singapore,RSU,129286.52,0.3,38785.96,Approved,High Value
TX502423,EMP11032,Grant,2026-02-15,2035,68.51,India,Performance Share,139417.85,0.3,41825.36,Approved,High Value
TX502424,EMP10656,Exercise,2026-11-13,1343,43.07,UK,ESPP,57843.01,0.3,17352.9,Approved,Normal
TX502425,EMP10677,Vesting,2026-04-01,633,84.18,India,RSU,53285.94,0.45,23978.67,Approved,Normal
TX502426,EMP10669,Vesting,2026-08-03,432,6.32,USA,Performance Share,2730.24,0.3,819.07,Approved,Normal
TX502427,EMP11924,Sale,2026-11-19,1137,75.95,India,RSU,86355.15,0.2,17271.03,Approved,Normal
TX502428,EMP10950,Vesting,2026-04-25,1466,86.0,USA,RSU,126076.0,0.45,56734.2,Approved,High Value
TX502429,EMP11922,Exercise,2025-05-07,824,21.42,USA,RSU,17650.08,0.45,7942.54,Approved,Normal
TX502430,EMP10266,Sale,2026-07-29,2274,15.16,India,Performance Share,34473.84,0.3,10342.15,Approved,Normal
TX502431,EMP10144,Grant,2026-02-26,2120,57.15,India,ESPP,121158.0,0.4,48463.2,Approved,High Value
TX502432,EMP11000,Grant,2026-04-09,469,10.81,UK,RSU,5069.89,0.2,1013.98,Approved,Normal
TX502433,EMP11572,Sale,2025-12-14,1207,34.92,Australia,RSU,42148.44,0.2,8429.69,Approved,Normal
TX502434,EMP11037,Sale,2026-08-26,1460,27.35,Singapore,ESPP,39931.0,0.45,0.0,Approved,Normal
TX502435,EMP10084,Vesting,2026-05-14,2068,37.65,Singapore,ESPP,77860.2,0.3,23358.06,Approved,Normal
TX502436,EMP11006,Sale,2025-12-06,2017,34.12,India,Stock Option,68820.04,0.45,30969.02,Approved,Normal
TX502437,EMP10623,Vesting,2026-08-21,1139,44.51,USA,RSU,50696.89,0.4,20278.76,Approved,Normal
TX502438,EMP10739,Sale,2026-10-22,1297,48.13,USA,RSU,62424.61,0.4,24969.84,Approved,Normal
TX502439,EMP11111,Vesting,2025-03-25,2096,36.67,UK,RSU,76860.32,0.3,23058.1,Pending Review,Normal
TX502440,EMP11849,Exercise,2026-01-08,1353,89.32,UK,RSU,120849.96,0.2,24169.99,Approved,High Value
TX502441,EMP11724,Grant,2025-09-26,750,49.91,India,RSU,37432.5,0.2,7486.5,Approved,Normal
TX502442,EMP10396,Exercise,2026-07-01,595,49.93,Germany,RSU,29708.35,0.3,8912.5,Approved,Normal
TX502443,EMP10191,Sale,2026-10-22,632,43.61,UK,Performance Share,27561.52,0.2,5512.3,Approved,Normal
TX502444,EMP11078,Sale,2026-01-11,2225,60.4,USA,RSU,134390.0,0.3,40317.0,Approved,High Value
TX502445,EMP10293,Exercise,2026-10-14,1324,53.35,UK,ESPP,70635.4,0.2,14127.08,Approved,Normal
TX502446,EMP10340,Grant,2025-06-16,1219,35.49,India,RSU,43262.31,0.4,17304.92,Approved,Normal
TX502447,EMP11651,Grant,2025-11-26,1520,90.37,UK,Performance Share,137362.4,0.2,27472.48,Approved,High Value
TX502448,EMP11331,Vesting,2026-02-08,193,9.59,Australia,RSU,1850.87,0.45,832.89,Approved,Normal
TX502449,EMP10125,Sale,2025-05-25,196,68.07,Australia,Stock Option,13341.72,0.45,6003.77,Approved,Normal
TX502450,EMP11636,Sale,2026-04-12,1880,72.17,Germany,ESPP,135679.6,0.2,27135.92,Approved,High Value
TX502451,EMP10803,Cancellation,2026-05-26,2030,54.79,UK,RSU,111223.7,0.3,33367.11,Approved,High Value
TX502452,EMP10581,Grant,2026-03-02,2267,17.17,UK,Performance Share,38924.39,0.2,7784.88,Approved,Normal
TX502453,EMP10736,Vesting,2025-08-10,1686,73.43,India,Performance Share,123802.98,0.3,37140.89,Approved,High Value
TX502454,EMP10182,Vesting,2026-12-21,185,69.83,India,Stock Option,12918.55,0.2,2583.71,Approved,Normal
TX502455,EMP10860,Vesting,2025-07-07,2113,7.59,India,ESPP,16037.67,0.45,7216.95,Approved,Normal
TX502456,EMP10544,Exercise,2026-10-27,1358,41.12,UK,RSU,55840.96,0.3,16752.29,Approved,Normal
TX502457,EMP11572,Vesting,2025-07-23,990,80.65,Australia,RSU,79843.5,0.3,23953.05,Approved,Normal
TX502458,EMP11871,Grant,2025-08-30,765,5.09,UK,Performance Share,3893.85,0.2,778.77,Approved,Normal
TX502459,EMP10227,Sale,2025-03-23,2251,9.38,India,Stock Option,21114.38,0.2,4222.88,Approved,Normal
TX502460,EMP11870,Sale,2026-10-17,1885,73.45,UK,ESPP,138453.25,0.3,41535.98,Approved,High Value
TX502461,EMP10266,Sale,2025-05-30,1546,34.71,India,Performance Share,53661.66,0.4,21464.66,Approved,Normal
TX502462,EMP10635,Grant,2026-01-19,1852,75.51,Australia,Stock Option,139844.52,0.3,41953.36,Approved,High Value
TX502463,EMP11643,Sale,2025-03-19,1311,81.43,India,ESPP,106754.73,0.2,21350.95,Approved,High Value
TX502464,EMP10388,Exercise,2025-05-29,725,56.2,India,RSU,40745.0,0.45,18335.25,Approved,Normal
TX502465,EMP11789,Grant,2025-10-16,631,6.99,USA,RSU,4410.69,0.3,1323.21,Approved,Normal
TX502466,EMP11627,Sale,2026-04-12,632,77.91,USA,RSU,49239.12,0.45,22157.6,Approved,Normal
TX502467,EMP11302,Vesting,2025-11-14,594,87.61,Singapore,Performance Share,52040.34,0.3,15612.1,Pending Review,Normal
TX502468,EMP11155,Grant,2025-08-01,1352,28.31,USA,RSU,38275.12,0.3,11482.54,Approved,Normal
TX502469,EMP11814,Vesting,2025-01-13,1587,82.89,India,RSU,131546.43,0.3,39463.93,Approved,High Value
TX502470,EMP10174,Vesting,2025-01-13,1351,35.1,UK,ESPP,47420.1,0.2,9484.02,Approved,Normal
TX502471,EMP11950,Cancellation,2025-04-11,2498,13.27,India,Performance Share,33148.46,0.3,9944.54,Approved,Normal
TX502472,EMP11874,Cancellation,2025-10-06,1521,71.45,Australia,RSU,108675.45,0.3,32602.64,Pending Review,High Value
TX502473,EMP11178,Sale,2026-10-26,329,90.84,Germany,RSU,29886.36,0.3,8965.91,Approved,Normal
TX502474,EMP10520,Vesting,2026-02-22,1918,9.52,UK,Stock Option,18259.36,0.3,5477.81,Approved,Normal
TX502475,EMP10105,Sale,2026-01-21,485,79.7,USA,Performance Share,38654.5,0.2,7730.9,Approved,Normal
TX502476,EMP11948,Grant,2025-10-26,1740,26.78,India,RSU,46597.2,0.45,20968.74,Pending Review,Normal
TX502477,EMP11415,Vesting,2025-09-05,2295,47.46,USA,Stock Option,108920.7,0.45,49014.32,Approved,High Value
TX502478,EMP11851,Sale,2025-10-13,1178,87.35,USA,RSU,102898.3,0.45,46304.24,Approved,High Value
TX502479,EMP11936,Vesting,2026-11-30,1637,20.65,USA,RSU,33804.05,0.45,15211.82,Approved,Normal
TX502480,EMP11525,Grant,2026-01-23,1208,75.79,Australia,ESPP,91554.32,0.4,36621.73,Approved,Normal
TX502481,EMP10212,Exercise,2025-01-23,119,13.27,Germany,RSU,1579.13,0.3,473.74,Approved,Normal
TX502482,EMP11693,Vesting,2026-12-29,1079,23.04,UK,ESPP,24860.16,0.4,9944.06,Approved,Normal
TX502483,EMP10817,Vesting,2026-09-03,606,37.29,Germany,Performance Share,22597.74,0.4,9039.1,Approved,Normal
TX502484,EMP10323,Sale,2025-10-26,904,40.43,India,RSU,36548.72,0.4,14619.49,Approved,Normal
TX502485,EMP11800,Grant,2026-07-14,1845,10.31,India,ESPP,19021.95,0.4,7608.78,Approved,Normal
TX502486,EMP10110,Grant,2026-09-29,369,19.79,India,RSU,7302.51,0.3,2190.75,Approved,Normal
TX502487,EMP11413,Exercise,2026-05-15,2266,32.18,India,Stock Option,72919.88,0.4,29167.95,Approved,Normal
TX502488,EMP11980,Grant,2025-11-10,167,69.39,India,Stock Option,11588.13,0.4,4635.25,Pending Review,Normal
TX502489,EMP11934,Vesting,2026-07-16,2155,12.59,UK,RSU,27131.45,0.2,5426.29,Approved,Normal
TX502490,EMP11167,Vesting,2026-07-06,1993,51.6,UK,ESPP,102838.8,0.4,41135.52,Approved,High Value
TX502491,EMP11460,Vesting,2026-12-29,1347,54.5,Germany,ESPP,73411.5,0.2,14682.3,Approved,Normal
TX502492,EMP11263,Sale,2025-09-18,605,36.19,India,RSU,21894.95,0.45,9852.73,Approved,Normal
TX502493,EMP10369,Sale,2026-07-14,2202,5.03,USA,RSU,11076.06,0.2,2215.21,Approved,Normal
TX502494,EMP11741,Exercise,2025-10-23,941,79.41,USA,Stock Option,74724.81,0.4,29889.92,Approved,Normal
TX502495,EMP11985,Grant,2025-08-08,369,47.28,India,Stock Option,17446.32,0.2,3489.26,Approved,Normal
TX502496,EMP10706,Grant,2025-02-08,1137,48.42,Singapore,RSU,55053.54,0.4,22021.42,Approved,Normal
TX502497,EMP10734,Sale,2026-12-12,1606,91.73,Singapore,Performance Share,147318.38,0.2,29463.68,Approved,High Value
TX502498,EMP10887,Sale,2025-07-05,2010,72.74,UK,Performance Share,146207.4,0.3,43862.22,Approved,High Value
TX502499,EMP10559,Sale,2026-05-15,366,67.19,UK,RSU,24591.54,0.45,11066.19,Approved,Normal
TX502500,EMP11284,Exercise,2025-04-04,1970,43.31,UK,ESPP,85320.7,0.2,17064.14,Approved,Normal
TX502501,EMP11211,Grant,2025-07-26,1624,46.04,Singapore,RSU,74768.96,0.2,14953.79,Approved,Normal
TX502502,EMP10621,Exercise,2026-03-22,163,11.81,USA,RSU,1925.03,0.4,770.01,Pending Review,Normal
TX502503,EMP11073,Grant,2025-05-01,1086,68.35,Singapore,Stock Option,74228.1,0.2,14845.62,Approved,Normal
TX502504,EMP11318,Vesting,2026-08-01,2167,74.1,USA,Performance Share,160574.7,0.2,32114.94,Approved,High Value
TX502505,EMP10448,Exercise,2026-12-14,1111,60.4,UK,Performance Share,67104.4,0.2,13420.88,Approved,Normal
TX502506,EMP10472,Vesting,2025-08-19,2361,78.74,UK,Performance Share,185905.14,0.4,74362.06,Pending Review,High Value
TX502507,EMP11391,Vesting,2025-09-11,1055,75.81,Australia,RSU,79979.55,0.4,31991.82,Approved,Normal
TX502508,EMP11273,Exercise,2025-01-08,699,56.39,UK,Stock Option,39416.61,0.2,7883.32,Approved,Normal
TX502509,EMP10764,Vesting,2025-09-03,1180,10.71,USA,RSU,12637.8,0.2,2527.56,Approved,Normal
TX502510,EMP10302,Grant,2025-08-13,323,19.17,India,Stock Option,6191.91,0.4,2476.76,Pending Review,Normal
TX502511,EMP11938,Cancellation,2025-07-04,1041,82.85,India,Stock Option,86246.85,0.2,17249.37,Approved,Normal
TX502512,EMP11371,Sale,2025-12-30,2176,44.41,India,RSU,96636.16,0.3,28990.85,Approved,Normal
TX502513,EMP11509,Sale,2026-05-26,742,40.05,India,Performance Share,29717.1,0.2,5943.42,Pending Review,Normal
TX502514,EMP10890,Vesting,2026-03-21,1977,14.91,USA,ESPP,29477.07,0.4,11790.83,Approved,Normal
TX502515,EMP10686,Sale,2025-05-17,2201,46.28,Australia,Stock Option,101862.28,0.45,45838.03,Approved,High Value
TX502516,EMP10855,Grant,2026-09-27,1366,82.62,India,Performance Share,112858.92,0.3,33857.68,Approved,High Value
TX502517,EMP10218,Vesting,2026-03-11,2444,87.43,USA,RSU,213678.92,0.2,42735.78,Approved,High Value
TX502518,EMP11447,Grant,2025-11-05,423,85.5,USA,Stock Option,36166.5,0.2,7233.3,Approved,Normal
TX502519,EMP11912,Grant,2026-11-30,67,77.26,USA,RSU,5176.42,0.3,1552.93,Approved,Normal
TX502520,EMP10260,Sale,2026-07-11,1123,24.72,India,RSU,27760.56,0.2,5552.11,Approved,Normal
TX502521,EMP11602,Exercise,2026-12-01,1760,77.35,USA,ESPP,136136.0,0.3,40840.8,Approved,High Value
TX502522,EMP11521,Vesting,2026-05-23,2032,15.82,UK,RSU,32146.24,0.3,9643.87,Approved,Normal
TX502523,EMP11813,Sale,2026-08-13,736,59.0,India,ESPP,43424.0,0.4,17369.6,Approved,Normal
TX502524,EMP11525,Sale,2026-05-19,1769,63.06,Australia,ESPP,111553.14,0.4,44621.26,Approved,High Value
TX502525,EMP11125,Vesting,2025-01-25,297,65.5,USA,ESPP,19453.5,0.3,5836.05,Approved,Normal
TX502526,EMP11186,Sale,2025-10-13,1989,59.83,USA,Stock Option,119001.87,0.3,35700.56,Pending Review,High Value
TX502527,EMP11740,Vesting,2025-02-01,863,66.86,UK,RSU,57700.18,0.45,25965.08,Approved,Normal
TX502528,EMP11394,Vesting,2025-04-24,95,7.48,Australia,ESPP,710.6,0.4,284.24,Approved,Normal
TX502529,EMP11457,Vesting,2025-05-01,2405,58.77,USA,Performance Share,141341.85,0.2,28268.37,Pending Review,High Value
TX502530,EMP11331,Cancellation,2026-01-26,1857,36.78,Australia,RSU,68300.46,0.45,30735.21,Approved,Normal
TX502531,EMP10557,Sale,2026-03-29,2345,14.3,UK,ESPP,33533.5,0.4,13413.4,Pending Review,Normal
TX502532,EMP11951,Vesting,2025-09-21,2301,31.82,India,ESPP,73217.82,0.4,29287.13,Approved,Normal
TX502533,EMP10835,Grant,2025-06-30,1696,66.52,Australia,Performance Share,112817.92,0.3,33845.38,Approved,High Value
TX502534,EMP10861,Grant,2026-09-13,919,36.5,USA,ESPP,33543.5,0.2,6708.7,Pending Review,Normal
TX502535,EMP10160,Sale,2025-04-09,96,65.62,UK,RSU,6299.52,0.4,2519.81,Approved,Normal
TX502536,EMP11145,Grant,2025-01-05,1125,15.83,UK,ESPP,17808.75,0.2,3561.75,Approved,Normal
TX502537,EMP10465,Sale,2025-11-09,1190,83.02,Australia,ESPP,98793.8,0.3,29638.14,Approved,Normal
TX502538,EMP10904,Vesting,2025-03-15,1129,52.73,Singapore,Stock Option,59532.17,0.2,11906.43,Approved,Normal
TX502539,EMP11561,Vesting,2026-01-16,605,31.85,Singapore,RSU,19269.25,0.2,3853.85,Approved,Normal
TX502540,EMP11932,Sale,2025-08-19,594,20.12,India,ESPP,11951.28,0.3,3585.38,Approved,Normal
TX502541,EMP10282,Vesting,2026-04-25,1748,72.75,Germany,RSU,127167.0,0.2,25433.4,Approved,High Value
TX502542,EMP11826,Exercise,2026-12-09,1726,13.17,Australia,RSU,22731.42,0.2,4546.28,Approved,Normal
TX502543,EMP11801,Grant,2026-01-05,1825,87.21,USA,ESPP,159158.25,0.3,47747.48,Approved,High Value
TX502544,EMP11638,Grant,2025-01-12,1442,71.7,Australia,ESPP,103391.4,0.3,31017.42,Approved,High Value
TX502545,EMP11965,Cancellation,2026-03-07,626,52.34,USA,RSU,32764.84,0.3,9829.45,Approved,Normal
TX502546,EMP11865,Vesting,2025-05-12,1162,90.56,UK,Performance Share,105230.72,0.4,42092.29,Approved,High Value
TX502547,EMP10735,Exercise,2026-11-06,1672,27.01,UK,Performance Share,45160.72,0.3,13548.22,Approved,Normal
TX502548,EMP10692,Exercise,2025-04-01,789,67.45,USA,Performance Share,53218.05,0.3,15965.42,Approved,Normal
TX502549,EMP10244,Exercise,2025-01-16,386,17.77,Australia,RSU,6859.22,0.3,2057.77,Approved,Normal
TX502550,EMP10304,Cancellation,2025-06-29,195,46.48,Germany,Stock Option,9063.6,0.4,3625.44,Approved,Normal
TX502551,EMP11506,Grant,2026-12-27,1519,12.44,India,Stock Option,18896.36,0.3,5668.91,Approved,Normal
TX502552,EMP10301,Cancellation,2026-07-21,1852,82.48,Germany,Performance Share,152752.96,0.45,68738.83,Pending Review,High Value
TX502553,EMP11192,Exercise,2026-08-18,2202,5.64,Germany,Performance Share,12419.28,0.2,2483.86,Approved,Normal
TX502554,EMP11783,Grant,2026-10-09,2271,58.48,Australia,RSU,132808.08,0.2,26561.62,Approved,High Value
TX502555,EMP10367,Grant,2026-06-23,1526,39.76,UK,RSU,60673.76,0.45,27303.19,Approved,Normal
TX502556,EMP10895,Vesting,2025-08-10,642,33.98,UK,RSU,21815.16,0.3,6544.55,Approved,Normal
TX502557,EMP10708,Sale,2026-11-08,2217,76.88,UK,Stock Option,170442.96,0.4,68177.18,Approved,High Value
TX502558,EMP11335,Exercise,2025-03-17,1903,91.79,India,Performance Share,174676.37,0.3,52402.91,Approved,High Value
TX502559,EMP11180,Exercise,2026-03-02,485,17.04,Australia,Stock Option,8264.4,0.4,3305.76,Approved,Normal
TX502560,EMP11918,Vesting,2026-03-01,980,72.81,UK,RSU,71353.8,0.3,21406.14,Approved,Normal
TX502561,EMP11797,Cancellation,2025-04-29,221,68.12,India,Stock Option,15054.52,0.2,3010.9,Approved,Normal
TX502562,EMP10007,Sale,2025-04-20,1875,40.45,India,ESPP,75843.75,0.4,30337.5,Approved,Normal
TX502563,EMP10531,Exercise,2026-07-13,955,19.87,USA,ESPP,18975.85,0.4,7590.34,Approved,Normal
TX502564,EMP10226,Exercise,2026-01-12,1251,25.89,India,ESPP,32388.39,0.2,6477.68,Approved,Normal
TX502565,EMP11311,Sale,2026-01-20,996,60.74,Germany,Stock Option,60497.04,0.45,27223.67,Approved,Normal
TX502566,EMP11742,Vesting,2025-06-29,2349,45.0,India,ESPP,105705.0,0.3,31711.5,Approved,High Value
TX502567,EMP10045,Vesting,2025-10-18,838,68.43,India,RSU,57344.34,0.3,17203.3,Approved,Normal
TX502568,EMP11900,Vesting,2026-10-18,1051,39.17,India,Performance Share,41167.67,0.3,12350.3,Approved,Normal
TX502569,EMP10624,Grant,2026-06-09,1849,52.98,UK,Performance Share,97960.02,0.45,44082.01,Pending Review,Normal
TX502570,EMP11672,Grant,2025-08-14,2160,54.5,Germany,Stock Option,117720.0,0.45,52974.0,Approved,High Value
TX502571,EMP10726,Cancellation,2025-02-01,513,12.98,UK,RSU,6658.74,0.2,1331.75,Pending Review,Normal
TX502572,EMP10951,Sale,2026-08-12,54,65.01,UK,RSU,3510.54,0.3,1053.16,Approved,Normal
TX502573,EMP11851,Grant,2025-04-15,1954,60.24,USA,RSU,117708.96,0.2,23541.79,Approved,High Value
TX502574,EMP10285,Sale,2025-11-25,701,85.86,Germany,Performance Share,60187.86,0.2,12037.57,Approved,Normal
TX502575,EMP11409,Vesting,2025-09-15,541,38.21,UK,Stock Option,20671.61,0.3,6201.48,Approved,Normal
TX502576,EMP11417,Exercise,2025-10-03,1355,26.87,UK,RSU,36408.85,0.3,10922.66,Approved,Normal
TX502577,EMP10941,Grant,2026-09-19,1887,93.27,USA,RSU,176000.49,0.4,70400.2,Approved,High Value
TX502578,EMP11851,Grant,2026-10-25,813,18.99,USA,RSU,15438.87,0.45,6947.49,Approved,Normal
TX502579,EMP10825,Grant,2025-09-05,403,62.76,UK,RSU,25292.28,0.2,5058.46,Approved,Normal
TX502580,EMP11475,Cancellation,2025-10-06,2057,67.07,Germany,Performance Share,137962.99,0.2,27592.6,Pending Review,High Value
TX502581,EMP11861,Grant,2025-01-23,397,44.95,India,Performance Share,17845.15,0.4,7138.06,Approved,Normal
TX502582,EMP11573,Cancellation,2026-07-09,1915,25.83,India,ESPP,49464.45,0.45,22259.0,Approved,Normal
TX502583,EMP10198,Cancellation,2025-02-09,617,42.28,India,Performance Share,26086.76,0.2,5217.35,Approved,Normal
TX502584,EMP10504,Vesting,2025-03-08,1939,80.94,Germany,RSU,156942.66,0.4,62777.06,Pending Review,High Value
TX502585,EMP10561,Vesting,2026-03-11,2124,74.37,India,RSU,157961.88,0.4,63184.75,Pending Review,High Value
TX502586,EMP10584,Exercise,2026-05-11,779,51.18,India,RSU,39869.22,0.4,15947.69,Approved,Normal
TX502587,EMP11385,Sale,2025-05-21,807,90.91,India,ESPP,73364.37,0.4,29345.75,Approved,Normal
TX502588,EMP11816,Grant,2026-05-02,2104,53.27,Germany,Stock Option,112080.08,0.3,33624.02,Pending Review,High Value
TX502589,EMP10263,Vesting,2025-10-25,1661,73.0,UK,ESPP,121253.0,0.4,48501.2,Approved,High Value
TX502590,EMP10604,Cancellation,2025-09-14,2032,62.42,India,ESPP,126837.44,0.2,25367.49,Approved,High Value
TX502591,EMP11487,Cancellation,2025-12-03,1018,50.95,India,ESPP,51867.1,0.45,23340.2,Approved,Normal
TX502592,EMP10028,Exercise,2026-06-02,754,37.88,Singapore,RSU,28561.52,0.4,11424.61,Approved,Normal
TX502593,EMP11575,Vesting,2026-03-07,249,61.21,USA,RSU,15241.29,0.3,4572.39,Approved,Normal
TX502594,EMP11793,Exercise,2026-03-09,2254,6.0,India,RSU,13524.0,0.2,2704.8,Approved,Normal
TX502595,EMP10758,Exercise,2025-12-24,1384,74.3,UK,RSU,102831.2,0.4,41132.48,Approved,High Value
TX502596,EMP10521,Sale,2026-08-21,648,14.05,USA,ESPP,9104.4,0.4,3641.76,Approved,Normal
TX502597,EMP10046,Sale,2025-10-17,1470,90.32,USA,Performance Share,132770.4,0.45,59746.68,Approved,High Value
TX502598,EMP10796,Grant,2025-03-31,2251,91.82,Germany,Stock Option,206686.82,0.4,82674.73,Approved,High Value
TX502599,EMP11984,Vesting,2025-09-25,261,19.5,India,Performance Share,5089.5,0.3,1526.85,Approved,Normal
TX502600,EMP11425,Exercise,2026-10-29,2447,10.44,UK,RSU,25546.68,0.4,10218.67,Approved,Normal
TX502601,EMP11525,Sale,2026-09-04,1816,31.23,Australia,ESPP,56713.68,0.4,22685.47,Approved,Normal
TX502602,EMP10019,Exercise,2026-12-18,2334,72.01,Germany,RSU,168071.34,0.3,50421.4,Pending Review,High Value
TX502603,EMP11607,Grant,2026-04-30,2423,92.09,UK,ESPP,223134.07,0.3,66940.22,Approved,High Value
TX502604,EMP10500,Exercise,2025-08-06,1738,84.38,India,ESPP,146652.44,0.3,43995.73,Approved,High Value
TX502605,EMP10720,Vesting,2026-10-24,182,37.31,Germany,ESPP,6790.42,0.2,1358.08,Approved,Normal
TX502606,EMP10663,Sale,2025-07-09,1671,66.05,USA,RSU,110369.55,0.4,44147.82,Approved,High Value
TX502607,EMP10680,Sale,2025-07-29,1942,15.78,India,ESPP,30644.76,0.4,12257.9,Approved,Normal
TX502608,EMP10072,Exercise,2025-12-02,1142,19.44,UK,RSU,22200.48,0.2,4440.1,Approved,Normal
TX502609,EMP10875,Grant,2025-09-25,983,9.27,UK,RSU,9112.41,0.3,2733.72,Approved,Normal
TX502610,EMP11521,Exercise,2025-04-08,949,62.18,UK,RSU,59008.82,0.2,11801.76,Approved,Normal
TX502611,EMP10579,Exercise,2025-04-19,742,73.79,Singapore,RSU,54752.18,0.4,21900.87,Pending Review,Normal
TX502612,EMP11707,Sale,2026-12-17,1683,78.89,India,RSU,132771.87,0.4,53108.75,Approved,High Value
TX502613,EMP11014,Sale,2025-07-13,366,81.34,India,Performance Share,29770.44,0.4,11908.18,Pending Review,Normal
TX502614,EMP11439,Cancellation,2026-05-20,60,46.95,India,RSU,2817.0,0.4,1126.8,Approved,Normal
TX502615,EMP10406,Sale,2025-02-13,1057,89.48,UK,RSU,94580.36,0.4,37832.14,Approved,Normal
TX502616,EMP10842,Vesting,2025-10-10,1427,9.35,India,ESPP,13342.45,0.45,6004.1,Approved,Normal
TX502617,EMP10864,Vesting,2025-03-08,1528,84.61,India,RSU,129284.08,0.45,58177.84,Approved,High Value
TX502618,EMP11485,Exercise,2025-03-15,700,94.13,India,Stock Option,65891.0,0.2,13178.2,Pending Review,Normal
TX502619,EMP10836,Grant,2025-02-27,2210,37.51,UK,Stock Option,82897.1,0.45,37303.7,Pending Review,Normal
TX502620,EMP11620,Grant,2026-06-01,40,67.85,India,Performance Share,2714.0,0.4,1085.6,Approved,Normal
TX502621,EMP10701,Grant,2026-09-05,909,21.69,UK,Stock Option,19716.21,0.2,3943.24,Approved,Normal
TX502622,EMP10067,Sale,2025-10-01,697,21.52,Germany,RSU,14999.44,0.45,6749.75,Pending Review,Normal
TX502623,EMP10629,Sale,2025-08-14,1336,53.31,India,ESPP,71222.16,0.3,21366.65,Approved,Normal
TX502624,EMP10205,Cancellation,2025-11-17,1507,45.53,USA,RSU,68613.71,0.2,13722.74,Approved,Normal
TX502625,EMP11353,Sale,2026-08-06,101,12.71,UK,Stock Option,1283.71,0.2,256.74,Approved,Normal
TX502626,EMP10600,Vesting,2026-07-01,1798,43.94,India,ESPP,79004.12,0.2,15800.82,Approved,Normal
TX502627,EMP10853,Vesting,2026-12-10,542,24.27,India,RSU,13154.34,0.4,0.0,Approved,Normal
TX502628,EMP11130,Grant,2025-09-01,76,89.22,Singapore,Stock Option,6780.72,0.3,2034.22,Approved,Normal
TX502629,EMP11701,Vesting,2025-01-20,765,61.52,USA,Stock Option,47062.8,0.45,21178.26,Approved,Normal
TX502630,EMP11433,Grant,2026-02-17,75,65.45,UK,RSU,4908.75,0.3,1472.62,Approved,Normal
TX502631,EMP10145,Cancellation,2025-04-26,2120,82.67,Singapore,ESPP,175260.4,0.3,52578.12,Approved,High Value
TX502632,EMP11963,Sale,2026-12-21,1230,47.02,Australia,ESPP,57834.6,0.3,17350.38,Approved,Normal
TX502633,EMP11752,Sale,2025-04-23,304,20.99,USA,RSU,6380.96,0.45,2871.43,Approved,Normal
TX502634,EMP10176,Sale,2025-05-30,1897,16.66,UK,RSU,31604.02,0.2,6320.8,Approved,Normal
TX502635,EMP10258,Vesting,2025-02-26,1180,52.14,Australia,RSU,61525.2,0.3,18457.56,Approved,Normal
TX502636,EMP10513,Grant,2026-07-22,2246,84.97,India,ESPP,190842.62,0.4,0.0,Approved,High Value
TX502637,EMP10818,Grant,2025-05-23,176,60.75,Australia,RSU,10692.0,0.2,2138.4,Approved,Normal
TX502638,EMP11728,Vesting,2025-04-30,1910,64.04,USA,ESPP,122316.4,0.2,24463.28,Approved,High Value
TX502639,EMP11427,Sale,2026-06-14,1182,35.98,Singapore,RSU,42528.36,0.4,17011.34,Approved,Normal
TX502640,EMP11725,Vesting,2025-03-01,2124,65.54,USA,Stock Option,139206.96,0.3,41762.09,Approved,High Value
TX502641,EMP10263,Sale,2026-04-24,1964,66.17,UK,ESPP,129957.88,0.3,38987.36,Approved,High Value
TX502642,EMP11189,Sale,2025-12-21,2349,16.27,UK,Performance Share,38218.23,0.2,7643.65,Approved,Normal
TX502643,EMP11102,Grant,2025-06-02,1243,91.82,UK,ESPP,114132.26,0.3,34239.68,Approved,High Value
TX502644,EMP10768,Sale,2025-10-07,1852,77.46,India,RSU,143455.92,0.4,57382.37,Approved,High Value
TX502645,EMP10619,Vesting,2025-05-14,1615,71.7,UK,Stock Option,115795.5,0.4,46318.2,Approved,High Value
TX502646,EMP11621,Grant,2026-12-17,1607,89.68,India,RSU,144115.76,0.45,64852.09,Pending Review,High Value
TX502647,EMP10902,Grant,2026-03-15,736,55.87,UK,Stock Option,41120.32,0.3,12336.1,Approved,Normal
TX502648,EMP10404,Cancellation,2026-09-06,459,26.02,India,ESPP,11943.18,0.45,5374.43,Approved,Normal
TX502649,EMP10281,Grant,2026-08-12,1080,81.18,UK,RSU,87674.4,0.4,35069.76,Approved,Normal
TX502650,EMP11982,Cancellation,2025-02-27,1338,72.19,USA,Performance Share,96590.22,0.2,19318.04,Approved,Normal
TX502651,EMP11863,Grant,2026-05-11,1545,35.8,Germany,Performance Share,55311.0,0.2,11062.2,Approved,Normal
TX502652,EMP10928,Sale,2025-02-13,414,70.67,India,RSU,29257.38,0.2,5851.48,Approved,Normal
TX502653,EMP10425,Vesting,2026-05-18,1515,21.43,Germany,Performance Share,32466.45,0.3,9739.94,Approved,Normal
TX502654,EMP10685,Cancellation,2026-11-28,1672,12.59,Germany,RSU,21050.48,0.4,8420.19,Approved,Normal
TX502655,EMP11385,Cancellation,2026-02-20,1329,59.7,India,ESPP,79341.3,0.4,31736.52,Pending Review,Normal
TX502656,EMP11271,Sale,2026-12-26,1940,79.22,UK,RSU,153686.8,0.2,30737.36,Approved,High Value
TX502657,EMP10706,Cancellation,2025-01-30,1357,16.39,Singapore,RSU,22241.23,0.2,4448.25,Approved,Normal
TX502658,EMP11279,Vesting,2026-07-11,2092,58.54,Australia,ESPP,122465.68,0.2,24493.14,Approved,High Value
TX502659,EMP10164,Vesting,2026-06-14,1856,41.34,India,Performance Share,76727.04,0.2,15345.41,Approved,Normal
TX502660,EMP10663,Grant,2026-01-09,1410,88.77,USA,RSU,125165.7,0.2,25033.14,Approved,High Value
TX502661,EMP10953,Grant,2026-06-11,1378,17.93,Germany,ESPP,24707.54,0.2,4941.51,Approved,Normal
TX502662,EMP10060,Vesting,2025-08-20,1561,87.56,USA,ESPP,136681.16,0.45,61506.52,Approved,High Value
TX502663,EMP10700,Grant,2025-02-02,-63,15.03,India,ESPP,18486.9,0.2,3697.38,Approved,Normal
TX502664,EMP11596,Grant,2025-02-02,1769,67.18,India,ESPP,118841.42,0.45,53478.64,Approved,High Value
TX502665,EMP11361,Exercise,2026-10-14,2323,12.82,India,Stock Option,29780.86,0.4,0.0,Approved,Normal
TX502666,EMP11142,Exercise,2026-05-24,2188,77.34,India,RSU,169219.92,0.2,33843.98,Approved,High Value
TX502667,EMP10899,Exercise,2025-05-26,1397,20.02,India,ESPP,27967.94,0.2,5593.59,Approved,Normal
TX502668,EMP11001,Exercise,2025-04-06,1280,22.07,UK,RSU,28249.6,0.2,5649.92,Pending Review,Normal
TX502669,EMP10614,Sale,2025-04-24,1078,66.96,USA,ESPP,72182.88,0.3,21654.86,Approved,Normal
TX502670,EMP11285,Vesting,2026-12-08,505,22.88,Singapore,RSU,11554.4,0.2,2310.88,Approved,Normal
TX502671,EMP11963,Grant,2025-11-27,1485,84.53,Australia,ESPP,125527.05,0.2,25105.41,Approved,High Value
TX502672,EMP10753,Grant,2026-08-08,1697,63.33,UK,Stock Option,107471.01,0.3,32241.3,Approved,High Value
TX502673,EMP11201,Cancellation,2025-09-13,328,27.03,USA,RSU,8865.84,0.3,2659.75,Approved,Normal
TX502674,EMP10369,Cancellation,2025-10-14,1603,24.87,USA,RSU,39866.61,0.2,7973.32,Approved,Normal
TX502675,EMP10156,Sale,2025-02-24,1706,59.91,India,Stock Option,102206.46,0.2,20441.29,Approved,High Value
TX502676,EMP11534,Vesting,2025-02-14,1732,30.84,Germany,RSU,53414.88,0.2,10682.98,Approved,Normal
TX502677,EMP10408,Vesting,2025-03-31,677,65.1,Australia,Performance Share,44072.7,0.3,13221.81,Approved,Normal
TX502678,EMP11744,Grant,2025-12-03,1764,69.51,UK,RSU,122615.64,0.4,49046.26,Approved,High Value
TX502679,EMP11734,Sale,2026-06-14,1533,54.26,India,RSU,83180.58,0.4,33272.23,Approved,Normal
TX502680,EMP11577,Sale,2026-05-11,1310,34.02,UK,RSU,44566.2,0.2,8913.24,Approved,Normal
TX502681,EMP11129,Vesting,2025-07-07,445,14.68,UK,RSU,6532.6,0.2,1306.52,Pending Review,Normal
TX502682,EMP11558,Vesting,2025-05-12,1327,67.46,India,Stock Option,89519.42,0.2,17903.88,Approved,Normal
TX502683,EMP11143,Vesting,2026-02-07,2060,62.7,Germany,Performance Share,129162.0,0.4,51664.8,Approved,High Value
TX502684,EMP10582,Grant,2026-11-24,718,31.08,Singapore,Performance Share,22315.44,0.45,10041.95,Approved,Normal
TX502685,EMP11606,Vesting,2026-06-25,2094,33.51,UK,RSU,70169.94,0.4,28067.98,Approved,Normal
TX502686,EMP11775,Cancellation,2026-03-26,1581,61.98,Australia,Performance Share,97990.38,0.4,39196.15,Approved,Normal
TX502687,EMP10698,Sale,2026-10-09,1669,22.63,Germany,Performance Share,37769.47,0.2,7553.89,Approved,Normal
TX502688,EMP10385,Sale,2025-01-11,1328,21.97,India,RSU,29176.16,0.4,11670.46,Approved,Normal
TX502689,EMP10021,Grant,2026-07-02,1347,16.36,USA,RSU,22036.92,0.4,8814.77,Approved,Normal
TX502690,EMP11581,Vesting,2025-01-04,199,85.54,UK,RSU,17022.46,0.3,5106.74,Approved,Normal
TX502691,EMP10667,Sale,2025-07-12,1212,60.65,USA,Performance Share,73507.8,0.3,22052.34,Approved,Normal
TX502692,EMP10081,Vesting,2025-08-09,153,50.9,UK,Performance Share,7787.7,0.2,1557.54,Approved,Normal
TX502693,EMP10244,Vesting,2026-09-15,1307,47.77,Australia,RSU,62435.39,0.3,18730.62,Approved,Normal
TX502694,EMP11861,Grant,2026-07-07,352,44.89,India,Performance Share,15801.28,0.3,4740.38,Approved,Normal
TX502695,EMP10834,Vesting,2026-03-14,2342,7.19,USA,RSU,16838.98,0.45,7577.54,Approved,Normal
TX502696,EMP10730,Cancellation,2025-12-12,697,82.57,UK,ESPP,57551.29,0.3,17265.39,Approved,Normal
TX502697,EMP11403,Vesting,2025-11-20,773,67.29,USA,RSU,52015.17,0.3,15604.55,Approved,Normal
TX502698,EMP10671,Grant,2025-10-05,190,68.47,Australia,Performance Share,13009.3,0.2,2601.86,Approved,Normal
TX502699,EMP10553,Sale,2026-10-31,2466,49.2,India,ESPP,121327.2,0.4,48530.88,Approved,High Value
TX502700,EMP10002,Exercise,2026-11-08,206,20.61,Singapore,RSU,4245.66,0.45,1910.55,Approved,Normal
TX502701,EMP11283,Grant,2025-08-09,1014,24.75,UK,RSU,25096.5,0.3,7528.95,Approved,Normal
TX502702,EMP10129,Vesting,2025-09-08,1922,68.61,Germany,Stock Option,131868.42,0.2,26373.68,Approved,High Value
TX502703,EMP11082,Vesting,2025-01-05,181,61.23,Singapore,Performance Share,11082.63,0.45,4987.18,Approved,Normal
TX502704,EMP11026,Exercise,2026-04-22,1398,58.85,USA,ESPP,82272.3,0.4,32908.92,Approved,Normal
TX502705,EMP10164,Vesting,2026-02-14,1915,38.34,India,Performance Share,73421.1,0.3,22026.33,Approved,Normal
TX502706,EMP11568,Sale,2025-03-27,594,68.93,Germany,ESPP,40944.42,0.2,8188.88,Approved,Normal
TX502707,EMP11767,Vesting,2026-06-10,379,22.69,Singapore,ESPP,8599.51,0.4,3439.8,Approved,Normal
TX502708,EMP11307,Grant,2026-02-23,1577,13.25,India,RSU,20895.25,0.3,6268.58,Approved,Normal
TX502709,EMP11606,Vesting,2026-07-20,729,45.03,UK,RSU,32826.87,0.45,14772.09,Approved,Normal
TX502710,EMP11270,Vesting,2026-01-08,582,10.79,Australia,ESPP,6279.78,0.3,1883.93,Approved,Normal
TX502711,EMP11662,Vesting,2025-07-23,1447,59.25,Germany,Performance Share,85734.75,0.3,25720.42,Approved,Normal
TX502712,EMP10288,Vesting,2025-09-02,2233,35.91,USA,RSU,80187.03,0.2,16037.41,Approved,Normal
TX502713,EMP11875,Vesting,2025-12-01,2127,58.48,Australia,Performance Share,124386.96,0.3,37316.09,Approved,High Value
TX502714,EMP10308,Vesting,2026-04-17,497,22.88,Australia,RSU,11371.36,0.2,2274.27,Approved,Normal
TX502715,EMP11705,Grant,2026-01-22,1871,15.2,Singapore,ESPP,28439.2,0.2,5687.84,Approved,Normal
TX502716,EMP10534,Sale,2025-03-16,780,11.3,USA,ESPP,8814.0,0.4,3525.6,Approved,Normal
TX502717,EMP10024,Exercise,2025-07-22,844,46.91,USA,Performance Share,39592.04,0.2,7918.41,Approved,Normal
TX502718,EMP10953,Sale,2025-08-23,2368,9.9,Germany,ESPP,23443.2,0.4,9377.28,Approved,Normal
TX502719,EMP11661,Cancellation,2026-01-09,1591,89.82,UK,RSU,142903.62,0.2,28580.72,Approved,High Value
TX502720,EMP10389,Sale,2025-02-16,808,86.84,Germany,ESPP,70166.72,0.2,14033.34,Approved,Normal
TX502721,EMP10663,Sale,2025-04-10,513,37.36,USA,RSU,19165.68,0.2,3833.14,Approved,Normal
TX502722,EMP11210,Grant,2026-01-15,767,18.33,USA,RSU,14059.11,0.2,2811.82,Approved,Normal
TX502723,EMP10295,Vesting,2025-09-13,463,40.73,Germany,RSU,18857.99,0.3,5657.4,Approved,Normal
TX502724,EMP10824,Sale,2026-03-30,705,37.3,USA,RSU,26296.5,0.3,7888.95,Approved,Normal
TX502725,EMP11121,Grant,2026-03-11,139,61.85,UK,ESPP,8597.15,0.4,3438.86,Approved,Normal
TX502726,EMP10274,Grant,2025-06-07,623,55.33,Germany,RSU,34470.59,0.4,13788.24,Approved,Normal
TX502727,EMP10219,Exercise,2026-03-08,535,12.57,Singapore,RSU,6724.95,0.45,3026.23,Approved,Normal
TX502728,EMP11020,Exercise,2025-05-15,1115,26.37,UK,RSU,29402.55,0.3,8820.76,Approved,Normal
TX502729,EMP11238,Exercise,2025-08-31,1046,32.56,UK,ESPP,34057.76,0.2,6811.55,Approved,Normal
TX502730,EMP11175,Cancellation,2026-05-04,1745,15.39,India,RSU,26855.55,0.4,10742.22,Approved,Normal
TX502731,EMP10214,Sale,2026-04-02,456,8.9,USA,Stock Option,4058.4,0.4,1623.36,Approved,Normal
TX502732,EMP10882,Grant,2025-01-08,864,71.17,UK,RSU,61490.88,0.45,27670.9,Approved,Normal
TX502733,EMP11043,Grant,2025-04-06,347,34.52,India,RSU,11978.44,0.3,3593.53,Approved,Normal
TX502734,EMP10064,Grant,2026-11-09,1821,45.85,India,ESPP,83492.85,0.4,33397.14,Approved,Normal
TX502735,EMP10040,Sale,2026-10-10,1291,73.55,UK,ESPP,94953.05,0.4,37981.22,Approved,Normal
TX502736,EMP10385,Exercise,2025-01-29,1271,82.93,India,RSU,105404.03,0.2,21080.81,Approved,High Value
TX502737,EMP11075,Sale,2025-10-08,988,11.7,India,ESPP,11559.6,0.4,4623.84,Approved,Normal
TX502738,EMP10200,Cancellation,2026-03-02,1731,79.81,USA,Performance Share,138151.11,0.3,41445.33,Approved,High Value
TX502739,EMP10851,Vesting,2025-07-02,1944,49.78,UK,Performance Share,96772.32,0.2,19354.46,Approved,Normal
TX502740,EMP10170,Cancellation,2025-11-19,704,91.59,UK,RSU,64479.36,0.4,25791.74,Approved,Normal
TX502741,EMP11094,Exercise,2025-05-24,584,10.26,USA,Performance Share,5991.84,0.4,2396.74,Approved,Normal
TX502742,EMP11708,Sale,2025-04-15,1973,24.72,UK,Stock Option,48772.56,0.3,14631.77,Approved,Normal
TX502743,EMP10578,Sale,2026-03-04,933,29.72,USA,ESPP,27728.76,0.3,8318.63,Approved,Normal
TX502744,EMP11242,Exercise,2026-06-03,2276,58.45,UK,RSU,133032.2,0.3,39909.66,Approved,High Value
TX502745,EMP10058,Vesting,2025-11-08,1380,29.64,USA,Stock Option,40903.2,0.3,12270.96,Approved,Normal
TX502746,EMP10654,Vesting,2025-06-24,800,31.7,Germany,Performance Share,25360.0,0.2,5072.0,Approved,Normal
TX502747,EMP11782,Sale,2026-08-12,1874,35.92,Australia,ESPP,67314.08,0.2,13462.82,Approved,Normal
TX502748,EMP11390,Sale,2026-06-05,1107,79.61,India,Stock Option,88128.27,0.2,17625.65,Approved,Normal
TX502749,EMP10560,Vesting,2025-01-13,1290,62.73,UK,RSU,80921.7,0.3,24276.51,Pending Review,Normal
TX502750,EMP10859,Sale,2026-06-12,1077,29.96,UK,RSU,32266.92,0.3,9680.08,Approved,Normal
TX502751,EMP10640,Vesting,2025-05-24,354,54.03,UK,Stock Option,19126.62,0.2,3825.32,Pending Review,Normal
TX502752,EMP11699,Exercise,2025-01-12,1827,25.64,Germany,RSU,46844.28,0.4,18737.71,Approved,Normal
TX502753,EMP11956,Cancellation,2025-08-01,573,7.94,India,Stock Option,4549.62,0.2,909.92,Approved,Normal
TX502754,EMP10537,Vesting,2025-05-07,1653,39.22,India,RSU,64830.66,0.4,25932.26,Approved,Normal
TX502755,EMP10537,Sale,2026-12-03,767,35.51,India,RSU,27236.17,0.2,5447.23,Approved,Normal
TX502756,EMP10987,Vesting,2026-10-07,1377,83.95,USA,Performance Share,115599.15,0.45,52019.62,Approved,High Value
TX502757,EMP10588,Cancellation,2025-05-08,1445,22.27,Australia,ESPP,32180.15,0.4,12872.06,Approved,Normal
TX502758,EMP10632,Grant,2026-10-10,725,68.64,USA,ESPP,49764.0,0.3,14929.2,Pending Review,Normal
TX502759,EMP11151,Exercise,2025-04-10,2089,8.8,India,RSU,18383.2,0.3,5514.96,Approved,Normal
TX502760,EMP11686,Cancellation,2025-01-08,1939,59.64,UK,RSU,115641.96,0.45,52038.88,Approved,High Value
TX502761,EMP10629,Sale,2026-09-17,2152,43.05,India,ESPP,92643.6,0.2,18528.72,Approved,Normal
TX502762,EMP11899,Grant,2025-06-30,699,93.49,UK,ESPP,65349.51,0.3,19604.85,Pending Review,Normal
TX502763,EMP11375,Exercise,2026-09-14,34,80.76,India,Performance Share,2745.84,0.2,549.17,Approved,Normal
TX502764,EMP11168,Sale,2026-07-20,1285,6.61,UK,RSU,8493.85,0.2,1698.77,Approved,Normal
TX502765,EMP10152,Sale,2025-11-24,2027,78.95,USA,RSU,160031.65,0.4,64012.66,Approved,High Value
TX502766,EMP10976,Exercise,2025-04-16,899,69.32,UK,RSU,62318.68,0.4,24927.47,Approved,Normal
TX502767,EMP10268,Vesting,2026-11-07,1741,52.92,India,RSU,92133.72,0.3,27640.12,Pending Review,Normal
TX502768,EMP11654,Exercise,2026-05-28,1463,57.06,India,RSU,83478.78,0.3,25043.63,Approved,Normal
TX502769,EMP10661,Grant,2026-09-06,873,83.31,UK,ESPP,72729.63,0.2,14545.93,Approved,Normal
TX502770,EMP10341,Vesting,2025-02-01,354,75.01,Germany,Performance Share,26553.54,0.3,7966.06,Approved,Normal
TX502771,EMP11828,Grant,2026-09-17,303,8.32,India,ESPP,2520.96,0.4,1008.38,Approved,Normal
TX502772,EMP11975,Cancellation,2026-08-25,1980,73.99,India,RSU,146500.2,0.2,29300.04,Approved,High Value
TX502773,EMP10721,Sale,2026-03-04,409,70.87,UK,RSU,28985.83,0.4,11594.33,Approved,Normal
TX502774,EMP11810,Sale,2026-05-28,2231,87.67,India,RSU,195591.77,0.3,58677.53,Approved,High Value
TX502775,EMP11752,Grant,2026-07-09,298,81.2,USA,RSU,24197.6,0.45,10888.92,Pending Review,Normal
TX502776,EMP10168,Exercise,2025-11-07,2422,10.51,Australia,Stock Option,25455.22,0.3,7636.57,Approved,Normal
TX502777,EMP11127,Grant,2025-05-24,1009,81.73,India,ESPP,82465.57,0.3,24739.67,Approved,Normal
TX502778,EMP11831,Exercise,2026-12-31,2262,19.93,Australia,Performance Share,45081.66,0.45,20286.75,Pending Review,Normal
TX502779,EMP10961,Exercise,2025-03-03,1248,44.52,Germany,ESPP,55560.96,0.2,11112.19,Approved,Normal
TX502780,EMP11604,Grant,2025-09-04,539,86.02,Australia,RSU,46364.78,0.4,18545.91,Approved,Normal
TX502781,EMP11751,Vesting,2025-07-08,2097,32.52,UK,Performance Share,68194.44,0.4,27277.78,Approved,Normal
TX502782,EMP10871,Grant,2026-10-24,1270,92.54,UK,RSU,117525.8,0.2,23505.16,Approved,High Value
TX502783,EMP10589,Sale,2026-06-16,2351,28.87,USA,Performance Share,67873.37,0.2,13574.67,Approved,Normal
TX502784,EMP10541,Vesting,2026-11-17,1472,30.21,USA,RSU,44469.12,0.4,17787.65,Approved,Normal
TX502785,EMP11356,Sale,2026-12-03,1188,68.6,USA,Performance Share,81496.8,0.2,16299.36,Approved,Normal
TX502786,EMP10309,Vesting,2025-04-26,1455,88.97,Australia,RSU,129451.35,0.3,38835.4,Approved,High Value
TX502787,EMP10359,Grant,2026-08-24,1633,88.26,Singapore,Performance Share,144128.58,0.3,43238.57,Approved,High Value
TX502788,EMP10730,Vesting,2025-04-11,1470,17.18,UK,ESPP,25254.6,0.2,5050.92,Approved,Normal
TX502789,EMP10795,Vesting,2026-05-10,1564,26.0,USA,ESPP,40664.0,0.3,12199.2,Approved,Normal
TX502790,EMP11155,Grant,2026-03-30,1655,18.21,USA,RSU,30137.55,0.2,6027.51,Pending Review,Normal
TX502791,EMP11498,Exercise,2026-12-17,915,25.64,Australia,ESPP,23460.6,0.45,10557.27,Approved,Normal
TX502792,EMP10419,Sale,2025-01-30,2165,51.15,USA,RSU,110739.75,0.3,33221.92,Approved,High Value
TX502793,EMP10771,Vesting,2025-03-04,411,81.45,Singapore,RSU,33475.95,0.3,10042.78,Pending Review,Normal
TX502794,EMP10121,Vesting,2026-09-15,1050,48.36,UK,RSU,50778.0,0.4,20311.2,Approved,Normal
TX502795,EMP11067,Grant,2026-01-15,284,81.76,UK,Stock Option,23219.84,0.2,4643.97,Approved,Normal
TX502796,EMP99999,Exercise,2026-05-30,1665,13.53,UK,Performance Share,22527.45,0.3,6758.24,Approved,Normal
TX502797,EMP11950,Exercise,2025-10-16,1002,27.99,India,Performance Share,28045.98,0.4,11218.39,Pending Review,Normal
TX502798,EMP11520,Exercise,2025-04-14,1877,40.64,India,RSU,76281.28,0.3,22884.38,Approved,Normal
TX502799,EMP11573,Sale,2026-02-06,212,74.65,India,ESPP,15825.8,0.3,4747.74,Approved,Normal
TX502800,EMP11114,Grant,2025-04-04,1458,86.61,UK,RSU,126277.38,0.4,50510.95,Approved,High Value
TX502801,EMP11751,Vesting,2025-10-26,1988,77.05,UK,Performance Share,153175.4,0.4,61270.16,Pending Review,High Value
TX502802,EMP11248,Vesting,2025-06-22,1331,70.59,UK,RSU,93955.29,0.2,18791.06,Approved,Normal
TX502803,EMP11029,Grant,2025-05-08,436,17.97,USA,Performance Share,7834.92,0.2,1566.98,Pending Review,Normal
TX502804,EMP11264,Grant,2025-01-14,2385,45.18,Germany,Performance Share,107754.3,0.2,21550.86,Approved,High Value
TX502805,EMP10799,Grant,2026-11-21,1488,25.61,Germany,Stock Option,38107.68,0.2,7621.54,Approved,Normal
TX502806,EMP11301,Cancellation,2025-12-08,33,54.99,USA,Performance Share,1814.67,0.2,362.93,Approved,Normal
TX502807,EMP11985,Grant,2026-02-24,2111,77.34,India,Stock Option,163264.74,0.4,65305.9,Approved,High Value
TX502808,EMP11953,Exercise,2026-01-29,1429,80.13,Australia,Stock Option,114505.77,0.2,22901.15,Approved,High Value
TX502809,EMP11842,Cancellation,2026-07-15,934,45.6,India,RSU,42590.4,0.4,17036.16,Approved,Normal
TX502810,EMP10455,Vesting,2026-04-09,2165,59.53,Australia,ESPP,128882.45,0.2,25776.49,Approved,High Value
TX502811,EMP11400,Sale,2026-08-23,779,37.7,UK,RSU,29368.3,0.3,8810.49,Approved,Normal
TX502812,EMP10280,Vesting,2026-01-17,2021,35.29,Singapore,Stock Option,71321.09,0.2,14264.22,Approved,Normal
TX502813,EMP11923,Grant,2026-06-26,1566,28.11,India,Performance Share,44020.26,0.2,8804.05,Approved,Normal
TX502814,EMP11496,Cancellation,2025-11-05,664,37.65,India,ESPP,24999.6,0.3,7499.88,Approved,Normal
TX502815,EMP11492,Exercise,2026-06-22,583,71.19,India,ESPP,41503.77,0.2,8300.75,Pending Review,Normal
TX502816,EMP11338,Vesting,2025-11-18,762,81.11,India,Performance Share,61805.82,0.2,12361.16,Approved,Normal
TX502817,EMP11173,Sale,2026-04-29,2209,87.72,UK,RSU,193773.48,0.2,38754.7,Approved,High Value
TX502818,EMP11303,Vesting,2026-10-25,1995,22.59,India,Performance Share,45067.05,0.2,9013.41,Approved,Normal
TX502819,EMP10564,Vesting,2026-04-20,1059,47.43,India,RSU,50228.37,0.3,15068.51,Approved,Normal
TX502820,EMP10916,Exercise,2026-08-15,2309,73.85,India,RSU,170519.65,0.3,51155.9,Approved,High Value
TX502821,EMP11468,Vesting,2026-08-26,448,90.96,Singapore,Stock Option,40750.08,0.45,18337.54,Approved,Normal
TX502822,EMP10773,Grant,2025-02-16,1059,83.56,India,Performance Share,88490.04,0.3,26547.01,Approved,Normal
TX502823,EMP11268,Vesting,2026-03-19,2499,79.17,UK,Performance Share,197845.83,0.3,59353.75,Approved,High Value
TX502824,EMP10355,Vesting,2025-07-14,306,86.95,Singapore,Stock Option,26606.7,0.4,10642.68,Pending Review,Normal
TX502825,EMP11334,Vesting,2025-01-28,2047,41.04,UK,RSU,84008.88,0.3,25202.66,Approved,Normal
TX502826,EMP10026,Sale,2026-05-18,1822,83.24,UK,RSU,151663.28,0.4,60665.31,Approved,High Value
TX502827,EMP10454,Grant,2025-07-03,412,24.46,UK,RSU,10077.52,0.4,4031.01,Approved,Normal
TX502828,EMP11930,Sale,2025-10-14,1744,81.0,UK,ESPP,141264.0,0.3,42379.2,Pending Review,High Value
TX502829,EMP11342,Cancellation,2026-03-19,271,37.79,UK,RSU,10241.09,0.2,2048.22,Approved,Normal
TX502830,EMP11747,Sale,2025-07-04,107,47.3,USA,RSU,5061.1,0.3,1518.33,Approved,Normal
TX502831,EMP11644,Exercise,2025-08-03,2235,35.94,India,RSU,80325.9,0.4,32130.36,Approved,Normal
TX502832,EMP11711,Exercise,2026-01-16,252,5.98,India,RSU,1506.96,0.3,452.09,Approved,Normal
TX502833,EMP10455,Vesting,2025-05-28,2261,47.03,Australia,ESPP,106334.83,0.2,21266.97,Approved,High Value
TX502834,EMP11454,Exercise,2026-02-28,1880,90.18,Germany,Stock Option,169538.4,0.2,33907.68,Approved,High Value
TX502835,EMP11050,Sale,2025-04-20,722,38.7,UK,RSU,27941.4,0.4,11176.56,Pending Review,Normal
TX502836,EMP11230,Vesting,2026-08-06,663,53.01,India,RSU,35145.63,0.4,14058.25,Approved,Normal
TX502837,EMP11300,Sale,2025-01-03,649,60.2,USA,RSU,39069.8,0.2,7813.96,Approved,Normal
TX502838,EMP11321,Sale,2025-08-29,2053,73.4,USA,RSU,150690.2,0.2,30138.04,Approved,High Value
TX502839,EMP11575,Vesting,2026-07-08,2147,9.36,USA,RSU,20095.92,0.4,8038.37,Pending Review,Normal
TX502840,EMP10548,Sale,2026-06-28,1371,18.15,UK,RSU,24883.65,0.3,7465.1,Approved,Normal
TX502841,EMP11133,Vesting,2025-04-11,583,84.71,UK,RSU,49385.93,0.4,19754.37,Pending Review,Normal
TX502842,EMP10815,Vesting,2026-01-14,1317,34.63,India,RSU,45607.71,0.2,9121.54,Approved,Normal
TX502843,EMP10032,Cancellation,2026-12-05,1777,29.77,India,Performance Share,52901.29,0.2,10580.26,Approved,Normal
TX502844,EMP11325,Exercise,2025-11-08,230,90.98,UK,ESPP,20925.4,0.45,9416.43,Approved,Normal
TX502845,EMP11143,Exercise,2026-06-26,973,38.06,Germany,Performance Share,37032.38,0.2,7406.48,Approved,Normal
TX502846,EMP10466,Sale,2025-08-15,2203,82.22,UK,Performance Share,181130.66,0.45,81508.8,Approved,High Value
TX502847,EMP10833,Sale,2026-08-07,1862,93.84,UK,RSU,174730.08,0.2,34946.02,Approved,High Value
TX502848,EMP10037,Vesting,2026-12-25,236,63.36,Singapore,RSU,14952.96,0.45,6728.83,Approved,Normal
TX502849,EMP11503,Sale,2026-08-19,1233,9.99,UK,Stock Option,12317.67,0.3,3695.3,Approved,Normal
TX502850,EMP10151,Grant,2026-09-24,43,29.46,UK,RSU,1266.78,0.4,506.71,Approved,Normal
TX502851,EMP10136,Vesting,2025-10-22,1322,34.11,USA,Stock Option,45093.42,0.2,9018.68,Approved,Normal
TX502852,EMP10415,Grant,2026-04-29,2104,80.27,India,Stock Option,168888.08,0.2,33777.62,Pending Review,High Value
TX502853,EMP10450,Sale,2026-03-04,2172,43.61,USA,Performance Share,94720.92,0.4,37888.37,Approved,Normal
TX502854,EMP10480,Grant,2026-03-06,2368,32.18,UK,RSU,76202.24,0.4,30480.9,Approved,Normal
TX502855,EMP10444,Vesting,2025-10-21,2413,27.47,USA,RSU,66285.11,0.2,13257.02,Approved,Normal
TX502856,EMP11392,Grant,2026-09-27,2100,66.27,India,Performance Share,139167.0,0.3,41750.1,Approved,High Value
TX502857,EMP11314,Sale,2025-05-22,256,82.79,UK,RSU,21194.24,0.4,8477.7,Pending Review,Normal
TX502858,EMP11798,Exercise,2025-09-26,1166,70.93,Singapore,RSU,82704.38,0.3,24811.31,Approved,Normal
TX502859,EMP11784,Cancellation,2025-06-06,1822,49.89,UK,ESPP,90899.58,0.2,18179.92,Approved,Normal
TX502860,EMP11962,Grant,2026-03-24,1555,93.52,India,ESPP,145423.6,0.4,58169.44,Approved,High Value
TX502861,EMP10754,Sale,2026-08-03,832,63.17,India,Performance Share,52557.44,0.2,10511.49,Approved,Normal
TX502862,EMP99999,Vesting,2025-07-21,1516,87.88,India,Performance Share,133226.08,0.45,59951.74,Approved,High Value
TX502863,EMP10170,Cancellation,2026-10-08,433,27.89,UK,RSU,12076.37,0.4,4830.55,Approved,Normal
TX502864,EMP11594,Grant,2025-10-18,2221,81.66,UK,Performance Share,181366.86,0.4,72546.74,Approved,High Value
TX502865,EMP10710,Sale,2026-03-11,2248,61.83,UK,Performance Share,138993.84,0.2,27798.77,Approved,High Value
TX502866,EMP10732,Sale,2025-09-22,987,49.57,Germany,RSU,48925.59,0.2,9785.12,Approved,Normal
TX502867,EMP10832,Sale,2025-01-15,1925,52.13,UK,ESPP,100350.25,0.2,20070.05,Approved,High Value
TX502868,EMP11097,Sale,2025-11-19,1504,58.33,Germany,Performance Share,87728.32,0.3,26318.5,Approved,Normal
TX502869,EMP10138,Vesting,2025-07-07,527,73.39,UK,RSU,38676.53,0.45,17404.44,Approved,Normal
TX502870,EMP10976,Exercise,2025-07-03,1937,24.45,UK,RSU,47359.65,0.2,9471.93,Approved,Normal
TX502871,EMP10537,Sale,2025-06-27,1231,90.14,India,RSU,110962.34,0.2,22192.47,Approved,High Value
TX502872,EMP11880,Vesting,2025-12-27,843,48.19,Australia,Performance Share,40624.17,0.2,8124.83,Approved,Normal
TX502873,EMP11739,Sale,2026-05-29,92,24.32,UK,RSU,2237.44,0.3,671.23,Approved,Normal
TX502874,EMP10498,Vesting,2026-12-04,132,22.08,India,ESPP,2914.56,0.2,582.91,Approved,Normal
TX502875,EMP11013,Vesting,2025-05-04,424,14.98,Australia,ESPP,6351.52,0.4,2540.61,Approved,Normal
TX502876,EMP11129,Sale,2026-12-20,2387,66.18,UK,RSU,157971.66,0.2,31594.33,Pending Review,High Value
TX502877,EMP11989,Vesting,2025-05-12,2145,22.82,Germany,Stock Option,48948.9,0.2,9789.78,Approved,Normal
TX502878,EMP11326,Exercise,2026-12-30,335,94.96,Singapore,Performance Share,31811.6,0.2,6362.32,Approved,Normal
TX502879,EMP10679,Sale,2026-06-10,1009,24.31,India,RSU,24528.79,0.4,9811.52,Approved,Normal
TX502880,EMP10578,Sale,2025-06-10,2328,11.48,USA,ESPP,26725.44,0.4,10690.18,Approved,Normal
TX502881,EMP10871,Grant,2026-06-25,2149,35.38,UK,RSU,76031.62,0.4,30412.65,Approved,Normal
TX502882,EMP10557,Vesting,2026-11-13,1848,88.05,UK,ESPP,162716.4,0.2,32543.28,Approved,High Value
TX502883,EMP11192,Vesting,2025-11-13,1382,42.96,Germany,Performance Share,59370.72,0.3,17811.22,Approved,Normal
TX502884,EMP11959,Vesting,2025-05-25,2487,85.94,India,ESPP,213732.78,0.4,85493.11,Approved,High Value
TX502885,EMP11830,Grant,2025-02-06,1277,46.26,India,RSU,59074.02,0.2,11814.8,Approved,Normal
TX502886,EMP11109,Sale,2026-08-14,1370,65.07,UK,Performance Share,89145.9,0.2,17829.18,Approved,Normal
TX502887,EMP11880,Vesting,2025-08-06,1901,79.79,Australia,Performance Share,151680.79,0.4,60672.32,Pending Review,High Value
TX502888,EMP11041,Grant,2025-03-31,426,29.74,Singapore,RSU,12669.24,0.4,5067.7,Approved,Normal
TX502889,EMP11656,Exercise,2025-08-28,2195,6.79,India,Stock Option,14904.05,0.2,2980.81,Approved,Normal
TX502890,EMP10332,Cancellation,2026-12-13,2091,58.66,USA,ESPP,122658.06,0.3,36797.42,Approved,High Value
TX502891,EMP10679,Grant,2025-08-29,2254,53.92,India,RSU,121535.68,0.4,48614.27,Approved,High Value
TX502892,EMP10002,Grant,2025-05-21,655,61.93,Singapore,RSU,40564.15,0.4,16225.66,Approved,Normal
TX502893,EMP10679,Sale,2025-05-01,2222,34.0,India,RSU,75548.0,0.3,22664.4,Approved,Normal
TX502894,EMP11508,Vesting,2025-09-09,498,63.32,India,RSU,31533.36,0.2,6306.67,Approved,Normal
TX502895,EMP10846,Sale,2025-04-26,1799,9.58,Singapore,ESPP,17234.42,0.3,5170.33,Approved,Normal
TX502896,EMP10670,Grant,2026-04-07,137,91.95,Singapore,RSU,12597.15,0.2,2519.43,Approved,Normal
TX502897,EMP11783,Grant,2026-12-19,2357,70.05,Australia,RSU,165107.85,0.2,33021.57,Approved,High Value
TX502898,EMP10778,Sale,2026-03-13,955,23.01,India,ESPP,21974.55,0.3,6592.36,Approved,Normal
TX502899,EMP11387,Vesting,2025-04-14,2200,52.74,India,RSU,116028.0,0.45,52212.6,Approved,High Value
TX502900,EMP10831,Grant,2026-05-06,2177,83.74,India,Stock Option,182301.98,0.2,36460.4,Approved,High Value
TX502901,EMP10238,Vesting,2025-06-24,1356,5.52,India,Performance Share,7485.12,0.3,2245.54,Approved,Normal
TX502902,EMP10163,Sale,2026-12-23,1210,24.68,Germany,ESPP,29862.8,0.3,8958.84,Approved,Normal
TX502903,EMP10189,Cancellation,2026-05-04,239,65.99,Germany,Stock Option,15771.61,0.45,7097.22,Approved,Normal
TX502904,EMP10951,Vesting,2025-09-22,34,76.45,UK,RSU,2599.3,0.4,1039.72,Approved,Normal
TX502905,EMP10401,Vesting,2025-01-30,95,29.74,Singapore,Performance Share,2825.3,0.2,565.06,Approved,Normal
TX502906,EMP11336,Sale,2025-02-13,1089,76.11,India,RSU,82883.79,0.3,24865.14,Approved,Normal
TX502907,EMP11314,Exercise,2026-04-02,601,65.72,UK,RSU,39497.72,0.4,15799.09,Approved,Normal
TX502908,EMP11340,Sale,2025-06-11,2399,9.34,UK,Stock Option,22406.66,0.2,4481.33,Approved,Normal
TX502909,EMP11716,Sale,2026-10-29,185,18.24,Singapore,RSU,3374.4,0.2,674.88,Approved,Normal
TX502910,EMP10345,Cancellation,2026-11-23,1149,35.1,UK,RSU,40329.9,0.2,8065.98,Approved,Normal
TX502911,EMP10998,Grant,2026-02-10,1946,91.09,USA,RSU,177261.14,0.2,35452.23,Pending Review,High Value
TX502912,EMP10763,Cancellation,2025-10-28,701,5.37,USA,Performance Share,3764.37,0.2,752.87,Approved,Normal
TX502913,EMP11181,Exercise,2025-04-24,755,26.12,UK,RSU,19720.6,0.3,5916.18,Approved,Normal
TX502914,EMP10813,Cancellation,2025-11-25,1246,60.73,USA,Stock Option,75669.58,0.45,34051.31,Approved,Normal
TX502915,EMP10219,Vesting,2025-01-16,2362,90.88,Singapore,RSU,214658.56,0.2,42931.71,Approved,High Value
TX502916,EMP10369,Grant,2026-05-07,736,91.12,USA,RSU,67064.32,0.2,13412.86,Approved,Normal
TX502917,EMP10746,Grant,2026-07-27,2499,90.14,India,Stock Option,225259.86,0.4,90103.94,Approved,High Value
TX502918,EMP10364,Cancellation,2026-02-11,1554,78.02,USA,ESPP,121243.08,0.2,24248.62,Approved,High Value
TX502919,EMP11346,Exercise,2026-09-07,2255,68.3,UK,Stock Option,154016.5,0.4,61606.6,Approved,High Value
TX502920,EMP10119,Sale,2026-10-03,161,20.72,USA,ESPP,3335.92,0.45,1501.16,Approved,Normal
TX502921,EMP10653,Grant,2026-12-26,2308,80.65,UK,ESPP,186140.2,0.45,83763.09,Approved,High Value
TX502922,EMP11675,Grant,2026-10-11,313,57.07,UK,RSU,17862.91,0.2,3572.58,Approved,Normal
TX502923,EMP10060,Vesting,2026-09-04,852,21.88,USA,ESPP,18641.76,0.3,5592.53,Approved,Normal
TX502924,EMP11100,Grant,2026-07-22,2033,71.33,India,Performance Share,145013.89,0.3,43504.17,Approved,High Value
TX502925,EMP11893,Vesting,2026-07-18,337,92.34,Singapore,RSU,31118.58,0.3,9335.57,Approved,Normal
TX502926,EMP10105,Grant,2026-07-03,346,29.07,USA,Performance Share,10058.22,0.3,3017.47,Pending Review,Normal
TX502927,EMP11780,Vesting,2026-09-20,1280,25.75,India,RSU,32960.0,0.45,14832.0,Approved,Normal
TX502928,EMP10128,Vesting,2025-02-04,405,74.64,Singapore,RSU,30229.2,0.2,6045.84,Approved,Normal
TX502929,EMP10450,Exercise,2025-01-17,1558,83.88,USA,Performance Share,130685.04,0.45,58808.27,Approved,High Value
TX502930,EMP10513,Vesting,2026-06-22,345,74.58,India,ESPP,25730.1,0.4,10292.04,Approved,Normal
TX502931,EMP10493,Cancellation,2026-10-24,369,42.9,Australia,RSU,15830.1,0.4,6332.04,Approved,Normal
TX502932,EMP11617,Vesting,2025-11-29,1887,40.51,India,Stock Option,76442.37,0.45,34399.07,Approved,Normal
TX502933,EMP10334,Exercise,2025-12-05,790,37.76,Singapore,RSU,29830.4,0.4,11932.16,Approved,Normal
TX502934,EMP10422,Vesting,2026-03-01,1013,84.91,Germany,RSU,86013.83,0.4,34405.53,Approved,Normal
TX502935,EMP10584,Grant,2026-02-23,84,62.72,India,RSU,5268.48,0.45,2370.82,Approved,Normal
TX502936,EMP11658,Cancellation,2025-10-06,1846,67.69,Singapore,ESPP,124955.74,0.2,24991.15,Approved,High Value
TX502937,EMP11214,Vesting,2025-07-09,63,64.74,USA,RSU,4078.62,0.2,815.72,Approved,Normal
TX502938,EMP10104,Sale,2025-04-04,1575,68.02,India,Performance Share,107131.5,0.4,42852.6,Approved,High Value
TX502939,EMP11027,Exercise,2026-03-04,356,47.94,USA,ESPP,17066.64,0.2,3413.33,Approved,Normal
TX502940,EMP11086,Grant,2025-09-22,1659,75.9,India,Performance Share,125918.1,0.3,37775.43,Approved,High Value
TX502941,EMP11744,Vesting,2026-11-05,229,27.43,UK,RSU,6281.47,0.4,2512.59,Approved,Normal
TX502942,EMP11265,Grant,2025-01-06,2186,75.64,Germany,ESPP,165349.04,0.4,66139.62,Approved,High Value
TX502943,EMP10761,Vesting,2025-12-07,1562,22.84,Singapore,RSU,35676.08,0.3,10702.82,Approved,Normal
TX502944,EMP10461,Exercise,2025-04-22,56,8.94,India,Stock Option,500.64,0.4,200.26,Approved,Normal
TX502945,EMP11140,Exercise,2025-06-21,167,42.49,USA,RSU,7095.83,0.4,2838.33,Approved,Normal
TX502946,EMP10763,Exercise,2026-05-02,2015,44.5,USA,Performance Share,89667.5,0.45,40350.38,Approved,Normal
TX502947,EMP11263,Cancellation,2026-07-18,1879,55.23,India,RSU,103777.17,0.2,20755.43,Approved,High Value
TX502948,EMP11483,Exercise,2026-10-27,977,11.39,Australia,ESPP,11128.03,0.3,3338.41,Approved,Normal
TX502949,EMP11397,Grant,2026-03-29,699,6.41,USA,ESPP,4480.59,0.4,1792.24,Approved,Normal
TX502950,EMP11426,Sale,2025-10-02,2032,70.93,USA,Stock Option,144129.76,0.4,57651.9,Approved,High Value
TX502951,EMP10037,Exercise,2025-12-29,422,91.07,Singapore,RSU,38431.54,0.45,17294.19,Approved,Normal
TX502952,EMP10969,Sale,2025-11-09,864,32.8,Singapore,Stock Option,28339.2,0.45,12752.64,Approved,Normal
TX502953,EMP11841,Grant,2026-03-31,1237,75.89,Australia,Performance Share,93875.93,0.2,18775.19,Approved,Normal
TX502954,EMP10894,Vesting,2026-08-11,392,87.3,USA,RSU,34221.6,0.45,15399.72,Approved,Normal
TX502955,EMP10265,Sale,2026-06-19,527,35.92,India,RSU,18929.84,0.4,7571.94,Approved,Normal
TX502956,EMP10438,Vesting,2026-02-03,223,12.44,UK,Performance Share,2774.12,0.2,554.82,Approved,Normal
TX502957,EMP10065,Grant,2025-05-15,1263,84.8,USA,Performance Share,107102.4,0.3,32130.72,Approved,High Value
TX502958,EMP10188,Cancellation,2025-07-25,1305,59.61,UK,ESPP,77791.05,0.2,15558.21,Approved,Normal
TX502959,EMP10848,Vesting,2025-08-30,1119,54.32,UK,Performance Share,60784.08,0.3,18235.22,Approved,Normal
TX502960,EMP10408,Sale,2026-08-10,1659,17.69,Australia,Performance Share,29347.71,0.45,13206.47,Approved,Normal
TX502961,EMP10893,Vesting,2025-04-15,2329,15.27,UK,RSU,35563.83,0.3,10669.15,Pending Review,Normal
TX502962,EMP10365,Sale,2026-12-24,740,7.67,Germany,Performance Share,5675.8,0.4,2270.32,Approved,Normal
TX502963,EMP11175,Grant,2026-01-03,828,53.57,India,RSU,44355.96,0.2,8871.19,Approved,Normal
TX502964,EMP11708,Vesting,2025-01-02,607,39.14,UK,Stock Option,23757.98,0.2,4751.6,Approved,Normal
TX502965,EMP10392,Exercise,2025-07-23,2233,18.69,USA,RSU,41734.77,0.3,12520.43,Pending Review,Normal
TX502966,EMP11616,Grant,2026-09-24,1056,48.88,UK,RSU,51617.28,0.2,10323.46,Approved,Normal
TX502967,EMP10485,Vesting,2025-09-05,1119,15.62,Germany,RSU,17478.78,0.4,6991.51,Approved,Normal
TX502968,EMP10973,Sale,2026-04-18,1661,37.67,Singapore,Stock Option,62569.87,0.2,12513.97,Approved,Normal
TX502969,EMP11535,Vesting,2025-07-18,1736,77.13,India,ESPP,133897.68,0.2,26779.54,Pending Review,High Value
TX502970,EMP10690,Exercise,2026-08-15,2431,84.48,USA,RSU,205370.88,0.4,82148.35,Approved,High Value
TX502971,EMP10017,Grant,2026-02-28,903,58.42,UK,RSU,52753.26,0.3,15825.98,Approved,Normal
TX502972,EMP10448,Sale,2026-01-08,1616,7.72,UK,Performance Share,12475.52,0.4,4990.21,Approved,Normal
TX502973,EMP10593,Grant,2025-12-09,1016,23.89,UK,ESPP,24272.24,0.4,9708.9,Pending Review,Normal
TX502974,EMP10622,Cancellation,2026-08-08,165,16.73,Germany,RSU,2760.45,0.2,552.09,Approved,Normal
TX502975,EMP10648,Grant,2025-06-18,561,61.26,Australia,Performance Share,34366.86,0.3,10310.06,Approved,Normal
TX502976,EMP11293,Sale,2026-08-04,888,79.75,India,RSU,70818.0,0.2,14163.6,Approved,Normal
TX502977,EMP11643,Exercise,2026-04-11,748,57.78,India,ESPP,43219.44,0.4,17287.78,Approved,Normal
TX502978,EMP10656,Cancellation,2025-03-08,1477,75.41,UK,ESPP,111380.57,0.45,50121.26,Approved,High Value
TX502979,EMP11973,Cancellation,2026-01-28,731,81.6,UK,Performance Share,59649.6,0.4,23859.84,Approved,Normal
TX502980,EMP10739,Sale,2026-10-18,1358,92.17,USA,RSU,125166.86,0.45,56325.09,Approved,High Value
TX502981,EMP10356,Cancellation,2025-07-09,1495,50.79,UK,Stock Option,75931.05,0.3,22779.32,Approved,Normal
TX502982,EMP11717,Sale,2026-10-17,1934,12.02,USA,Stock Option,23246.68,0.3,6974.0,Approved,Normal
TX502983,EMP10872,Grant,2026-03-08,537,34.34,India,ESPP,18440.58,0.3,5532.17,Pending Review,Normal
TX502984,EMP11435,Sale,2025-05-20,-58,40.76,UK,RSU,74020.16,0.4,29608.06,Approved,Normal
TX502985,EMP10716,Sale,2026-11-12,954,65.26,India,RSU,62258.04,0.2,12451.61,Approved,Normal
TX502986,EMP11388,Sale,2026-03-31,2006,10.47,UK,ESPP,21002.82,0.3,6300.85,Approved,Normal
TX502987,EMP10474,Grant,2026-01-04,1222,56.55,USA,Performance Share,69104.1,0.45,31096.85,Approved,Normal
TX502988,EMP10085,Vesting,2025-11-30,1157,67.56,Singapore,RSU,78166.92,0.3,23450.08,Approved,Normal
TX502989,EMP11517,Vesting,2026-12-04,320,35.58,USA,RSU,11385.6,0.3,3415.68,Approved,Normal
TX502990,EMP10490,Exercise,2026-02-07,753,31.51,USA,RSU,23727.03,0.2,4745.41,Approved,Normal
TX502991,EMP11493,Vesting,2026-03-22,1850,91.34,USA,RSU,168979.0,0.2,33795.8,Pending Review,High Value
TX502992,EMP10527,Vesting,2025-10-24,1016,64.06,USA,RSU,65084.96,0.3,19525.49,Approved,Normal
TX502993,EMP10335,Cancellation,2025-07-23,521,45.72,UK,Stock Option,23820.12,0.3,7146.04,Approved,Normal
TX502994,EMP10129,Cancellation,2025-06-17,726,16.15,Germany,Stock Option,11724.9,0.2,2344.98,Approved,Normal
TX502995,EMP10131,Cancellation,2025-03-13,1224,65.17,UK,ESPP,79768.08,0.2,15953.62,Approved,Normal
TX502996,EMP11468,Vesting,2025-05-31,1562,39.82,Singapore,Stock Option,62198.84,0.3,18659.65,Approved,Normal
TX502997,EMP11838,Cancellation,2025-04-18,1562,7.51,Australia,RSU,11730.62,0.45,5278.78,Approved,Normal
TX502998,EMP10347,Grant,2026-05-15,1031,6.04,Germany,RSU,6227.24,0.3,1868.17,Approved,Normal
TX502999,EMP10357,Grant,2026-07-26,347,37.52,Australia,RSU,13019.44,0.3,3905.83,Approved,Normal
TX503000,EMP10119,Exercise,2026-08-03,1211,87.55,USA,ESPP,106023.05,0.3,31806.92,Pending Review,High Value
TX503001,EMP11108,Exercise,2026-07-12,1012,12.43,UK,RSU,12579.16,0.2,2515.83,Pending Review,Normal
TX503002,EMP11533,Grant,2026-04-10,1828,86.83,UK,RSU,158725.24,0.3,47617.57,Approved,High Value
TX503003,EMP11080,Exercise,2026-05-07,505,32.63,UK,Performance Share,16478.15,0.4,6591.26,Approved,Normal
TX503004,EMP10797,Grant,2026-02-05,1398,84.04,Singapore,Stock Option,117487.92,0.45,52869.56,Approved,High Value
TX503005,EMP10171,Exercise,2026-09-20,172,42.41,UK,RSU,7294.52,0.2,1458.9,Pending Review,Normal
TX503006,EMP10042,Grant,2026-11-27,1129,33.35,India,ESPP,37652.15,0.2,7530.43,Approved,Normal
TX503007,EMP11178,Vesting,2025-04-27,829,10.04,Germany,RSU,8323.16,0.3,2496.95,Approved,Normal
TX503008,EMP11074,Exercise,2026-07-06,2076,13.89,India,Stock Option,28835.64,0.3,8650.69,Approved,Normal
TX503009,EMP11127,Sale,2025-11-02,1339,61.93,India,ESPP,82924.27,0.3,24877.28,Approved,Normal
TX503010,EMP11915,Vesting,2026-12-24,2099,59.44,India,RSU,124764.56,0.2,24952.91,Approved,High Value
TX503011,EMP11412,Grant,2026-02-16,1411,19.43,UK,RSU,27415.73,0.2,5483.15,Approved,Normal
TX503012,EMP11157,Grant,2025-07-12,1292,36.75,USA,RSU,47481.0,0.45,21366.45,Approved,Normal
TX503013,EMP10832,Grant,2026-12-29,253,75.98,UK,ESPP,19222.94,0.3,5766.88,Approved,Normal
TX503014,EMP11323,Sale,2025-06-26,1864,73.09,UK,RSU,136239.76,0.4,54495.9,Approved,High Value
TX503015,EMP11945,Grant,2026-05-03,1418,50.62,USA,RSU,71779.16,0.2,14355.83,Approved,Normal
TX503016,EMP11324,Exercise,2025-04-24,2401,77.27,USA,ESPP,185525.27,0.2,37105.05,Approved,High Value
TX503017,EMP10235,Vesting,2026-12-10,387,92.34,Australia,RSU,35735.58,0.3,10720.67,Approved,Normal
TX503018,EMP11716,Vesting,2025-11-12,506,41.39,Singapore,RSU,20943.34,0.2,4188.67,Approved,Normal
TX503019,EMP11522,Grant,2026-08-20,1619,94.15,USA,Performance Share,152428.85,0.2,30485.77,Approved,High Value
TX503020,EMP10947,Grant,2026-09-14,-88,78.54,India,Performance Share,40133.94,0.45,18060.27,Approved,Normal
TX503021,EMP11885,Exercise,2025-01-05,754,29.82,India,Stock Option,22484.28,0.3,6745.28,Approved,Normal
TX503022,EMP10809,Grant,2025-02-02,1842,5.14,USA,RSU,9467.88,0.2,1893.58,Approved,Normal
TX503023,EMP10777,Vesting,2025-06-30,1023,20.97,India,RSU,21452.31,0.2,4290.46,Approved,Normal
TX503024,EMP10006,Grant,2026-09-01,1042,17.04,USA,RSU,17755.68,0.2,3551.14,Approved,Normal
TX503025,EMP11697,Sale,2026-11-01,1503,62.26,India,Stock Option,93576.78,0.2,18715.36,Approved,Normal
TX503026,EMP10558,Grant,2026-05-12,1753,66.5,UK,Stock Option,116574.5,0.3,34972.35,Approved,High Value
TX503027,EMP10503,Exercise,2025-10-08,532,83.49,India,RSU,44416.68,0.3,13325.0,Approved,Normal
TX503028,EMP11367,Vesting,2026-02-24,41,52.25,India,ESPP,2142.25,0.3,642.67,Approved,Normal
TX503029,EMP11741,Exercise,2026-08-26,480,89.64,USA,Stock Option,43027.2,0.4,17210.88,Approved,Normal
TX503030,EMP10187,Grant,2026-11-24,389,75.38,India,RSU,29322.82,0.3,8796.85,Pending Review,Normal
TX503031,EMP10801,Grant,2026-11-28,1034,69.22,UK,RSU,71573.48,0.2,14314.7,Approved,Normal
TX503032,EMP10854,Grant,2026-02-02,1240,67.35,USA,ESPP,83514.0,0.3,25054.2,Approved,Normal
TX503033,EMP11308,Cancellation,2025-12-17,1903,8.78,Germany,Performance Share,16708.34,0.3,5012.5,Approved,Normal
TX503034,EMP10080,Sale,2026-10-20,658,82.76,India,Performance Share,54456.08,0.2,10891.22,Approved,Normal
TX503035,EMP11661,Sale,2025-10-24,1961,91.66,UK,RSU,179745.26,0.3,53923.58,Approved,High Value
TX503036,EMP10173,Sale,2026-01-18,1359,16.62,Germany,RSU,22586.58,0.2,4517.32,Approved,Normal
TX503037,EMP10257,Grant,2026-03-16,1919,71.09,USA,RSU,136421.71,0.3,40926.51,Approved,High Value
TX503038,EMP11535,Vesting,2026-03-19,865,34.16,India,ESPP,29548.4,0.45,13296.78,Approved,Normal
TX503039,EMP11475,Sale,2025-09-04,1323,42.67,Germany,Performance Share,56452.41,0.3,16935.72,Approved,Normal
TX503040,EMP11752,Grant,2025-12-22,52,13.22,USA,RSU,687.44,0.45,309.35,Approved,Normal
TX503041,EMP11158,Grant,2026-04-02,1636,92.18,Germany,RSU,150806.48,0.2,30161.3,Approved,High Value
TX503042,EMP11659,Vesting,2025-11-07,1079,14.7,USA,Stock Option,15861.3,0.45,7137.58,Pending Review,Normal
TX503043,EMP11995,Vesting,2025-06-21,783,59.54,USA,RSU,46619.82,0.4,18647.93,Pending Review,Normal
TX503044,EMP10949,Exercise,2026-06-04,1082,16.11,USA,RSU,17431.02,0.4,6972.41,Approved,Normal
TX503045,EMP11817,Cancellation,2025-11-08,508,47.26,India,Performance Share,24008.08,0.3,7202.42,Approved,Normal
TX503046,EMP10054,Exercise,2026-01-23,904,6.35,USA,RSU,5740.4,0.2,1148.08,Approved,Normal
TX503047,EMP10582,Vesting,2026-10-09,1470,79.5,Singapore,Performance Share,116865.0,0.4,46746.0,Approved,High Value
TX503048,EMP10888,Exercise,2025-05-20,2117,56.15,UK,Stock Option,118869.55,0.2,23773.91,Approved,High Value
TX503049,EMP10127,Sale,2026-06-15,2270,52.98,USA,ESPP,120264.6,0.3,36079.38,Approved,High Value
TX503050,EMP10922,Grant,2026-12-07,449,52.8,India,ESPP,23707.2,0.4,9482.88,Approved,Normal
TX503051,EMP10221,Grant,2026-03-20,-65,68.01,India,Stock Option,40329.93,0.3,12098.98,Approved,Normal
TX503052,EMP10778,Exercise,2026-08-02,917,69.74,India,ESPP,63951.58,0.2,12790.32,Approved,Normal
TX503053,EMP10420,Grant,2026-06-12,414,72.53,UK,RSU,30027.42,0.2,6005.48,Approved,Normal
TX503054,EMP10500,Sale,2025-01-16,2150,14.94,India,ESPP,32121.0,0.45,14454.45,Approved,Normal
TX503055,EMP10948,Exercise,2025-08-03,1179,18.65,India,Performance Share,21988.35,0.3,6596.5,Approved,Normal
TX503056,EMP10865,Cancellation,2026-08-28,1905,36.65,USA,Performance Share,69818.25,0.2,13963.65,Approved,Normal
TX503057,EMP10074,Vesting,2026-04-19,1016,60.27,India,RSU,61234.32,0.3,18370.3,Approved,Normal
TX503058,EMP11265,Grant,2026-03-30,2310,45.72,Germany,ESPP,105613.2,0.4,42245.28,Approved,High Value
TX503059,EMP11515,Exercise,2025-01-20,1508,62.09,Germany,RSU,93631.72,0.3,28089.52,Approved,Normal
TX503060,EMP10836,Grant,2025-02-25,809,91.04,UK,Stock Option,73651.36,0.2,14730.27,Approved,Normal
TX503061,EMP11909,Exercise,2025-10-04,1703,79.87,India,Performance Share,136018.61,0.2,27203.72,Approved,High Value
TX503062,EMP11876,Sale,2025-12-18,801,6.8,Germany,ESPP,5446.8,0.4,2178.72,Approved,Normal
TX503063,EMP10434,Vesting,2026-05-20,421,30.6,India,RSU,12882.6,0.2,2576.52,Approved,Normal
TX503064,EMP10391,Sale,2026-06-19,1433,40.7,India,ESPP,58323.1,0.2,11664.62,Approved,Normal
TX503065,EMP11887,Vesting,2025-12-12,1000,40.64,UK,Stock Option,40640.0,0.3,12192.0,Approved,Normal
TX503066,EMP11530,Vesting,2025-10-01,2241,44.09,UK,RSU,98805.69,0.45,44462.56,Approved,Normal
TX503067,EMP10488,Grant,2026-08-29,2328,86.68,India,RSU,201791.04,0.3,60537.31,Approved,High Value
TX503068,EMP11832,Exercise,2026-10-12,144,94.78,Australia,RSU,13648.32,0.45,6141.74,Approved,Normal
TX503069,EMP11993,Exercise,2025-08-21,1482,12.23,UK,RSU,18124.86,0.3,5437.46,Approved,Normal
TX503070,EMP11250,Grant,2026-08-24,1684,50.36,USA,ESPP,84806.24,0.3,25441.87,Approved,Normal
TX503071,EMP11163,Cancellation,2025-05-20,441,6.44,India,Stock Option,2840.04,0.3,852.01,Approved,Normal
TX503072,EMP10254,Sale,2025-04-18,2057,60.23,India,Stock Option,123893.11,0.4,49557.24,Approved,High Value
TX503073,EMP10162,Sale,2025-01-28,1474,70.43,Australia,RSU,103813.82,0.2,20762.76,Approved,High Value
TX503074,EMP10429,Sale,2026-03-08,902,50.46,UK,Stock Option,45514.92,0.4,18205.97,Approved,Normal
TX503075,EMP10431,Grant,2025-08-31,855,69.19,India,RSU,59157.45,0.3,17747.23,Approved,Normal
TX503076,EMP10925,Sale,2025-05-25,1468,59.15,UK,Stock Option,86832.2,0.3,26049.66,Approved,Normal
TX503077,EMP10557,Vesting,2026-12-09,2240,80.6,UK,ESPP,180544.0,0.3,54163.2,Approved,High Value
TX503078,EMP11604,Sale,2025-01-10,550,39.99,Australia,RSU,21994.5,0.2,4398.9,Approved,Normal
TX503079,EMP11655,Grant,2026-11-29,761,70.41,Singapore,Performance Share,53582.01,0.45,24111.9,Pending Review,Normal
TX503080,EMP10696,Vesting,2026-08-23,1319,53.9,Germany,RSU,71094.1,0.3,21328.23,Approved,Normal
TX503081,EMP10588,Vesting,2026-02-25,1792,51.84,Australia,ESPP,92897.28,0.2,18579.46,Approved,Normal
TX503082,EMP10791,Exercise,2026-11-11,634,13.66,UK,RSU,8660.44,0.4,3464.18,Approved,Normal
TX503083,EMP10549,Sale,2026-12-17,1091,82.98,Singapore,RSU,90531.18,0.2,18106.24,Approved,Normal
TX503084,EMP11860,Grant,2026-10-05,2391,92.94,Germany,RSU,222219.54,0.3,66665.86,Approved,High Value
TX503085,EMP10807,Sale,2026-06-30,1199,38.71,Singapore,RSU,46413.29,0.2,9282.66,Approved,Normal
TX503086,EMP11501,Sale,2026-04-20,2457,50.27,UK,ESPP,123513.39,0.4,49405.36,Approved,High Value
TX503087,EMP11341,Exercise,2025-03-30,2497,14.72,USA,RSU,36755.84,0.3,11026.75,Approved,Normal
TX503088,EMP10140,Grant,2026-11-24,1681,20.57,Singapore,Stock Option,34578.17,0.4,13831.27,Approved,Normal
TX503089,EMP11041,Vesting,2026-05-30,1028,84.08,Singapore,RSU,86434.24,0.2,17286.85,Approved,Normal
TX503090,EMP10725,Exercise,2026-12-04,2091,16.2,USA,Stock Option,33874.2,0.4,13549.68,Approved,Normal
TX503091,EMP11553,Exercise,2026-02-24,1395,22.09,Australia,RSU,30815.55,0.4,12326.22,Approved,Normal
TX503092,EMP11275,Sale,2026-01-28,261,94.94,USA,RSU,24779.34,0.3,7433.8,Approved,Normal
TX503093,EMP10396,Sale,2026-02-12,752,24.59,Germany,RSU,18491.68,0.2,3698.34,Approved,Normal
TX503094,EMP10178,Sale,2025-08-31,1158,48.86,India,RSU,56579.88,0.3,16973.96,Approved,Normal
TX503095,EMP11272,Vesting,2026-01-03,683,87.99,UK,RSU,60097.17,0.4,24038.87,Approved,Normal
TX503096,EMP10088,Cancellation,2026-02-15,123,76.86,Singapore,RSU,9453.78,0.2,1890.76,Approved,Normal
TX503097,EMP11096,Grant,2026-04-25,916,57.55,India,ESPP,52715.8,0.2,10543.16,Approved,Normal
TX503098,EMP10220,Vesting,2025-04-28,438,73.8,UK,RSU,32324.4,0.2,6464.88,Approved,Normal
TX503099,EMP11008,Sale,2025-11-27,2349,41.93,India,ESPP,98493.57,0.45,44322.11,Approved,Normal
TX503100,EMP11466,Exercise,2025-12-19,1685,33.75,Australia,ESPP,56868.75,0.2,11373.75,Approved,Normal
TX503101,EMP10163,Cancellation,2025-09-20,488,40.25,Germany,ESPP,19642.0,0.3,5892.6,Pending Review,Normal
TX503102,EMP10447,Sale,2026-03-11,27,17.26,UK,RSU,466.02,0.4,186.41,Approved,Normal
TX503103,EMP10835,Vesting,2025-05-22,2318,30.8,Australia,Performance Share,71394.4,0.4,28557.76,Approved,Normal
TX503104,EMP11206,Exercise,2026-11-26,2051,72.97,UK,RSU,149661.47,0.2,29932.29,Approved,High Value
TX503105,EMP10157,Vesting,2026-06-22,1089,48.87,USA,RSU,53219.43,0.2,10643.89,Approved,Normal
TX503106,EMP11111,Exercise,2025-11-14,672,35.64,UK,RSU,23950.08,0.3,7185.02,Approved,Normal
TX503107,EMP10212,Grant,2026-02-04,416,40.5,Germany,RSU,16848.0,0.3,5054.4,Approved,Normal
TX503108,EMP11498,Sale,2026-12-19,2485,64.79,Australia,ESPP,161003.15,0.2,32200.63,Approved,High Value
TX503109,EMP11561,Cancellation,2025-04-17,849,54.84,Singapore,RSU,46559.16,0.4,18623.66,Approved,Normal
TX503110,EMP10743,Vesting,2025-11-18,387,48.09,Australia,RSU,18610.83,0.45,8374.87,Approved,Normal
TX503111,EMP11429,Sale,2026-06-19,2395,22.11,Germany,RSU,52953.45,0.4,21181.38,Approved,Normal
TX503112,EMP11112,Sale,2026-06-24,91,9.48,UK,RSU,862.68,0.3,258.8,Approved,Normal
TX503113,EMP11058,Sale,2026-11-29,1188,5.06,UK,Stock Option,6011.28,0.4,2404.51,Approved,Normal
TX503114,EMP10267,Sale,2026-08-07,1801,35.62,Australia,RSU,64151.62,0.3,19245.49,Approved,Normal
TX503115,EMP10633,Exercise,2026-10-11,76,51.4,USA,Performance Share,3906.4,0.4,1562.56,Pending Review,Normal
TX503116,EMP10385,Cancellation,2025-05-25,1172,71.8,India,RSU,84149.6,0.3,25244.88,Approved,Normal
TX503117,EMP10747,Exercise,2026-11-03,2176,81.48,UK,RSU,177300.48,0.3,53190.14,Approved,High Value
TX503118,EMP10181,Sale,2026-01-09,2101,93.15,USA,Performance Share,195708.15,0.2,39141.63,Pending Review,High Value
TX503119,EMP10288,Sale,2025-03-25,1661,65.25,USA,RSU,108380.25,0.3,32514.07,Approved,High Value
TX503120,EMP10075,Grant,2025-09-17,580,79.8,Singapore,ESPP,46284.0,0.3,13885.2,Approved,Normal
TX503121,EMP10682,Exercise,2025-08-31,1402,17.74,UK,RSU,24871.48,0.3,7461.44,Approved,Normal
TX503122,EMP10752,Grant,2025-01-01,1206,47.53,USA,RSU,57321.18,0.3,17196.35,Pending Review,Normal
TX503123,EMP10552,Sale,2026-02-07,1361,33.83,UK,ESPP,46042.63,0.3,13812.79,Approved,Normal
TX503124,EMP11851,Exercise,2026-03-01,596,16.65,USA,RSU,9923.4,0.45,4465.53,Approved,Normal
TX503125,EMP11243,Vesting,2025-04-26,883,60.43,USA,Stock Option,53359.69,0.3,16007.91,Approved,Normal
TX503126,EMP11205,Exercise,2025-03-18,1386,69.75,India,Stock Option,96673.5,0.2,19334.7,Approved,Normal
TX503127,EMP10442,Sale,2025-06-28,282,6.1,USA,RSU,1720.2,0.2,344.04,Approved,Normal
TX503128,EMP10006,Vesting,2025-05-10,1478,73.25,USA,RSU,108263.5,0.3,32479.05,Approved,High Value
TX503129,EMP11686,Sale,2025-11-09,406,20.87,UK,RSU,8473.22,0.3,2541.97,Approved,Normal
TX503130,EMP11276,Exercise,2026-04-07,1357,92.11,Australia,RSU,124993.27,0.2,24998.65,Approved,High Value
TX503131,EMP11314,Grant,2025-07-19,1311,26.22,UK,RSU,34374.42,0.2,6874.88,Pending Review,Normal
TX503132,EMP11227,Sale,2026-10-13,1603,56.38,Singapore,ESPP,90377.14,0.4,36150.86,Approved,Normal
TX503133,EMP10702,Cancellation,2025-11-22,1657,58.19,Australia,Performance Share,96420.83,0.4,38568.33,Approved,Normal
TX503134,EMP11308,Sale,2025-05-31,684,59.58,Germany,Performance Share,40752.72,0.2,8150.54,Approved,Normal
TX503135,EMP10912,Vesting,2025-11-18,2406,78.09,USA,Stock Option,187884.54,0.3,56365.36,Approved,High Value
TX503136,EMP11585,Sale,2026-08-07,72,19.07,UK,RSU,1373.04,0.4,549.22,Approved,Normal
TX503137,EMP10525,Exercise,2025-12-18,1435,42.44,Germany,Stock Option,60901.4,0.45,27405.63,Approved,Normal
TX503138,EMP10240,Exercise,2026-01-12,858,21.08,UK,Stock Option,18086.64,0.3,5425.99,Approved,Normal
TX503139,EMP10600,Sale,2026-01-15,1809,46.63,India,ESPP,84353.67,0.3,25306.1,Approved,Normal
TX503140,EMP11387,Exercise,2025-08-07,772,34.91,India,RSU,26950.52,0.45,12127.73,Pending Review,Normal
TX503141,EMP10399,Vesting,2026-07-05,895,12.35,India,RSU,11053.25,0.3,3315.98,Approved,Normal
TX503142,EMP10224,Sale,2025-08-18,535,11.16,UK,RSU,5970.6,0.3,1791.18,Approved,Normal
TX503143,EMP11844,Sale,2026-09-08,449,72.64,Germany,RSU,32615.36,0.45,14676.91,Approved,Normal
TX503144,EMP10737,Vesting,2025-10-11,1006,23.77,India,RSU,23912.62,0.4,9565.05,Approved,Normal
TX503145,EMP10281,Vesting,2025-07-23,1109,10.17,UK,RSU,11278.53,0.2,2255.71,Approved,Normal
TX503146,EMP11719,Cancellation,2026-07-25,436,91.64,UK,RSU,39955.04,0.2,7991.01,Approved,Normal
TX503147,EMP11755,Cancellation,2026-02-06,2382,17.34,UK,ESPP,41303.88,0.4,16521.55,Pending Review,Normal
TX503148,EMP11399,Grant,2025-09-04,2271,12.24,UK,RSU,27797.04,0.4,11118.82,Pending Review,Normal
TX503149,EMP10258,Vesting,2026-01-09,2167,22.26,Australia,RSU,48237.42,0.4,19294.97,Pending Review,Normal
TX503150,EMP10441,Grant,2025-11-23,1676,79.79,UK,RSU,133728.04,0.2,26745.61,Approved,High Value
TX503151,EMP11312,Vesting,2026-05-05,375,76.95,USA,ESPP,28856.25,0.45,12985.31,Approved,Normal
TX503152,EMP10126,Cancellation,2025-06-05,2168,33.49,UK,RSU,72606.32,0.2,14521.26,Pending Review,Normal
TX503153,EMP10976,Exercise,2025-03-16,1835,39.4,UK,RSU,72299.0,0.3,21689.7,Approved,Normal
TX503154,EMP11580,Exercise,2025-06-24,530,29.73,USA,ESPP,15756.9,0.4,6302.76,Approved,Normal
TX503155,EMP10280,Exercise,2025-12-05,1362,51.62,Singapore,Stock Option,70306.44,0.2,14061.29,Approved,Normal
TX503156,EMP11605,Vesting,2025-01-02,1762,92.83,India,RSU,163566.46,0.2,32713.29,Approved,High Value
TX503157,EMP11386,Grant,2025-01-13,723,12.21,India,Performance Share,8827.83,0.2,1765.57,Approved,Normal
TX503158,EMP10329,Exercise,2025-03-31,1281,30.06,Germany,Performance Share,38506.86,0.4,15402.74,Approved,Normal
TX503159,EMP10884,Sale,2026-09-21,2183,36.58,India,ESPP,79854.14,0.2,15970.83,Approved,Normal
TX503160,EMP11351,Cancellation,2025-11-24,546,8.11,USA,Performance Share,4428.06,0.45,1992.63,Approved,Normal
TX503161,EMP10189,Grant,2026-12-07,117,65.08,Germany,Stock Option,7614.36,0.4,3045.74,Approved,Normal
TX503162,EMP11437,Sale,2026-09-07,1944,86.69,USA,RSU,168525.36,0.2,33705.07,Approved,High Value
TX503163,EMP10717,Grant,2026-09-01,2156,58.71,Australia,ESPP,126578.76,0.4,50631.5,Approved,High Value
TX503164,EMP10138,Sale,2026-07-28,2160,19.1,UK,RSU,41256.0,0.2,8251.2,Approved,Normal
TX503165,EMP11278,Sale,2025-12-15,2490,15.73,UK,Stock Option,39167.7,0.45,17625.46,Pending Review,Normal
TX503166,EMP11860,Grant,2025-04-22,487,84.55,Germany,RSU,41175.85,0.3,12352.76,Approved,Normal
TX503167,EMP10305,Sale,2026-10-11,333,27.74,UK,RSU,9237.42,0.4,3694.97,Approved,Normal
TX503168,EMP11055,Grant,2025-11-24,917,74.64,India,RSU,68444.88,0.4,27377.95,Approved,Normal
TX503169,EMP11336,Vesting,2026-05-14,799,68.19,India,RSU,54483.81,0.4,21793.52,Approved,Normal
TX503170,EMP11637,Sale,2026-04-30,133,24.12,USA,Performance Share,3207.96,0.2,641.59,Approved,Normal
TX503171,EMP10952,Vesting,2026-06-25,953,90.65,India,Stock Option,86389.45,0.45,38875.25,Pending Review,Normal
TX503172,EMP11266,Grant,2026-06-21,1260,47.36,Australia,ESPP,59673.6,0.2,11934.72,Approved,Normal
TX503173,EMP11504,Cancellation,2025-06-08,163,43.23,USA,ESPP,7046.49,0.3,2113.95,Approved,Normal
TX503174,EMP10509,Grant,2025-05-20,1224,10.7,India,Performance Share,13096.8,0.4,5238.72,Approved,Normal
TX503175,EMP10055,Sale,2025-04-24,1224,25.91,India,Stock Option,31713.84,0.45,14271.23,Approved,Normal
TX503176,EMP10757,Exercise,2025-08-27,1624,68.78,UK,ESPP,111698.72,0.3,33509.62,Approved,High Value
TX503177,EMP10647,Sale,2026-05-08,765,65.58,India,Performance Share,50168.7,0.3,15050.61,Approved,Normal
TX503178,EMP11281,Grant,2026-04-04,342,5.81,USA,Performance Share,1987.02,0.4,794.81,Approved,Normal
TX503179,EMP10082,Grant,2026-03-07,1508,27.85,India,Performance Share,41997.8,0.45,18899.01,Approved,Normal
TX503180,EMP11490,Vesting,2026-06-25,1392,45.33,UK,RSU,63099.36,0.4,25239.74,Approved,Normal
TX503181,EMP10686,Grant,2026-12-01,855,28.2,Australia,Stock Option,24111.0,0.4,9644.4,Pending Review,Normal
TX503182,EMP10050,Sale,2026-04-25,1714,13.13,Singapore,RSU,22504.82,0.3,6751.45,Approved,Normal
TX503183,EMP11474,Vesting,2025-09-22,1616,29.53,UK,RSU,47720.48,0.3,14316.14,Approved,Normal
TX503184,EMP11793,Grant,2026-10-04,1757,77.02,India,RSU,135324.14,0.4,54129.66,Approved,High Value
TX503185,EMP10907,Cancellation,2025-12-22,169,73.77,Australia,RSU,12467.13,0.3,3740.14,Approved,Normal
TX503186,EMP11706,Grant,2025-10-26,544,65.51,India,RSU,35637.44,0.4,14254.98,Approved,Normal
TX503187,EMP11380,Exercise,2025-06-18,2486,58.33,USA,ESPP,145008.38,0.45,65253.77,Approved,High Value
TX503188,EMP11790,Exercise,2026-02-27,1190,94.46,India,Stock Option,112407.4,0.4,44962.96,Approved,High Value
TX503189,EMP11210,Exercise,2026-04-12,2032,17.13,USA,RSU,34808.16,0.2,6961.63,Approved,Normal
TX503190,EMP10655,Vesting,2026-12-18,1074,62.26,USA,Performance Share,66867.24,0.45,30090.26,Approved,Normal
TX503191,EMP11201,Grant,2025-06-16,2115,70.74,USA,RSU,149615.1,0.45,67326.8,Approved,High Value
TX503192,EMP10846,Grant,2026-01-14,937,73.49,Singapore,ESPP,68860.13,0.3,20658.04,Approved,Normal
TX503193,EMP11093,Grant,2026-12-13,1843,68.25,Australia,ESPP,125784.75,0.2,25156.95,Approved,High Value
TX503194,EMP11799,Exercise,2025-04-24,2041,13.61,UK,RSU,27778.01,0.3,8333.4,Approved,Normal
TX503195,EMP11732,Grant,2026-08-12,412,42.67,India,Stock Option,17580.04,0.4,7032.02,Approved,Normal
TX503196,EMP10396,Sale,2026-11-12,1941,84.0,Germany,RSU,163044.0,0.2,32608.8,Pending Review,High Value
TX503197,EMP11689,Cancellation,2026-08-24,739,28.71,USA,Stock Option,21216.69,0.4,8486.68,Approved,Normal
TX503198,EMP10302,Cancellation,2026-05-26,744,11.54,India,Stock Option,8585.76,0.3,2575.73,Approved,Normal
TX503199,EMP11584,Grant,2026-07-25,2299,29.23,Australia,RSU,67199.77,0.2,13439.95,Approved,Normal
TX503200,EMP11344,Grant,2026-11-27,1560,18.81,UK,ESPP,29343.6,0.4,11737.44,Approved,Normal
TX503201,EMP11516,Sale,2025-02-15,1665,26.43,USA,RSU,44005.95,0.45,19802.68,Approved,Normal
TX503202,EMP11542,Exercise,2026-12-17,1772,10.28,UK,RSU,18216.16,0.2,3643.23,Approved,Normal
TX503203,EMP11907,Exercise,2026-12-22,2277,80.35,UK,Performance Share,182956.95,0.3,54887.08,Approved,High Value
TX503204,EMP10589,Vesting,2026-02-15,820,27.64,USA,Performance Share,22664.8,0.2,4532.96,Approved,Normal
TX503205,EMP10874,Exercise,2026-06-07,1413,24.48,USA,Stock Option,34590.24,0.4,13836.1,Approved,Normal
TX503206,EMP10765,Sale,2025-03-16,767,5.09,Australia,RSU,3904.03,0.3,1171.21,Approved,Normal
TX503207,EMP11134,Cancellation,2026-06-16,1054,16.91,India,ESPP,17823.14,0.2,3564.63,Approved,Normal
TX503208,EMP11837,Vesting,2025-11-18,673,44.46,Germany,Stock Option,29921.58,0.45,13464.71,Approved,Normal
TX503209,EMP11802,Sale,2025-12-01,2206,19.65,UK,RSU,43347.9,0.4,17339.16,Approved,Normal
TX503210,EMP11776,Sale,2025-09-26,1521,48.75,UK,Stock Option,74148.75,0.2,14829.75,Approved,Normal
TX503211,EMP10806,Vesting,2025-02-28,961,73.93,UK,RSU,71046.73,0.2,14209.35,Approved,Normal
TX503212,EMP10289,Exercise,2026-08-02,1755,52.63,UK,RSU,92365.65,0.3,27709.69,Pending Review,Normal
TX503213,EMP11940,Sale,2025-12-09,33,73.15,USA,Performance Share,2413.95,0.45,1086.28,Approved,Normal
TX503214,EMP10373,Exercise,2026-02-20,571,81.61,UK,Performance Share,46599.31,0.2,9319.86,Approved,Normal
TX503215,EMP10064,Vesting,2025-03-17,2300,17.08,India,ESPP,39284.0,0.3,11785.2,Approved,Normal
TX503216,EMP10805,Vesting,2025-12-13,857,80.88,Germany,Stock Option,69314.16,0.3,20794.25,Approved,Normal
TX503217,EMP10005,Sale,2026-08-31,31,83.46,Germany,RSU,2587.26,0.4,1034.9,Approved,Normal
TX503218,EMP11509,Exercise,2025-03-24,412,57.73,India,Performance Share,23784.76,0.3,7135.43,Approved,Normal
TX503219,EMP10502,Exercise,2025-12-23,1352,8.08,India,RSU,10924.16,0.45,4915.87,Approved,Normal
TX503220,EMP10016,Vesting,2026-10-15,1481,59.18,Germany,RSU,87645.58,0.2,17529.12,Approved,Normal
TX503221,EMP10389,Grant,2025-07-02,1714,60.7,Germany,ESPP,104039.8,0.3,31211.94,Approved,High Value
TX503222,EMP11466,Vesting,2026-04-06,1415,10.65,Australia,ESPP,15069.75,0.3,4520.92,Approved,Normal
TX503223,EMP11244,Vesting,2025-12-27,1172,23.15,USA,Performance Share,27131.8,0.45,12209.31,Approved,Normal
TX503224,EMP11365,Grant,2026-02-02,378,76.23,UK,RSU,28814.94,0.2,5762.99,Pending Review,Normal
TX503225,EMP11632,Vesting,2026-09-17,1710,19.41,UK,RSU,33191.1,0.4,13276.44,Approved,Normal
TX503226,EMP10584,Exercise,2025-08-06,1036,59.43,India,RSU,61569.48,0.2,12313.9,Approved,Normal
TX503227,EMP10606,Grant,2026-06-14,626,74.68,UK,Performance Share,46749.68,0.4,18699.87,Approved,Normal
TX503228,EMP10323,Sale,2025-10-03,749,22.35,India,RSU,16740.15,0.4,6696.06,Approved,Normal
TX503229,EMP10215,Vesting,2026-11-30,230,39.15,UK,RSU,9004.5,0.4,3601.8,Approved,Normal
TX503230,EMP11097,Sale,2025-05-15,1564,85.3,Germany,Performance Share,133409.2,0.4,53363.68,Pending Review,High Value
TX503231,EMP11086,Sale,2026-08-19,2231,13.48,India,Performance Share,30073.88,0.45,13533.25,Approved,Normal
TX503232,EMP11040,Grant,2025-06-29,2186,87.45,USA,RSU,191165.7,0.4,76466.28,Approved,High Value
TX503233,EMP10430,Cancellation,2025-06-15,1346,81.56,India,Performance Share,109779.76,0.4,43911.9,Approved,High Value
TX503234,EMP11234,Sale,2025-08-24,2242,32.84,India,RSU,73627.28,0.3,22088.18,Approved,Normal
TX503235,EMP10422,Vesting,2026-11-30,399,41.67,Germany,RSU,16626.33,0.4,6650.53,Approved,Normal
TX503236,EMP11406,Grant,2025-12-03,451,48.0,Australia,ESPP,21648.0,0.45,9741.6,Approved,Normal
TX503237,EMP10305,Sale,2025-01-22,1956,25.54,UK,RSU,49956.24,0.2,9991.25,Approved,Normal
TX503238,EMP11545,Vesting,2026-06-22,1849,10.12,UK,Performance Share,18711.88,0.2,3742.38,Approved,Normal
TX503239,EMP10022,Vesting,2025-11-15,1267,5.06,Germany,Stock Option,6411.02,0.3,1923.31,Approved,Normal
TX503240,EMP11603,Grant,2025-09-16,1073,83.65,India,RSU,89756.45,0.3,26926.94,Approved,Normal
TX503241,EMP10571,Vesting,2026-02-27,1058,18.25,India,RSU,19308.5,0.4,7723.4,Approved,Normal
TX503242,EMP11447,Grant,2025-10-12,1778,73.96,USA,Stock Option,131500.88,0.3,39450.26,Approved,High Value
TX503243,EMP11904,Vesting,2025-02-23,2235,42.51,Germany,RSU,95009.85,0.3,28502.96,Approved,Normal
TX503244,EMP10843,Cancellation,2025-09-20,1779,75.15,USA,ESPP,133691.85,0.3,40107.56,Approved,High Value
TX503245,EMP10451,Grant,2025-07-02,1705,53.26,India,Performance Share,90808.3,0.2,18161.66,Approved,Normal
TX503246,EMP11313,Vesting,2025-07-02,1914,78.71,USA,RSU,150650.94,0.4,60260.38,Approved,High Value
TX503247,EMP10749,Cancellation,2025-05-07,1236,66.71,Singapore,ESPP,82453.56,0.4,32981.42,Approved,Normal
TX503248,EMP10114,Vesting,2025-09-10,698,52.05,USA,ESPP,36330.9,0.2,7266.18,Approved,Normal
TX503249,EMP11209,Sale,2026-03-27,383,75.33,India,RSU,28851.39,0.2,5770.28,Approved,Normal
TX503250,EMP11925,Vesting,2026-11-15,2208,27.32,India,RSU,60322.56,0.45,27145.15,Pending Review,Normal
TX503251,EMP10647,Exercise,2026-04-09,664,20.0,India,Performance Share,13280.0,0.2,2656.0,Approved,Normal
TX503252,EMP11246,Exercise,2026-05-03,317,55.11,Australia,RSU,17469.87,0.2,3493.97,Approved,Normal
TX503253,EMP10463,Vesting,2025-07-22,1150,50.38,Germany,RSU,57937.0,0.2,11587.4,Pending Review,Normal
TX503254,EMP11290,Exercise,2026-06-16,191,14.54,USA,RSU,2777.14,0.2,555.43,Approved,Normal
TX503255,EMP10945,Sale,2026-09-17,1107,54.41,UK,RSU,60231.87,0.45,27104.34,Approved,Normal
TX503256,EMP11695,Vesting,2025-02-27,1345,80.71,India,RSU,108554.95,0.2,21710.99,Approved,High Value
TX503257,EMP10940,Grant,2025-09-01,1736,66.74,UK,RSU,115860.64,0.3,34758.19,Approved,High Value
TX503258,EMP11108,Sale,2025-10-20,721,17.63,UK,RSU,12711.23,0.4,5084.49,Approved,Normal
TX503259,EMP10158,Exercise,2026-05-06,685,83.43,Germany,RSU,57149.55,0.3,17144.87,Approved,Normal
TX503260,EMP10384,Exercise,2026-06-17,1975,15.78,Germany,RSU,31165.5,0.3,9349.65,Approved,Normal
TX503261,EMP11485,Grant,2026-06-12,2197,84.65,India,Stock Option,185976.05,0.4,74390.42,Approved,High Value
TX503262,EMP11525,Grant,2026-08-19,271,85.03,Australia,ESPP,23043.13,0.3,6912.94,Approved,Normal
TX503263,EMP11583,Vesting,2026-01-10,61,31.86,USA,RSU,1943.46,0.3,583.04,Approved,Normal
TX503264,EMP10936,Cancellation,2025-08-29,442,48.02,UK,Stock Option,21224.84,0.2,4244.97,Approved,Normal
TX503265,EMP10620,Grant,2025-09-24,1463,20.43,USA,RSU,29889.09,0.4,11955.64,Approved,Normal
TX503266,EMP10900,Vesting,2026-05-28,1957,44.83,USA,RSU,87732.31,0.2,17546.46,Approved,Normal
TX503267,EMP11677,Grant,2025-09-18,1308,74.57,Australia,RSU,97537.56,0.2,19507.51,Approved,Normal
TX503268,EMP11358,Vesting,2025-10-22,1091,36.01,UK,RSU,39286.91,0.2,7857.38,Approved,Normal
TX503269,EMP10362,Vesting,2026-11-21,2206,40.41,Singapore,RSU,89144.46,0.2,17828.89,Approved,Normal
TX503270,EMP11129,Sale,2025-08-20,1243,80.19,UK,RSU,99676.17,0.45,44854.28,Approved,Normal
TX503271,EMP10224,Vesting,2026-09-19,2002,94.97,UK,RSU,190129.94,0.2,38025.99,Approved,High Value
TX503272,EMP10043,Grant,2025-02-26,2244,9.48,USA,Stock Option,21273.12,0.4,8509.25,Approved,Normal
TX503273,EMP10748,Grant,2025-01-03,137,24.66,UK,RSU,3378.42,0.3,0.0,Approved,Normal
TX503274,EMP10505,Sale,2026-02-21,1104,61.88,UK,Stock Option,68315.52,0.4,27326.21,Approved,Normal
TX503275,EMP11108,Sale,2026-05-23,2218,35.68,UK,RSU,79138.24,0.4,31655.3,Approved,Normal
TX503276,EMP10997,Exercise,2026-07-17,790,60.65,Australia,Performance Share,47913.5,0.4,19165.4,Approved,Normal
TX503277,EMP10855,Exercise,2025-07-15,917,48.96,India,Performance Share,44896.32,0.45,20203.34,Approved,Normal
TX503278,EMP11759,Exercise,2026-03-27,697,61.64,India,RSU,42963.08,0.45,19333.39,Approved,Normal
TX503279,EMP10247,Sale,2026-07-18,1674,57.32,India,RSU,95953.68,0.3,28786.1,Approved,Normal
TX503280,EMP10421,Grant,2025-03-15,1473,91.45,USA,RSU,134705.85,0.3,40411.75,Approved,High Value
TX503281,EMP11410,Grant,2026-02-08,696,12.91,Australia,Performance Share,8985.36,0.3,2695.61,Approved,Normal
TX503282,EMP10624,Sale,2025-02-24,2194,51.07,UK,Performance Share,112047.58,0.4,44819.03,Approved,High Value
TX503283,EMP11341,Cancellation,2026-10-16,125,45.49,USA,RSU,5686.25,0.2,1137.25,Approved,Normal
TX503284,EMP11541,Sale,2026-04-23,600,80.94,India,Stock Option,48564.0,0.2,9712.8,Pending Review,Normal
TX503285,EMP11225,Exercise,2025-03-27,97,5.86,UK,ESPP,568.42,0.3,170.53,Approved,Normal
TX503286,EMP10888,Sale,2025-02-09,344,54.87,UK,Stock Option,18875.28,0.3,5662.58,Pending Review,Normal
TX503287,EMP11608,Exercise,2026-05-30,1450,80.43,UK,RSU,116623.5,0.2,23324.7,Approved,High Value
TX503288,EMP11221,Exercise,2026-12-02,1702,14.55,Singapore,ESPP,24764.1,0.2,4952.82,Pending Review,Normal
TX503289,EMP10370,Vesting,2025-10-09,721,51.98,India,RSU,37477.58,0.45,16864.91,Approved,Normal
TX503290,EMP10421,Grant,2026-05-19,2365,57.88,USA,RSU,136886.2,0.2,27377.24,Approved,High Value
TX503291,EMP10677,Grant,2025-03-16,45,22.08,India,RSU,993.6,0.45,447.12,Approved,Normal
TX503292,EMP10915,Vesting,2026-10-16,1192,32.96,UK,RSU,39288.32,0.2,7857.66,Approved,Normal
TX503293,EMP10148,Grant,2026-03-17,1354,91.48,India,RSU,123863.92,0.4,49545.57,Approved,High Value
TX503294,EMP11538,Exercise,2026-02-14,1192,93.79,USA,ESPP,111797.68,0.3,33539.3,Approved,High Value
TX503295,EMP11255,Grant,2025-11-19,1779,35.33,India,RSU,62852.07,0.3,18855.62,Approved,Normal
TX503296,EMP11839,Grant,2025-02-17,261,22.88,USA,RSU,5971.68,0.45,2687.26,Approved,Normal
TX503297,EMP10821,Exercise,2026-02-28,1996,85.1,India,RSU,169859.6,0.3,50957.88,Approved,High Value
TX503298,EMP11133,Sale,2025-09-19,855,30.42,UK,RSU,26009.1,0.3,7802.73,Approved,Normal
TX503299,EMP11303,Sale,2026-03-03,1641,46.54,India,Performance Share,76372.14,0.2,15274.43,Approved,Normal
TX503300,EMP10264,Sale,2026-08-28,757,86.42,Singapore,RSU,65419.94,0.3,19625.98,Approved,Normal
TX503301,EMP11898,Sale,2026-05-17,1113,80.45,USA,Performance Share,89540.85,0.3,26862.26,Approved,Normal
TX503302,EMP11648,Grant,2025-07-02,1133,60.48,UK,Performance Share,68523.84,0.3,20557.15,Pending Review,Normal
TX503303,EMP10425,Sale,2025-05-24,370,59.81,Germany,Performance Share,22129.7,0.3,6638.91,Approved,Normal
TX503304,EMP11236,Vesting,2025-03-29,1875,91.46,Australia,RSU,171487.5,0.4,68595.0,Approved,High Value
TX503305,EMP10547,Grant,2026-10-29,375,16.04,Germany,RSU,6015.0,0.2,1203.0,Approved,Normal
TX503306,EMP11897,Cancellation,2026-02-26,1347,69.2,Australia,RSU,93212.4,0.2,18642.48,Approved,Normal
TX503307,EMP10364,Cancellation,2026-04-09,1905,52.6,USA,ESPP,100203.0,0.2,20040.6,Approved,High Value
TX503308,EMP11470,Sale,2025-12-15,968,13.46,USA,RSU,13029.28,0.4,5211.71,Approved,Normal
TX503309,EMP11757,Sale,2025-01-12,2094,75.28,India,RSU,157636.32,0.2,31527.26,Approved,High Value
TX503310,EMP11877,Vesting,2025-11-15,776,25.6,USA,ESPP,19865.6,0.3,5959.68,Approved,Normal
TX503311,EMP10971,Cancellation,2026-05-28,1726,13.74,Australia,Stock Option,23715.24,0.4,9486.1,Approved,Normal
TX503312,EMP11683,Sale,2026-01-19,1444,80.97,USA,RSU,116920.68,0.2,23384.14,Approved,High Value
TX503313,EMP11567,Exercise,2025-10-25,625,66.57,USA,Stock Option,41606.25,0.45,18722.81,Approved,Normal
TX503314,EMP10054,Vesting,2026-01-04,-52,24.92,USA,RSU,2516.92,0.3,755.08,Approved,Normal
TX503315,EMP10441,Cancellation,2026-02-09,310,85.8,UK,RSU,26598.0,0.45,11969.1,Approved,Normal
TX503316,EMP10230,Grant,2026-04-10,914,16.14,Singapore,Performance Share,14751.96,0.4,5900.78,Pending Review,Normal
TX503317,EMP11740,Exercise,2026-02-06,2331,76.73,UK,RSU,178857.63,0.3,53657.29,Approved,High Value
TX503318,EMP11897,Grant,2026-10-13,1675,75.42,Australia,RSU,126328.5,0.3,37898.55,Approved,High Value
TX503319,EMP11502,Grant,2026-02-13,359,6.72,Germany,RSU,2412.48,0.2,482.5,Approved,Normal
TX503320,EMP11964,Grant,2026-06-11,1816,43.12,UK,Stock Option,78305.92,0.2,15661.18,Approved,Normal
TX503321,EMP10750,Vesting,2026-09-30,2344,26.17,USA,ESPP,61342.48,0.4,24536.99,Approved,Normal
TX503322,EMP10100,Sale,2025-08-09,437,61.86,USA,ESPP,27032.82,0.3,8109.85,Approved,Normal
TX503323,EMP11765,Sale,2025-05-12,1623,91.37,India,Performance Share,148293.51,0.4,59317.4,Approved,High Value
TX503324,EMP11533,Vesting,2026-12-06,1066,39.83,UK,RSU,42458.78,0.2,8491.76,Approved,Normal
TX503325,EMP11648,Vesting,2025-02-16,253,78.69,UK,Performance Share,19908.57,0.3,5972.57,Approved,Normal
TX503326,EMP10252,Vesting,2025-05-12,542,52.68,UK,Performance Share,28552.56,0.3,8565.77,Approved,Normal
TX503327,EMP11903,Sale,2025-09-02,593,83.89,Australia,ESPP,49746.77,0.2,9949.35,Approved,Normal
TX503328,EMP10933,Grant,2026-03-18,2212,78.07,UK,RSU,172690.84,0.4,69076.34,Approved,High Value
TX503329,EMP11771,Grant,2025-04-06,835,55.01,USA,ESPP,45933.35,0.4,18373.34,Approved,Normal
TX503330,EMP10315,Sale,2025-01-22,2256,30.79,USA,ESPP,69462.24,0.45,31258.01,Approved,Normal
TX503331,EMP10888,Grant,2026-02-15,1568,26.23,UK,Stock Option,41128.64,0.2,8225.73,Approved,Normal
TX503332,EMP11754,Grant,2026-04-21,1118,64.49,UK,Performance Share,72099.82,0.3,21629.95,Approved,Normal
TX503333,EMP11565,Sale,2026-01-25,312,67.33,India,RSU,21006.96,0.2,4201.39,Approved,Normal
TX503334,EMP10937,Exercise,2025-03-03,1769,21.72,USA,Stock Option,38422.68,0.4,15369.07,Approved,Normal
TX503335,EMP11006,Exercise,2025-01-25,2246,10.89,India,Stock Option,24458.94,0.4,9783.58,Approved,Normal
TX503336,EMP11839,Sale,2025-09-17,1059,27.08,USA,RSU,28677.72,0.4,11471.09,Pending Review,Normal
TX503337,EMP11006,Grant,2026-06-26,624,77.48,India,Stock Option,48347.52,0.3,14504.26,Approved,Normal
TX503338,EMP11772,Grant,2025-10-03,714,47.36,UK,ESPP,33815.04,0.2,6763.01,Approved,Normal
TX503339,EMP10221,Sale,2025-12-18,312,43.15,India,Stock Option,13462.8,0.3,4038.84,Approved,Normal
TX503340,EMP11734,Exercise,2025-09-03,2018,58.49,India,RSU,118032.82,0.2,23606.56,Approved,High Value
TX503341,EMP10992,Grant,2025-10-03,471,29.24,Germany,Performance Share,13772.04,0.3,4131.61,Approved,Normal
TX503342,EMP10068,Grant,2025-02-19,892,35.34,Germany,RSU,31523.28,0.3,9456.98,Approved,Normal
TX503343,EMP10907,Cancellation,2026-10-25,1575,44.19,Australia,RSU,69599.25,0.4,27839.7,Approved,Normal
TX503344,EMP10257,Exercise,2025-03-31,263,9.84,USA,RSU,2587.92,0.2,517.58,Approved,Normal
TX503345,EMP10797,Cancellation,2026-08-16,1837,12.19,Singapore,Stock Option,22393.03,0.4,8957.21,Approved,Normal
TX503346,EMP11141,Grant,2026-07-27,977,26.0,USA,RSU,25402.0,0.45,11430.9,Pending Review,Normal
TX503347,EMP10478,Exercise,2026-05-17,125,74.54,UK,ESPP,9317.5,0.2,1863.5,Approved,Normal
TX503348,EMP11434,Vesting,2026-02-04,760,84.26,USA,RSU,64037.6,0.4,25615.04,Approved,Normal
TX503349,EMP11554,Vesting,2025-09-17,847,74.31,India,RSU,62940.57,0.45,28323.26,Approved,Normal
TX503350,EMP11090,Vesting,2025-01-02,1904,68.3,USA,Stock Option,130043.2,0.2,26008.64,Approved,High Value
TX503351,EMP10927,Grant,2025-02-12,166,58.89,Singapore,RSU,9775.74,0.4,3910.3,Approved,Normal
TX503352,EMP10330,Sale,2025-10-12,2091,94.08,India,RSU,196721.28,0.4,78688.51,Approved,High Value
TX503353,EMP10247,Sale,2026-01-06,833,19.82,India,RSU,16510.06,0.3,4953.02,Approved,Normal
TX503354,EMP10366,Grant,2025-11-28,1295,16.58,UK,RSU,21471.1,0.3,6441.33,Approved,Normal
TX503355,EMP11019,Exercise,2025-03-05,1819,14.48,UK,RSU,26339.12,0.3,7901.74,Approved,Normal
TX503356,EMP11616,Exercise,2025-07-11,309,26.98,UK,RSU,8336.82,0.4,3334.73,Approved,Normal
TX503357,EMP10723,Sale,2025-11-09,755,40.27,UK,ESPP,30403.85,0.3,9121.15,Pending Review,Normal
TX503358,EMP11399,Cancellation,2025-02-10,730,15.09,UK,RSU,11015.7,0.3,3304.71,Approved,Normal
TX503359,EMP10083,Exercise,2025-06-20,2400,56.57,India,RSU,135768.0,0.4,54307.2,Approved,High Value
TX503360,EMP11205,Exercise,2025-10-16,114,29.15,India,Stock Option,3323.1,0.2,664.62,Approved,Normal
TX503361,EMP11937,Vesting,2025-06-22,443,24.4,Singapore,ESPP,10809.2,0.3,3242.76,Approved,Normal
TX503362,EMP11722,Exercise,2025-02-17,503,62.94,India,RSU,31658.82,0.2,0.0,Approved,Normal
TX503363,EMP11325,Exercise,2026-12-20,1965,70.39,UK,ESPP,138316.35,0.3,41494.9,Approved,High Value
TX503364,EMP10737,Grant,2026-01-26,1309,73.64,India,RSU,96394.76,0.2,19278.95,Approved,Normal
TX503365,EMP10115,Sale,2025-09-06,1305,36.84,Australia,RSU,48076.2,0.3,14422.86,Approved,Normal
TX503366,EMP11979,Grant,2026-05-24,1409,11.79,India,Performance Share,16612.11,0.2,3322.42,Approved,Normal
TX503367,EMP11980,Sale,2025-06-05,1419,84.09,India,Stock Option,119323.71,0.45,53695.67,Approved,High Value
TX503368,EMP11486,Cancellation,2025-08-21,1842,58.47,USA,Stock Option,107701.74,0.4,43080.7,Approved,High Value
TX503369,EMP10768,Vesting,2026-04-23,2051,68.39,India,RSU,140267.89,0.4,56107.16,Approved,High Value
TX503370,EMP11644,Exercise,2026-12-09,1896,88.27,India,RSU,167359.92,0.3,50207.98,Pending Review,High Value
TX503371,EMP11797,Sale,2026-08-03,465,61.62,India,Stock Option,28653.3,0.45,12893.98,Approved,Normal
TX503372,EMP11300,Sale,2026-02-02,1380,5.43,USA,RSU,7493.4,0.3,2248.02,Approved,Normal
TX503373,EMP10742,Vesting,2025-05-05,476,62.23,Singapore,Performance Share,29621.48,0.4,11848.59,Approved,Normal
TX503374,EMP10037,Sale,2026-07-23,866,11.32,Singapore,RSU,9803.12,0.2,1960.62,Approved,Normal
TX503375,EMP10440,Cancellation,2026-01-17,984,38.6,India,RSU,37982.4,0.4,15192.96,Pending Review,Normal
TX503376,EMP10469,Sale,2025-03-11,270,7.45,UK,Performance Share,2011.5,0.4,804.6,Approved,Normal
TX503377,EMP10647,Sale,2026-03-01,508,39.81,India,Performance Share,20223.48,0.2,4044.7,Approved,Normal
TX503378,EMP11045,Vesting,2025-01-07,211,88.99,UK,RSU,18776.89,0.2,3755.38,Approved,Normal
TX503379,EMP10638,Exercise,2025-09-02,1253,44.16,UK,RSU,55332.48,0.3,16599.74,Approved,Normal
TX503380,EMP10832,Vesting,2026-08-05,2496,29.19,UK,ESPP,72858.24,0.2,14571.65,Approved,Normal
TX503381,EMP10771,Sale,2025-11-07,308,76.31,Singapore,RSU,23503.48,0.3,7051.04,Approved,Normal
TX503382,EMP11623,Vesting,2025-11-23,744,7.67,India,RSU,5706.48,0.4,2282.59,Approved,Normal
TX503383,EMP10792,Exercise,2026-02-05,1385,29.84,Germany,ESPP,41328.4,0.4,16531.36,Approved,Normal
TX503384,EMP10548,Exercise,2026-02-11,2132,36.61,UK,RSU,78052.52,0.45,35123.63,Approved,Normal
TX503385,EMP11223,Grant,2025-08-04,2070,67.0,USA,RSU,138690.0,0.4,55476.0,Approved,High Value
TX503386,EMP11541,Vesting,2025-09-13,1284,74.75,India,Stock Option,95979.0,0.2,19195.8,Approved,Normal
TX503387,EMP11450,Cancellation,2025-12-20,116,91.01,UK,ESPP,10557.16,0.2,2111.43,Approved,Normal
TX503388,EMP11578,Exercise,2025-07-24,395,68.96,USA,Performance Share,27239.2,0.45,12257.64,Approved,Normal
TX503389,EMP10661,Vesting,2025-08-05,643,11.19,UK,ESPP,7195.17,0.4,2878.07,Approved,Normal
TX503390,EMP10610,Exercise,2026-07-24,640,79.64,India,RSU,50969.6,0.3,15290.88,Approved,Normal
TX503391,EMP11652,Grant,2026-08-17,751,38.11,India,RSU,28620.61,0.2,5724.12,Approved,Normal
TX503392,EMP10100,Sale,2025-12-10,1932,53.88,USA,ESPP,104096.16,0.3,31228.85,Approved,High Value
TX503393,EMP11410,Vesting,2026-05-12,2321,46.72,Australia,Performance Share,108437.12,0.2,21687.42,Approved,High Value
TX503394,EMP11956,Vesting,2026-01-24,1083,67.37,India,Stock Option,72961.71,0.2,14592.34,Approved,Normal
TX503395,EMP10113,Grant,2025-08-31,1635,24.32,USA,RSU,39763.2,0.3,11928.96,Approved,Normal
TX503396,EMP11161,Cancellation,2026-03-08,2035,35.78,India,Performance Share,72812.3,0.3,21843.69,Approved,Normal
TX503397,EMP11614,Grant,2025-04-08,1206,62.91,USA,RSU,75869.46,0.3,22760.84,Approved,Normal
TX503398,EMP10952,Vesting,2025-04-24,1249,87.99,India,Stock Option,109899.51,0.3,32969.85,Approved,High Value
TX503399,EMP11896,Exercise,2026-08-13,933,55.54,UK,RSU,51818.82,0.4,20727.53,Pending Review,Normal
TX503400,EMP10091,Grant,2026-12-29,1325,16.38,Singapore,RSU,21703.5,0.2,4340.7,Approved,Normal
TX503401,EMP10279,Sale,2026-06-09,612,12.05,UK,RSU,7374.6,0.2,1474.92,Approved,Normal
TX503402,EMP11810,Grant,2025-08-03,923,36.39,India,RSU,33587.97,0.2,6717.59,Approved,Normal
TX503403,EMP11803,Vesting,2026-04-24,734,29.95,Singapore,Performance Share,21983.3,0.45,9892.48,Approved,Normal
TX503404,EMP10210,Vesting,2026-10-31,1652,6.05,UK,RSU,9994.6,0.4,3997.84,Approved,Normal
TX503405,EMP11067,Sale,2025-02-06,275,62.9,UK,Stock Option,17297.5,0.45,7783.88,Approved,Normal
TX503406,EMP10008,Sale,2025-11-06,1508,19.83,UK,RSU,29903.64,0.3,8971.09,Approved,Normal
TX503407,EMP11277,Vesting,2025-05-29,1282,58.39,UK,RSU,74855.98,0.4,29942.39,Pending Review,Normal
TX503408,EMP10366,Vesting,2026-01-06,1018,8.02,UK,RSU,8164.36,0.3,2449.31,Approved,Normal
TX503409,EMP11873,Exercise,2026-05-24,1777,48.08,India,Stock Option,85438.16,0.2,17087.63,Approved,Normal
TX503410,EMP10124,Cancellation,2026-09-30,1082,14.68,Singapore,ESPP,15883.76,0.2,3176.75,Approved,Normal
TX503411,EMP11683,Exercise,2025-10-09,1557,53.49,USA,RSU,83283.93,0.4,33313.57,Approved,Normal
TX503412,EMP10994,Grant,2026-12-02,2153,45.49,UK,Stock Option,97939.97,0.4,39175.99,Approved,Normal
TX503413,EMP11487,Grant,2025-05-06,1729,38.95,India,ESPP,67344.55,0.3,20203.37,Approved,Normal
TX503414,EMP11694,Vesting,2026-03-01,2320,55.28,India,Stock Option,128249.6,0.3,38474.88,Approved,High Value
TX503415,EMP11783,Vesting,2026-12-04,1916,94.54,Australia,RSU,181138.64,0.2,36227.73,Approved,High Value
TX503416,EMP11044,Grant,2025-01-08,1032,17.17,Germany,Stock Option,17719.44,0.3,5315.83,Approved,Normal
TX503417,EMP11054,Exercise,2025-11-16,1088,56.06,Germany,ESPP,60993.28,0.2,12198.66,Approved,Normal
TX503418,EMP11844,Cancellation,2026-02-04,1168,50.62,Germany,RSU,59124.16,0.3,17737.25,Approved,Normal
TX503419,EMP10741,Grant,2026-03-22,668,34.87,USA,ESPP,23293.16,0.2,4658.63,Approved,Normal
TX503420,EMP11216,Vesting,2025-04-07,2278,80.3,Singapore,Performance Share,182923.4,0.4,73169.36,Approved,High Value
TX503421,EMP10319,Sale,2025-10-01,265,17.34,India,Performance Share,4595.1,0.4,1838.04,Approved,Normal
TX503422,EMP11721,Vesting,2026-11-28,489,49.7,USA,RSU,24303.3,0.2,4860.66,Approved,Normal
TX503423,EMP11820,Cancellation,2025-10-06,2303,21.15,India,Stock Option,48708.45,0.3,14612.53,Approved,Normal
TX503424,EMP11077,Vesting,2025-05-26,489,61.57,USA,RSU,30107.73,0.2,6021.55,Approved,Normal
TX503425,EMP10745,Exercise,2025-12-04,976,44.6,Australia,Stock Option,43529.6,0.2,8705.92,Approved,Normal
TX503426,EMP10209,Vesting,2026-03-22,871,59.63,USA,Performance Share,51937.73,0.2,10387.55,Pending Review,Normal
TX503427,EMP11638,Grant,2026-11-09,1927,34.39,Australia,ESPP,66269.53,0.2,13253.91,Approved,Normal
TX503428,EMP10515,Vesting,2026-08-04,240,85.18,Germany,RSU,20443.2,0.2,4088.64,Approved,Normal
TX503429,EMP10790,Sale,2026-09-05,1705,84.58,UK,Stock Option,144208.9,0.45,64894.0,Approved,High Value
TX503430,EMP11102,Exercise,2026-05-29,75,88.64,UK,ESPP,6648.0,0.2,1329.6,Approved,Normal
TX503431,EMP10299,Sale,2025-08-16,1089,87.7,UK,RSU,95505.3,0.2,19101.06,Approved,Normal
TX503432,EMP11789,Cancellation,2026-12-31,1595,47.52,USA,RSU,75794.4,0.2,15158.88,Approved,Normal
TX503433,EMP11028,Exercise,2026-07-06,2414,18.29,UK,RSU,44152.06,0.2,8830.41,Approved,Normal
TX503434,EMP11666,Sale,2025-06-09,403,89.9,Germany,RSU,36229.7,0.4,14491.88,Approved,Normal
TX503435,EMP11348,Grant,2026-04-09,2486,50.39,UK,RSU,125269.54,0.2,25053.91,Approved,High Value
TX503436,EMP10885,Vesting,2025-02-27,1100,57.28,India,RSU,63008.0,0.4,25203.2,Approved,Normal
TX503437,EMP10712,Vesting,2025-07-16,1891,86.22,USA,RSU,163042.02,0.2,0.0,Approved,High Value
TX503438,EMP10280,Sale,2025-06-18,712,69.48,Singapore,Stock Option,49469.76,0.4,19787.9,Approved,Normal
TX503439,EMP10128,Sale,2025-05-28,688,8.04,Singapore,RSU,5531.52,0.4,2212.61,Approved,Normal
TX503440,EMP10361,Sale,2025-01-24,2176,13.24,UK,ESPP,28810.24,0.4,11524.1,Approved,Normal
TX503441,EMP10004,Vesting,2026-07-24,1305,81.63,Singapore,RSU,106527.15,0.3,31958.14,Approved,High Value
TX503442,EMP10006,Exercise,2026-06-26,207,52.84,USA,RSU,10937.88,0.2,2187.58,Approved,Normal
TX503443,EMP10548,Vesting,2026-10-29,1191,14.86,UK,RSU,17698.26,0.3,5309.48,Approved,Normal
TX503444,EMP11533,Exercise,2025-02-12,865,9.73,UK,RSU,8416.45,0.3,2524.94,Approved,Normal
TX503445,EMP11698,Sale,2025-03-02,1201,44.64,India,RSU,53612.64,0.2,10722.53,Approved,Normal
TX503446,EMP11693,Sale,2026-01-18,437,63.84,UK,ESPP,27898.08,0.2,5579.62,Pending Review,Normal
TX503447,EMP99999,Grant,2025-07-15,2139,93.38,India,RSU,199739.82,0.3,59921.95,Pending Review,High Value
TX503448,EMP10422,Vesting,2026-03-12,436,78.7,Germany,RSU,34313.2,0.45,15440.94,Approved,Normal
TX503449,EMP10689,Grant,2026-08-10,93,47.35,Singapore,RSU,4403.55,0.2,880.71,Pending Review,Normal
TX503450,EMP10335,Vesting,2026-09-13,1419,6.97,UK,Stock Option,9890.43,0.3,2967.13,Approved,Normal
TX503451,EMP11631,Sale,2025-10-27,2061,28.52,Germany,Stock Option,58779.72,0.4,23511.89,Approved,Normal
TX503452,EMP11945,Grant,2026-07-10,1571,11.6,USA,RSU,18223.6,0.3,5467.08,Approved,Normal
TX503453,EMP11815,Cancellation,2025-04-06,175,54.24,India,RSU,9492.0,0.3,2847.6,Pending Review,Normal
TX503454,EMP11740,Grant,2025-01-25,1274,7.71,UK,RSU,9822.54,0.3,2946.76,Approved,Normal
TX503455,EMP10799,Vesting,2026-11-12,2190,93.17,Germany,Stock Option,204042.3,0.3,61212.69,Pending Review,High Value
TX503456,EMP11203,Cancellation,2026-04-09,379,59.95,India,RSU,22721.05,0.3,6816.32,Approved,Normal
TX503457,EMP10700,Vesting,2026-04-22,1339,56.71,India,ESPP,75934.69,0.2,15186.94,Approved,Normal
TX503458,EMP10588,Sale,2025-07-06,1731,50.45,Australia,ESPP,87328.95,0.4,34931.58,Approved,Normal
TX503459,EMP10953,Sale,2026-02-24,644,74.02,Germany,ESPP,47668.88,0.2,9533.78,Approved,Normal
TX503460,EMP11159,Cancellation,2025-05-18,1845,12.89,Germany,RSU,23782.05,0.2,4756.41,Approved,Normal
TX503461,EMP11093,Exercise,2025-03-22,119,91.76,Australia,ESPP,10919.44,0.2,2183.89,Approved,Normal
TX503462,EMP10942,Vesting,2026-01-11,1564,92.95,Germany,RSU,145373.8,0.2,29074.76,Approved,High Value
TX503463,EMP11451,Vesting,2025-02-07,541,65.92,UK,RSU,35662.72,0.4,14265.09,Approved,Normal
TX503464,EMP10205,Vesting,2026-05-11,1224,92.89,USA,RSU,113697.36,0.2,22739.47,Approved,High Value
TX503465,EMP10283,Grant,2026-02-18,2255,47.31,USA,RSU,106684.05,0.2,21336.81,Approved,High Value
TX503466,EMP11029,Grant,2026-03-03,1088,32.02,USA,Performance Share,34837.76,0.3,10451.33,Approved,Normal
TX503467,EMP11592,Sale,2026-04-14,1519,48.26,UK,ESPP,73306.94,0.3,21992.08,Approved,Normal
TX503468,EMP11699,Exercise,2026-11-13,2143,33.73,Germany,RSU,72283.39,0.3,21685.02,Approved,Normal
TX503469,EMP10464,Cancellation,2026-10-12,424,66.7,Singapore,RSU,28280.8,0.4,11312.32,Approved,Normal
TX503470,EMP11218,Exercise,2025-02-08,835,41.15,Australia,Stock Option,34360.25,0.2,6872.05,Approved,Normal
TX503471,EMP10181,Vesting,2026-01-05,773,20.04,USA,Performance Share,15490.92,0.45,6970.91,Approved,Normal
TX503472,EMP10708,Sale,2025-05-24,1799,45.59,UK,Stock Option,82016.41,0.4,32806.56,Approved,Normal
TX503473,EMP10021,Cancellation,2025-09-20,654,80.38,USA,RSU,52568.52,0.2,10513.7,Approved,Normal
TX503474,EMP11952,Exercise,2025-07-09,1538,64.6,UK,Stock Option,99354.8,0.2,19870.96,Approved,Normal
TX503475,EMP11629,Vesting,2026-05-31,1074,76.34,UK,RSU,81989.16,0.2,16397.83,Approved,Normal
TX503476,EMP11906,Cancellation,2025-01-21,1850,29.88,USA,Stock Option,55278.0,0.4,22111.2,Approved,Normal
TX503477,EMP10872,Cancellation,2026-09-20,1582,72.35,India,ESPP,114457.7,0.4,45783.08,Approved,High Value
TX503478,EMP11683,Sale,2026-04-17,473,38.61,USA,RSU,18262.53,0.4,7305.01,Approved,Normal
TX503479,EMP11221,Sale,2026-06-09,973,33.85,Singapore,ESPP,32936.05,0.3,9880.82,Approved,Normal
TX503480,EMP10096,Vesting,2026-07-15,1471,43.45,India,ESPP,63914.95,0.2,12782.99,Pending Review,Normal
TX503481,EMP11849,Vesting,2026-10-01,636,60.53,UK,RSU,38497.08,0.3,11549.12,Approved,Normal
TX503482,EMP11484,Vesting,2025-11-04,1460,48.94,UK,RSU,71452.4,0.3,21435.72,Approved,Normal
TX503483,EMP11283,Grant,2026-10-17,2266,73.35,UK,RSU,166211.1,0.45,74795.0,Approved,High Value
TX503484,EMP11062,Grant,2026-06-19,324,91.88,UK,Stock Option,29769.12,0.4,11907.65,Approved,Normal
TX503485,EMP10348,Cancellation,2025-05-22,489,74.87,UK,RSU,36611.43,0.45,16475.14,Approved,Normal
TX503486,EMP11851,Sale,2026-05-22,2014,35.29,USA,RSU,71074.06,0.4,28429.62,Approved,Normal
TX503487,EMP11642,Grant,2025-11-19,781,25.36,Singapore,Performance Share,19806.16,0.2,3961.23,Approved,Normal
TX503488,EMP99999,Vesting,2026-08-23,1355,85.36,Singapore,ESPP,115662.8,0.45,52048.26,Approved,High Value
TX503489,EMP10441,Sale,2025-04-01,510,9.31,UK,RSU,4748.1,0.2,949.62,Approved,Normal
TX503490,EMP10963,Vesting,2025-02-23,298,40.9,USA,Stock Option,12188.2,0.3,3656.46,Approved,Normal
TX503491,EMP10158,Grant,2025-03-01,756,81.43,Germany,RSU,61561.08,0.3,18468.32,Approved,Normal
TX503492,EMP11437,Cancellation,2026-07-04,214,75.68,USA,RSU,16195.52,0.4,6478.21,Approved,Normal
TX503493,EMP11813,Vesting,2026-01-15,359,34.11,India,ESPP,12245.49,0.2,2449.1,Approved,Normal
TX503494,EMP10563,Exercise,2025-02-07,2109,70.5,UK,Performance Share,148684.5,0.2,29736.9,Approved,High Value
TX503495,EMP10267,Vesting,2025-04-19,272,90.25,Australia,RSU,24548.0,0.3,7364.4,Approved,Normal
TX503496,EMP11864,Vesting,2026-04-20,2347,22.16,UK,Performance Share,52009.52,0.2,10401.9,Approved,Normal
TX503497,EMP11544,Grant,2025-12-23,2132,21.51,Germany,RSU,45859.32,0.3,13757.8,Approved,Normal
TX503498,EMP11779,Exercise,2025-11-23,1206,66.79,India,RSU,80548.74,0.4,32219.5,Approved,Normal
TX503499,EMP11291,Vesting,2025-04-20,2466,72.21,UK,ESPP,178069.86,0.2,35613.97,Approved,High Value
TX503500,EMP10955,Grant,2026-11-30,2000,80.88,India,RSU,161760.0,0.4,64704.0,Approved,High Value
TX503501,EMP11232,Grant,2026-04-08,184,12.45,Singapore,RSU,2290.8,0.2,458.16,Approved,Normal
TX503502,EMP10988,Exercise,2025-02-19,1395,11.59,UK,Stock Option,16168.05,0.2,3233.61,Approved,Normal
TX503503,EMP10321,Grant,2025-08-25,253,65.7,UK,RSU,16622.1,0.3,4986.63,Approved,Normal
TX503504,EMP10547,Exercise,2026-09-09,1468,87.93,Germany,RSU,129081.24,0.2,25816.25,Approved,High Value
TX503505,EMP11394,Exercise,2026-07-17,239,85.82,Australia,ESPP,20510.98,0.4,8204.39,Approved,Normal
TX503506,EMP10976,Sale,2026-06-30,498,58.19,UK,RSU,28978.62,0.3,8693.59,Pending Review,Normal
TX503507,EMP11862,Exercise,2026-11-30,457,48.35,USA,ESPP,22095.95,0.4,8838.38,Approved,Normal
TX503508,EMP11958,Exercise,2026-05-28,1154,40.51,India,RSU,46748.54,0.4,18699.42,Pending Review,Normal
TX503509,EMP10908,Grant,2026-07-07,2051,44.3,USA,Stock Option,90859.3,0.2,18171.86,Approved,Normal
TX503510,EMP11802,Exercise,2026-02-05,1752,7.89,UK,RSU,13823.28,0.45,6220.48,Approved,Normal
TX503511,EMP11700,Sale,2025-07-19,353,55.07,UK,Stock Option,19439.71,0.2,3887.94,Approved,Normal
TX503512,EMP11294,Grant,2026-09-14,2184,34.99,UK,Stock Option,76418.16,0.2,15283.63,Approved,Normal
TX503513,EMP11138,Sale,2025-12-07,2000,79.37,India,ESPP,158740.0,0.4,63496.0,Approved,High Value
TX503514,EMP10814,Cancellation,2026-03-07,350,44.57,India,RSU,15599.5,0.2,3119.9,Approved,Normal
TX503515,EMP11491,Grant,2026-04-02,1469,90.48,India,Performance Share,132915.12,0.4,53166.05,Approved,High Value
TX503516,EMP10059,Exercise,2025-10-23,64,71.16,USA,ESPP,4554.24,0.3,1366.27,Approved,Normal
TX503517,EMP10311,Vesting,2026-06-08,2232,14.63,India,RSU,32654.16,0.2,6530.83,Approved,Normal
TX503518,EMP10110,Sale,2026-12-12,1269,62.68,India,RSU,79540.92,0.3,23862.28,Approved,Normal
TX503519,EMP11583,Sale,2026-01-27,1749,45.58,USA,RSU,79719.42,0.2,15943.88,Approved,Normal
TX503520,EMP10364,Sale,2025-05-09,667,60.31,USA,ESPP,40226.77,0.2,8045.35,Approved,Normal
TX503521,EMP11005,Grant,2025-01-13,1477,81.63,India,Stock Option,120567.51,0.3,36170.25,Approved,High Value
TX503522,EMP11611,Sale,2025-06-10,58,31.27,USA,Stock Option,1813.66,0.3,544.1,Pending Review,Normal
TX503523,EMP10236,Grant,2025-03-31,2128,81.57,USA,ESPP,173580.96,0.4,69432.38,Approved,High Value
TX503524,EMP10873,Grant,2026-12-30,1091,88.89,Germany,Performance Share,96978.99,0.2,19395.8,Approved,Normal
TX503525,EMP11871,Exercise,2026-03-04,684,65.81,UK,Performance Share,45014.04,0.3,13504.21,Approved,Normal
TX503526,EMP11446,Vesting,2026-05-23,2191,62.55,UK,ESPP,137047.05,0.4,0.0,Approved,High Value
TX503527,EMP11781,Exercise,2025-10-08,1779,76.28,UK,Performance Share,135702.12,0.3,40710.64,Approved,High Value
TX503528,EMP10992,Exercise,2025-10-21,1211,66.66,Germany,Performance Share,80725.26,0.2,16145.05,Approved,Normal
TX503529,EMP11680,Grant,2025-09-22,1831,55.24,USA,Performance Share,101144.44,0.3,30343.33,Approved,High Value
TX503530,EMP11605,Exercise,2025-11-07,1527,78.08,India,RSU,119228.16,0.2,23845.63,Approved,High Value
TX503531,EMP10025,Sale,2025-07-13,2026,9.17,Germany,Stock Option,18578.42,0.2,3715.68,Approved,Normal
TX503532,EMP10152,Sale,2025-05-02,1749,70.24,USA,RSU,122849.76,0.3,36854.93,Approved,High Value
TX503533,EMP11688,Sale,2026-08-27,1649,9.41,UK,ESPP,15517.09,0.45,6982.69,Approved,Normal
TX503534,EMP11841,Sale,2025-01-31,1366,19.2,Australia,Performance Share,26227.2,0.2,5245.44,Approved,Normal
TX503535,EMP11969,Sale,2025-06-12,1101,63.69,Singapore,ESPP,70122.69,0.2,14024.54,Approved,Normal
TX503536,EMP10543,Sale,2025-02-15,1337,68.13,Australia,RSU,91089.81,0.2,18217.96,Approved,Normal
TX503537,EMP10330,Cancellation,2026-12-29,2429,89.31,India,RSU,216933.99,0.4,86773.6,Approved,High Value
TX503538,EMP10251,Grant,2025-08-05,1383,37.0,Australia,ESPP,51171.0,0.2,10234.2,Approved,Normal
TX503539,EMP10223,Grant,2026-04-19,101,57.06,USA,Stock Option,5763.06,0.4,2305.22,Approved,Normal
TX503540,EMP11409,Sale,2026-07-12,1043,38.42,UK,Stock Option,40072.06,0.2,8014.41,Approved,Normal
TX503541,EMP11616,Sale,2026-06-22,1501,64.06,UK,RSU,96154.06,0.4,38461.62,Approved,Normal
TX503542,EMP10919,Grant,2026-06-05,98,61.16,UK,RSU,5993.68,0.3,1798.1,Approved,Normal
TX503543,EMP11585,Exercise,2025-05-25,601,71.5,UK,RSU,42971.5,0.2,8594.3,Approved,Normal
TX503544,EMP11137,Vesting,2025-05-08,1587,30.76,UK,ESPP,48816.12,0.2,9763.22,Approved,Normal
TX503545,EMP10543,Cancellation,2026-07-22,1608,20.65,Australia,RSU,33205.2,0.2,6641.04,Approved,Normal
TX503546,EMP10586,Vesting,2026-03-19,1470,70.28,USA,Performance Share,103311.6,0.4,41324.64,Approved,High Value
TX503547,EMP10415,Exercise,2025-11-14,2044,12.28,India,Stock Option,25100.32,0.3,7530.1,Approved,Normal
TX503548,EMP10841,Sale,2026-09-13,1761,93.38,Australia,RSU,164442.18,0.4,65776.87,Approved,High Value
TX503549,EMP11001,Exercise,2025-04-15,748,83.29,UK,RSU,62300.92,0.45,28035.41,Approved,Normal
TX503550,EMP10380,Grant,2025-02-09,1946,23.14,USA,ESPP,45030.44,0.3,13509.13,Approved,Normal
TX503551,EMP11996,Exercise,2025-02-27,1405,9.96,India,RSU,13993.8,0.4,5597.52,Approved,Normal
TX503552,EMP11031,Grant,2025-05-27,2337,38.93,UK,ESPP,90979.41,0.45,40940.73,Approved,Normal
TX503553,EMP10143,Sale,2025-04-22,1847,19.57,UK,RSU,36145.79,0.2,7229.16,Approved,Normal
TX503554,EMP10035,Grant,2026-04-13,1074,54.23,India,Performance Share,58243.02,0.3,17472.91,Approved,Normal
TX503555,EMP11655,Vesting,2026-04-22,2417,87.28,Singapore,Performance Share,210955.76,0.2,42191.15,Approved,High Value
TX503556,EMP11036,Vesting,2025-06-27,644,87.89,UK,Stock Option,56601.16,0.2,11320.23,Approved,Normal
TX503557,EMP10993,Grant,2026-07-05,283,44.72,Singapore,Stock Option,12655.76,0.45,5695.09,Approved,Normal
TX503558,EMP10284,Cancellation,2026-09-07,1090,30.6,UK,RSU,33354.0,0.4,13341.6,Approved,Normal
TX503559,EMP10045,Cancellation,2026-11-29,1422,33.01,India,RSU,46940.22,0.3,14082.07,Approved,Normal
TX503560,EMP10486,Sale,2026-01-17,1272,80.36,USA,RSU,102217.92,0.3,30665.38,Approved,High Value
TX503561,EMP11926,Grant,2025-03-30,2183,19.14,USA,Performance Share,41782.62,0.45,18802.18,Approved,Normal
TX503562,EMP10446,Sale,2026-12-04,2115,88.55,Australia,ESPP,187283.25,0.2,37456.65,Approved,High Value
TX503563,EMP11358,Sale,2025-03-05,1145,21.75,UK,RSU,24903.75,0.2,4980.75,Approved,Normal
TX503564,EMP10389,Grant,2025-08-16,1389,10.44,Germany,ESPP,14501.16,0.2,2900.23,Pending Review,Normal
TX503565,EMP11093,Grant,2026-02-23,1770,25.06,Australia,ESPP,44356.2,0.4,17742.48,Approved,Normal
TX503566,EMP11133,Exercise,2025-02-18,694,52.03,UK,RSU,36108.82,0.4,14443.53,Pending Review,Normal
TX503567,EMP11263,Vesting,2025-09-17,1482,10.5,India,RSU,15561.0,0.2,3112.2,Approved,Normal
TX503568,EMP11353,Vesting,2026-02-27,759,85.13,UK,Stock Option,64613.67,0.2,12922.73,Approved,Normal
TX503569,EMP11527,Exercise,2025-04-21,84,70.14,Singapore,Performance Share,5891.76,0.3,1767.53,Approved,Normal
TX503570,EMP10975,Sale,2025-05-13,1104,33.32,UK,Performance Share,36785.28,0.3,11035.58,Approved,Normal
TX503571,EMP10510,Sale,2025-07-31,1494,83.05,India,RSU,124076.7,0.4,49630.68,Approved,High Value
TX503572,EMP11265,Exercise,2026-06-16,1734,55.88,Germany,ESPP,96895.92,0.2,19379.18,Approved,Normal
TX503573,EMP10517,Sale,2026-12-07,1333,75.8,Germany,RSU,101041.4,0.45,45468.63,Approved,High Value
TX503574,EMP10446,Cancellation,2025-11-25,2118,78.9,Australia,ESPP,167110.2,0.2,33422.04,Pending Review,High Value
TX503575,EMP10038,Sale,2025-11-18,1024,43.69,India,Stock Option,44738.56,0.2,8947.71,Approved,Normal
TX503576,EMP10979,Grant,2025-01-04,2165,20.4,India,RSU,44166.0,0.2,8833.2,Approved,Normal
TX503577,EMP11092,Sale,2026-01-18,1037,40.1,UK,RSU,41583.7,0.4,16633.48,Approved,Normal
TX503578,EMP11258,Exercise,2026-07-05,806,28.55,India,Stock Option,23011.3,0.3,6903.39,Approved,Normal
TX503579,EMP10391,Sale,2025-07-05,2378,54.9,India,ESPP,130552.2,0.4,52220.88,Approved,High Value
TX503580,EMP11811,Exercise,2026-10-11,811,55.57,Singapore,RSU,45067.27,0.4,18026.91,Approved,Normal
TX503581,EMP10387,Vesting,2025-05-31,377,9.3,Australia,Stock Option,3506.1,0.2,701.22,Approved,Normal
TX503582,EMP10493,Sale,2026-08-14,1477,80.3,Australia,RSU,118603.1,0.4,47441.24,Pending Review,High Value
TX503583,EMP11382,Sale,2025-06-15,1356,68.2,India,Performance Share,92479.2,0.4,36991.68,Pending Review,Normal
TX503584,EMP10923,Exercise,2025-11-25,1266,80.48,India,RSU,101887.68,0.45,45849.46,Approved,High Value
TX503585,EMP10390,Exercise,2026-12-22,2016,94.64,USA,RSU,190794.24,0.3,57238.27,Approved,High Value
TX503586,EMP10671,Exercise,2026-11-30,380,77.23,Australia,Performance Share,29347.4,0.3,8804.22,Approved,Normal
TX503587,EMP10062,Sale,2026-08-26,324,81.53,USA,RSU,26415.72,0.4,10566.29,Approved,Normal
TX503588,EMP11550,Sale,2026-08-05,2266,70.32,UK,Performance Share,159345.12,0.2,31869.02,Approved,High Value
TX503589,EMP11598,Vesting,2026-09-28,719,18.0,Australia,RSU,12942.0,0.3,3882.6,Approved,Normal
TX503590,EMP10958,Grant,2026-11-03,1453,26.08,India,RSU,37894.24,0.2,7578.85,Approved,Normal
TX503591,EMP11738,Grant,2026-02-19,1047,15.02,India,RSU,15725.94,0.4,6290.38,Approved,Normal
TX503592,EMP11861,Exercise,2025-06-06,139,13.12,India,Performance Share,1823.68,0.2,364.74,Approved,Normal
TX503593,EMP11258,Grant,2025-02-25,1758,22.69,India,Stock Option,39889.02,0.2,7977.8,Approved,Normal
TX503594,EMP11644,Sale,2026-02-13,1707,72.92,India,RSU,124474.44,0.4,49789.78,Pending Review,High Value
TX503595,EMP10797,Vesting,2025-01-22,2412,41.35,Singapore,Stock Option,99736.2,0.3,29920.86,Approved,Normal
TX503596,EMP11240,Vesting,2026-12-18,2115,42.5,UK,RSU,89887.5,0.2,17977.5,Approved,Normal
TX503597,EMP11454,Sale,2025-06-08,2409,54.76,Germany,Stock Option,131916.84,0.2,26383.37,Approved,High Value
TX503598,EMP11688,Sale,2025-02-06,1797,19.55,UK,ESPP,35131.35,0.45,15809.11,Approved,Normal
TX503599,EMP11537,Vesting,2026-05-05,1638,39.22,India,RSU,64242.36,0.3,19272.71,Approved,Normal
TX503600,EMP10406,Grant,2025-08-08,648,79.19,UK,RSU,51315.12,0.3,15394.54,Pending Review,Normal
TX503601,EMP10705,Exercise,2025-07-01,1226,47.96,India,RSU,58798.96,0.3,17639.69,Approved,Normal
TX503602,EMP11487,Vesting,2026-01-15,578,16.1,India,ESPP,9305.8,0.4,3722.32,Approved,Normal
TX503603,EMP10953,Exercise,2025-05-16,1312,9.03,Germany,ESPP,11847.36,0.3,3554.21,Approved,Normal
TX503604,EMP11860,Sale,2025-04-13,584,90.41,Germany,RSU,52799.44,0.45,23759.75,Approved,Normal
TX503605,EMP11110,Exercise,2025-05-18,1858,80.99,UK,ESPP,150479.42,0.3,45143.83,Approved,High Value
TX503606,EMP11461,Sale,2025-05-17,1301,20.48,India,ESPP,26644.48,0.2,5328.9,Approved,Normal
TX503607,EMP11077,Exercise,2025-08-08,355,11.49,USA,RSU,4078.95,0.3,1223.68,Approved,Normal
TX503608,EMP11913,Grant,2026-10-27,533,89.54,UK,RSU,47724.82,0.2,9544.96,Approved,Normal
TX503609,EMP11955,Exercise,2026-10-14,493,16.89,UK,RSU,8326.77,0.3,2498.03,Approved,Normal
TX503610,EMP11849,Sale,2026-03-22,475,84.41,UK,RSU,40094.75,0.45,18042.64,Approved,Normal
TX503611,EMP10349,Vesting,2026-07-23,1495,51.73,USA,RSU,77336.35,0.3,23200.91,Approved,Normal
TX503612,EMP10834,Vesting,2026-12-11,1764,81.64,USA,RSU,144012.96,0.3,43203.89,Approved,High Value
TX503613,EMP11980,Sale,2025-01-17,1185,13.6,India,Stock Option,16116.0,0.3,4834.8,Approved,Normal
TX503614,EMP10350,Sale,2025-09-11,1490,67.34,India,ESPP,100336.6,0.3,30100.98,Approved,High Value
TX503615,EMP11414,Vesting,2025-03-31,1070,41.22,India,Performance Share,44105.4,0.4,17642.16,Approved,Normal
TX503616,EMP11557,Sale,2025-03-11,1260,50.85,UK,RSU,64071.0,0.4,25628.4,Approved,Normal
TX503617,EMP10993,Cancellation,2026-09-06,1002,64.79,Singapore,Stock Option,64919.58,0.45,29213.81,Approved,Normal
TX503618,EMP10297,Grant,2026-12-11,505,48.74,India,RSU,24613.7,0.4,0.0,Pending Review,Normal
TX503619,EMP10897,Exercise,2025-09-25,1229,47.54,Germany,Stock Option,58426.66,0.2,11685.33,Approved,Normal
TX503620,EMP10862,Vesting,2026-07-19,116,93.76,Germany,RSU,10876.16,0.4,4350.46,Approved,Normal
TX503621,EMP10140,Vesting,2025-02-07,380,32.97,Singapore,Stock Option,12528.6,0.2,2505.72,Approved,Normal
TX503622,EMP11843,Vesting,2026-01-11,185,65.23,USA,RSU,12067.55,0.2,2413.51,Approved,Normal
TX503623,EMP10799,Exercise,2025-01-28,1936,29.76,Germany,Stock Option,57615.36,0.4,23046.14,Approved,Normal
TX503624,EMP10652,Grant,2025-09-21,839,17.15,Australia,Stock Option,14388.85,0.45,6474.98,Approved,Normal
TX503625,EMP11996,Exercise,2025-07-26,1162,46.28,India,RSU,53777.36,0.4,21510.94,Approved,Normal
TX503626,EMP10288,Exercise,2025-06-05,229,27.13,USA,RSU,6212.77,0.4,2485.11,Approved,Normal
TX503627,EMP11828,Grant,2026-10-04,1902,80.26,India,ESPP,152654.52,0.2,30530.9,Approved,High Value
TX503628,EMP11955,Cancellation,2026-07-06,2409,75.82,UK,RSU,182650.38,0.2,36530.08,Approved,High Value
TX503629,EMP11422,Grant,2025-03-23,1126,89.85,Singapore,RSU,101171.1,0.4,40468.44,Approved,High Value
TX503630,EMP11261,Vesting,2025-01-20,688,91.34,USA,ESPP,62841.92,0.45,28278.86,Approved,Normal
TX503631,EMP11806,Exercise,2026-10-23,1499,31.25,Australia,ESPP,46843.75,0.3,14053.12,Approved,Normal
TX503632,EMP10431,Sale,2025-05-09,1011,43.91,India,RSU,44393.01,0.3,13317.9,Approved,Normal
TX503633,EMP10508,Exercise,2026-07-30,2171,45.14,India,RSU,97998.94,0.2,19599.79,Approved,Normal
TX503634,EMP10004,Grant,2025-01-20,2363,91.14,Singapore,RSU,215363.82,0.45,96913.72,Approved,High Value
TX503635,EMP10404,Sale,2025-04-29,351,27.19,India,ESPP,9543.69,0.3,2863.11,Approved,Normal
TX503636,EMP10252,Grant,2026-08-11,899,73.11,UK,Performance Share,65725.89,0.4,26290.36,Approved,Normal
TX503637,EMP10968,Vesting,2026-08-10,319,74.03,India,ESPP,23615.57,0.2,4723.11,Approved,Normal
TX503638,EMP10607,Exercise,2026-02-04,908,30.81,UK,RSU,27975.48,0.4,11190.19,Approved,Normal
TX503639,EMP10636,Grant,2025-12-27,714,33.76,India,Stock Option,24104.64,0.2,4820.93,Approved,Normal
TX503640,EMP11940,Sale,2025-03-19,2369,62.35,USA,Performance Share,147707.15,0.4,59082.86,Approved,High Value
TX503641,EMP11096,Sale,2025-12-13,113,47.62,India,ESPP,5381.06,0.2,1076.21,Approved,Normal
TX503642,EMP10779,Vesting,2025-06-29,1963,15.83,UK,Performance Share,31074.29,0.3,9322.29,Approved,Normal
TX503643,EMP11897,Vesting,2025-05-19,1488,71.73,Australia,RSU,106734.24,0.2,21346.85,Approved,High Value
TX503644,EMP11754,Vesting,2026-10-25,1798,74.91,UK,Performance Share,134688.18,0.2,26937.64,Approved,High Value
TX503645,EMP10288,Grant,2026-12-20,1030,22.84,USA,RSU,23525.2,0.2,4705.04,Approved,Normal
TX503646,EMP11759,Cancellation,2025-02-12,977,31.27,India,RSU,30550.79,0.4,12220.32,Approved,Normal
TX503647,EMP11805,Vesting,2025-07-27,2136,65.96,UK,RSU,140890.56,0.2,28178.11,Approved,High Value
TX503648,EMP11435,Sale,2025-05-03,262,52.46,UK,RSU,13744.52,0.2,2748.9,Approved,Normal
TX503649,EMP10525,Vesting,2025-03-30,1545,7.77,Germany,Stock Option,12004.65,0.2,2400.93,Approved,Normal
TX503650,EMP10590,Grant,2025-09-15,661,90.56,Australia,Performance Share,59860.16,0.4,23944.06,Approved,Normal
TX503651,EMP11342,Cancellation,2025-11-07,282,89.95,UK,RSU,25365.9,0.2,5073.18,Approved,Normal
TX503652,EMP10729,Sale,2026-02-17,1831,94.31,USA,RSU,172681.61,0.3,51804.48,Approved,High Value
TX503653,EMP11029,Sale,2026-08-04,1688,5.7,USA,Performance Share,9621.6,0.2,1924.32,Approved,Normal
TX503654,EMP10168,Exercise,2025-11-14,2399,91.18,Australia,Stock Option,218740.82,0.2,43748.16,Approved,High Value
TX503655,EMP10927,Sale,2026-05-23,271,32.32,Singapore,RSU,8758.72,0.3,2627.62,Approved,Normal
TX503656,EMP11388,Sale,2026-06-18,1090,69.95,UK,ESPP,76245.5,0.4,30498.2,Approved,Normal
TX503657,EMP10451,Grant,2026-01-13,2453,47.81,India,Performance Share,117277.93,0.3,35183.38,Approved,High Value
TX503658,EMP11294,Sale,2026-06-06,72,78.68,UK,Stock Option,5664.96,0.3,1699.49,Approved,Normal
TX503659,EMP11685,Sale,2025-04-07,545,35.19,USA,Stock Option,19178.55,0.3,5753.56,Approved,Normal
TX503660,EMP11638,Exercise,2026-11-05,457,17.11,Australia,ESPP,7819.27,0.2,1563.85,Approved,Normal
TX503661,EMP11562,Sale,2026-10-05,1377,81.05,USA,Stock Option,111605.85,0.4,44642.34,Approved,High Value
TX503662,EMP10741,Vesting,2025-09-23,1131,64.48,USA,ESPP,72926.88,0.2,14585.38,Approved,Normal
TX503663,EMP11591,Exercise,2025-08-10,310,46.68,UK,RSU,14470.8,0.45,6511.86,Pending Review,Normal
TX503664,EMP10541,Sale,2025-01-21,1422,36.3,USA,RSU,51618.6,0.3,15485.58,Approved,Normal
TX503665,EMP11041,Grant,2026-05-29,1814,8.81,Singapore,RSU,15981.34,0.2,3196.27,Approved,Normal
TX503666,EMP10699,Exercise,2025-07-24,917,85.81,India,RSU,78687.77,0.2,15737.55,Approved,Normal
TX503667,EMP11752,Sale,2026-03-17,2410,18.11,USA,RSU,43645.1,0.3,13093.53,Approved,Normal
TX503668,EMP10670,Cancellation,2025-02-07,33,33.78,Singapore,RSU,1114.74,0.2,222.95,Approved,Normal
TX503669,EMP11550,Sale,2025-06-11,1166,72.36,UK,Performance Share,84371.76,0.2,16874.35,Approved,Normal
TX503670,EMP10125,Grant,2025-01-07,806,44.33,Australia,Stock Option,35729.98,0.4,14291.99,Approved,Normal
TX503671,EMP10337,Vesting,2025-05-28,1463,85.64,UK,Performance Share,125291.32,0.2,25058.26,Approved,High Value
TX503672,EMP11733,Exercise,2025-04-07,2247,13.93,Germany,ESPP,31300.71,0.45,14085.32,Approved,Normal
TX503673,EMP11147,Exercise,2026-04-11,254,46.61,India,Stock Option,11838.94,0.2,2367.79,Approved,Normal
TX503674,EMP11235,Sale,2026-09-25,1924,34.05,Singapore,ESPP,65512.2,0.2,13102.44,Approved,Normal
TX503675,EMP11114,Vesting,2026-10-13,2253,92.95,UK,RSU,209416.35,0.4,83766.54,Approved,High Value
TX503676,EMP10787,Vesting,2025-12-05,2370,20.24,Australia,Stock Option,47968.8,0.4,19187.52,Approved,Normal
TX503677,EMP11499,Cancellation,2025-05-16,1708,74.52,UK,Stock Option,127280.16,0.4,50912.06,Approved,High Value
TX503678,EMP11330,Vesting,2026-08-22,2343,5.86,India,RSU,13729.98,0.2,2746.0,Approved,Normal
TX503679,EMP10601,Exercise,2026-03-24,1408,76.01,Singapore,Performance Share,107022.08,0.2,21404.42,Approved,High Value
TX503680,EMP11357,Grant,2026-10-26,1249,13.15,India,RSU,16424.35,0.3,4927.3,Approved,Normal
TX503681,EMP11798,Cancellation,2026-06-14,2488,74.84,Singapore,RSU,186201.92,0.45,83790.86,Approved,High Value
TX503682,EMP11321,Exercise,2026-06-06,640,23.08,USA,RSU,14771.2,0.2,2954.24,Approved,Normal
TX503683,EMP11807,Sale,2025-03-15,2429,84.86,USA,Stock Option,206124.94,0.3,61837.48,Approved,High Value
TX503684,EMP11386,Grant,2025-05-02,397,33.96,India,Performance Share,13482.12,0.2,2696.42,Approved,Normal
TX503685,EMP10968,Exercise,2025-10-17,1548,65.33,India,ESPP,101130.84,0.3,30339.25,Approved,High Value
TX503686,EMP11843,Cancellation,2026-02-22,1941,40.29,USA,RSU,78202.89,0.4,31281.16,Approved,Normal
TX503687,EMP11694,Sale,2026-06-27,662,5.85,India,Stock Option,3872.7,0.2,774.54,Approved,Normal
TX503688,EMP10738,Sale,2026-02-26,222,88.81,USA,RSU,19715.82,0.4,7886.33,Approved,Normal
TX503689,EMP10410,Grant,2026-08-12,1003,92.07,India,RSU,92346.21,0.3,27703.86,Approved,Normal
TX503690,EMP11931,Vesting,2025-07-11,932,82.73,USA,RSU,77104.36,0.45,34696.96,Approved,Normal
TX503691,EMP10563,Vesting,2026-02-06,95,49.83,UK,Performance Share,4733.85,0.45,2130.23,Approved,Normal
TX503692,EMP10971,Exercise,2025-04-23,1363,74.09,Australia,Stock Option,100984.67,0.4,40393.87,Approved,High Value
TX503693,EMP10070,Grant,2026-12-11,866,67.16,India,Performance Share,58160.56,0.2,11632.11,Approved,Normal
TX503694,EMP10376,Exercise,2026-03-28,188,75.51,UK,Performance Share,14195.88,0.2,2839.18,Approved,Normal
TX503695,EMP11969,Exercise,2026-04-01,245,7.79,Singapore,ESPP,1908.55,0.2,381.71,Approved,Normal
TX503696,EMP10766,Cancellation,2026-05-15,1231,67.16,India,Performance Share,82673.96,0.3,24802.19,Approved,Normal
TX503697,EMP10723,Grant,2025-09-16,51,38.37,UK,ESPP,1956.87,0.2,391.37,Approved,Normal
TX503698,EMP10878,Grant,2026-05-01,831,52.94,Australia,RSU,43993.14,0.4,17597.26,Approved,Normal
TX503699,EMP11218,Grant,2025-07-30,358,8.0,Australia,Stock Option,2864.0,0.4,1145.6,Approved,Normal
TX503700,EMP11239,Sale,2025-05-14,1061,75.43,UK,Stock Option,80031.23,0.4,32012.49,Approved,Normal
TX503701,EMP11120,Exercise,2026-10-08,2429,27.91,India,Stock Option,67793.39,0.3,20338.02,Approved,Normal
TX503702,EMP10051,Cancellation,2025-02-18,1537,90.23,India,RSU,138683.51,0.45,62407.58,Approved,High Value
TX503703,EMP10647,Grant,2026-10-26,1755,25.73,India,Performance Share,45156.15,0.2,9031.23,Approved,Normal
TX503704,EMP10946,Grant,2025-03-24,640,33.57,Singapore,RSU,21484.8,0.3,6445.44,Approved,Normal
TX503705,EMP10883,Vesting,2025-05-07,1232,58.52,Germany,RSU,72096.64,0.3,21628.99,Approved,Normal
TX503706,EMP10803,Vesting,2025-09-28,1517,93.46,UK,RSU,141778.82,0.2,28355.76,Approved,High Value
TX503707,EMP10465,Exercise,2026-12-21,1567,13.15,Australia,ESPP,20606.05,0.4,8242.42,Approved,Normal
TX503708,EMP11141,Vesting,2026-11-14,1819,53.19,USA,RSU,96752.61,0.3,29025.78,Approved,Normal
TX503709,EMP11499,Cancellation,2025-03-19,1539,40.39,UK,Stock Option,62160.21,0.45,27972.09,Approved,Normal
TX503710,EMP11150,Sale,2025-01-07,1703,80.37,Singapore,Performance Share,136870.11,0.3,41061.03,Approved,High Value
TX503711,EMP10899,Exercise,2025-04-23,1716,30.39,India,ESPP,52149.24,0.3,15644.77,Approved,Normal
TX503712,EMP10868,Cancellation,2026-09-15,2403,11.22,Germany,Performance Share,26961.66,0.2,5392.33,Approved,Normal
TX503713,EMP11910,Sale,2026-01-01,585,25.12,UK,ESPP,14695.2,0.3,4408.56,Approved,Normal
TX503714,EMP10194,Sale,2025-07-27,1680,54.74,India,RSU,91963.2,0.3,27588.96,Approved,Normal
TX503715,EMP10228,Grant,2026-10-25,1743,94.1,UK,Performance Share,164016.3,0.4,65606.52,Approved,High Value
TX503716,EMP10146,Sale,2026-05-31,1941,21.61,UK,RSU,41945.01,0.2,8389.0,Approved,Normal
TX503717,EMP10933,Sale,2026-11-21,673,45.58,UK,RSU,30675.34,0.3,9202.6,Approved,Normal
TX503718,EMP11627,Cancellation,2026-05-31,2069,74.83,USA,RSU,154823.27,0.3,46446.98,Approved,High Value
TX503719,EMP11610,Vesting,2025-12-12,1566,21.44,Germany,Stock Option,33575.04,0.3,10072.51,Approved,Normal
TX503720,EMP10868,Vesting,2025-06-17,2235,74.54,Germany,Performance Share,166596.9,0.4,66638.76,Approved,High Value
TX503721,EMP10904,Cancellation,2026-08-08,628,60.95,Singapore,Stock Option,38276.6,0.4,15310.64,Approved,Normal
TX503722,EMP11081,Vesting,2025-06-17,771,19.03,India,RSU,14672.13,0.4,5868.85,Approved,Normal
TX503723,EMP10723,Grant,2026-05-30,337,19.18,UK,ESPP,6463.66,0.3,1939.1,Approved,Normal
TX503724,EMP10806,Sale,2025-03-22,-69,40.05,UK,RSU,68245.2,0.4,27298.08,Approved,Normal
TX503725,EMP11936,Exercise,2026-06-08,37,51.28,USA,RSU,1897.36,0.4,758.94,Approved,Normal
TX503726,EMP10711,Sale,2026-07-24,1788,42.06,India,RSU,75203.28,0.3,22560.98,Approved,Normal
TX503727,EMP11539,Sale,2026-11-30,1022,79.91,India,RSU,81668.02,0.2,16333.6,Approved,Normal
TX503728,EMP10832,Cancellation,2026-08-07,2353,89.7,UK,ESPP,211064.1,0.4,84425.64,Pending Review,High Value
TX503729,EMP99999,Exercise,2025-03-03,1841,29.52,UK,Performance Share,54346.32,0.2,10869.26,Pending Review,Normal
TX503730,EMP11355,Cancellation,2025-09-06,452,63.11,UK,Performance Share,28525.72,0.2,5705.14,Approved,Normal
TX503731,EMP11646,Vesting,2025-06-05,355,21.38,UK,RSU,7589.9,0.4,3035.96,Approved,Normal
TX503732,EMP10506,Exercise,2025-02-10,882,45.43,Australia,RSU,40069.26,0.2,8013.85,Approved,Normal
TX503733,EMP11347,Grant,2026-09-26,2381,48.43,Germany,ESPP,115311.83,0.45,51890.32,Approved,High Value
TX503734,EMP10940,Vesting,2026-05-04,488,59.31,UK,RSU,28943.28,0.3,8682.98,Approved,Normal
TX503735,EMP11449,Vesting,2026-11-15,417,52.73,USA,ESPP,21988.41,0.3,6596.52,Approved,Normal
TX503736,EMP11847,Grant,2025-10-31,556,74.77,Germany,Performance Share,41572.12,0.3,12471.64,Approved,Normal
TX503737,EMP10139,Sale,2025-05-23,2216,76.71,USA,ESPP,169989.36,0.2,33997.87,Approved,High Value
TX503738,EMP10081,Sale,2026-12-02,2466,63.26,UK,Performance Share,155999.16,0.4,62399.66,Approved,High Value
TX503739,EMP11560,Exercise,2026-02-10,468,49.8,UK,Performance Share,23306.4,0.3,6991.92,Approved,Normal
TX503740,EMP11822,Exercise,2026-06-09,1461,43.31,Germany,RSU,63275.91,0.2,12655.18,Approved,Normal
TX503741,EMP10881,Exercise,2026-09-13,451,70.89,Singapore,ESPP,31971.39,0.4,12788.56,Approved,Normal
TX503742,EMP10959,Vesting,2026-02-12,1629,16.76,Australia,Stock Option,27302.04,0.2,5460.41,Approved,Normal
TX503743,EMP10686,Cancellation,2026-10-04,500,47.58,Australia,Stock Option,23790.0,0.45,10705.5,Approved,Normal
TX503744,EMP10025,Grant,2025-10-29,335,27.81,Germany,Stock Option,9316.35,0.4,3726.54,Approved,Normal
TX503745,EMP11947,Exercise,2025-06-25,889,50.71,Germany,RSU,45081.19,0.4,18032.48,Approved,Normal
TX503746,EMP11799,Exercise,2026-05-18,1029,90.79,UK,RSU,93422.91,0.3,28026.87,Approved,Normal
TX503747,EMP11120,Cancellation,2025-05-26,79,19.95,India,Stock Option,1576.05,0.2,315.21,Approved,Normal
TX503748,EMP10015,Grant,2025-11-28,2458,49.64,India,Performance Share,122015.12,0.4,48806.05,Approved,High Value
TX503749,EMP10883,Exercise,2025-03-06,123,10.11,Germany,RSU,1243.53,0.3,373.06,Approved,Normal
TX503750,EMP11203,Vesting,2025-06-16,1976,43.81,India,RSU,86568.56,0.4,34627.42,Approved,Normal
TX503751,EMP11277,Sale,2026-07-18,861,35.01,UK,RSU,30143.61,0.4,12057.44,Approved,Normal
TX503752,EMP10158,Exercise,2025-08-10,298,28.71,Germany,RSU,8555.58,0.4,3422.23,Approved,Normal
TX503753,EMP11919,Grant,2026-06-21,1071,6.37,UK,Performance Share,6822.27,0.3,2046.68,Approved,Normal
TX503754,EMP11191,Sale,2025-03-10,180,73.34,India,RSU,13201.2,0.3,3960.36,Pending Review,Normal
TX503755,EMP10979,Exercise,2025-03-08,101,69.71,India,RSU,7040.71,0.2,1408.14,Approved,Normal
TX503756,EMP10659,Sale,2026-07-30,2062,41.34,India,Performance Share,85243.08,0.2,17048.62,Approved,Normal
TX503757,EMP10803,Vesting,2026-09-24,218,16.93,UK,RSU,3690.74,0.3,1107.22,Approved,Normal
TX503758,EMP10127,Grant,2026-04-08,1810,25.24,USA,ESPP,45684.4,0.3,13705.32,Approved,Normal
TX503759,EMP10241,Grant,2026-01-22,2309,13.5,Australia,RSU,31171.5,0.3,9351.45,Approved,Normal
TX503760,EMP11836,Vesting,2025-11-09,1469,16.57,UK,RSU,24341.33,0.2,4868.27,Pending Review,Normal
TX503761,EMP11027,Grant,2026-07-24,2234,43.1,USA,ESPP,96285.4,0.3,28885.62,Approved,Normal
TX503762,EMP11991,Sale,2026-08-03,105,50.54,India,Stock Option,5306.7,0.4,2122.68,Approved,Normal
TX503763,EMP11886,Sale,2025-10-09,714,81.88,UK,RSU,58462.32,0.4,23384.93,Approved,Normal
TX503764,EMP10900,Grant,2026-04-24,1614,57.08,USA,RSU,92127.12,0.4,36850.85,Approved,Normal
TX503765,EMP10334,Vesting,2026-12-28,986,14.06,Singapore,RSU,13863.16,0.4,5545.26,Approved,Normal
TX503766,EMP10252,Cancellation,2025-02-15,1052,17.33,UK,Performance Share,18231.16,0.2,3646.23,Approved,Normal
TX503767,EMP10160,Vesting,2025-10-28,669,88.64,UK,RSU,59300.16,0.2,11860.03,Approved,Normal
TX503768,EMP10850,Exercise,2025-12-10,1438,71.89,UK,ESPP,103377.82,0.2,20675.56,Approved,High Value
TX503769,EMP10220,Grant,2025-05-20,2116,78.61,UK,RSU,166338.76,0.3,49901.63,Pending Review,High Value
TX503770,EMP10408,Sale,2025-09-01,1267,10.95,Australia,Performance Share,13873.65,0.2,2774.73,Approved,Normal
TX503771,EMP11027,Sale,2025-07-21,2029,13.12,USA,ESPP,26620.48,0.3,7986.14,Approved,Normal
TX503772,EMP11801,Vesting,2025-04-15,431,45.26,USA,ESPP,19507.06,0.2,3901.41,Approved,Normal
TX503773,EMP10526,Sale,2026-04-03,1714,60.08,USA,ESPP,102977.12,0.4,41190.85,Approved,High Value
TX503774,EMP11743,Vesting,2026-10-28,1331,23.41,USA,RSU,31158.71,0.2,6231.74,Approved,Normal
TX503775,EMP11157,Vesting,2026-04-15,2228,35.17,USA,RSU,78358.76,0.4,31343.5,Approved,Normal
TX503776,EMP11069,Exercise,2026-12-11,1306,63.03,UK,RSU,82317.18,0.4,32926.87,Approved,Normal
TX503777,EMP10234,Grant,2026-01-23,2087,35.5,UK,RSU,74088.5,0.3,22226.55,Approved,Normal
TX503778,EMP11530,Sale,2025-07-19,1270,73.64,UK,RSU,93522.8,0.3,28056.84,Approved,Normal
TX503779,EMP10329,Grant,2025-03-17,345,88.34,Germany,Performance Share,30477.3,0.4,12190.92,Approved,Normal
TX503780,EMP11351,Vesting,2025-01-05,169,19.05,USA,Performance Share,3219.45,0.4,1287.78,Approved,Normal
TX503781,EMP11965,Grant,2025-03-26,149,82.26,USA,RSU,12256.74,0.2,2451.35,Approved,Normal
TX503782,EMP11735,Exercise,2026-04-12,1445,37.66,Germany,Performance Share,54418.7,0.4,21767.48,Approved,Normal
TX503783,EMP11120,Sale,2025-08-07,1499,80.1,India,Stock Option,120069.9,0.2,24013.98,Approved,High Value
TX503784,EMP10217,Sale,2026-12-04,2034,46.98,Singapore,ESPP,95557.32,0.4,38222.93,Approved,Normal
TX503785,EMP11463,Sale,2026-02-27,2135,23.7,Germany,ESPP,50599.5,0.4,20239.8,Approved,Normal
TX503786,EMP10968,Exercise,2026-09-18,1538,30.58,India,ESPP,47032.04,0.2,9406.41,Approved,Normal
TX503787,EMP11329,Cancellation,2026-09-14,1646,38.43,UK,RSU,63255.78,0.3,18976.73,Approved,Normal
TX503788,EMP11562,Grant,2026-12-07,285,53.36,USA,Stock Option,15207.6,0.3,4562.28,Approved,Normal
TX503789,EMP10810,Exercise,2026-11-07,1262,68.94,UK,RSU,87002.28,0.2,17400.46,Approved,Normal
TX503790,EMP10500,Grant,2025-03-16,421,67.93,India,ESPP,28598.53,0.3,8579.56,Approved,Normal
TX503791,EMP11194,Sale,2026-10-12,1299,56.53,Singapore,Performance Share,73432.47,0.2,14686.49,Approved,Normal
TX503792,EMP11242,Sale,2026-12-04,1240,90.33,UK,RSU,112009.2,0.2,22401.84,Approved,High Value
TX503793,EMP10015,Vesting,2026-11-25,700,94.97,India,Performance Share,66479.0,0.3,19943.7,Approved,Normal
TX503794,EMP10413,Sale,2025-12-14,692,89.2,Germany,RSU,61726.4,0.2,12345.28,Approved,Normal
TX503795,EMP10944,Vesting,2025-02-22,247,54.58,USA,RSU,13481.26,0.4,5392.5,Approved,Normal
TX503796,EMP10782,Cancellation,2026-12-20,511,15.37,USA,RSU,7854.07,0.2,1570.81,Approved,Normal
TX503797,EMP11320,Grant,2026-09-14,1275,14.09,Australia,RSU,17964.75,0.4,7185.9,Approved,Normal
TX503798,EMP10329,Exercise,2025-09-02,1529,33.56,Germany,Performance Share,51313.24,0.2,10262.65,Approved,Normal
TX503799,EMP10656,Grant,2025-03-03,140,46.5,UK,ESPP,6510.0,0.45,2929.5,Approved,Normal
TX503800,EMP11608,Exercise,2026-02-21,431,71.66,UK,RSU,30885.46,0.3,9265.64,Approved,Normal
TX503801,EMP11766,Vesting,2026-10-04,571,61.63,India,Performance Share,35190.73,0.2,7038.15,Approved,Normal
TX503802,EMP11116,Exercise,2025-07-18,1486,5.66,India,RSU,8410.76,0.3,2523.23,Approved,Normal
TX503803,EMP10202,Sale,2025-02-13,1517,91.55,UK,Performance Share,138881.35,0.4,55552.54,Approved,High Value
TX503804,EMP11850,Exercise,2026-03-20,2148,31.07,USA,RSU,66738.36,0.4,26695.34,Approved,Normal
TX503805,EMP11338,Vesting,2026-10-01,1992,12.1,India,Performance Share,24103.2,0.2,4820.64,Approved,Normal
TX503806,EMP10593,Sale,2026-05-19,2306,41.37,UK,ESPP,95399.22,0.3,28619.77,Approved,Normal
TX503807,EMP11995,Sale,2026-11-20,1887,37.47,USA,RSU,70705.89,0.2,14141.18,Approved,Normal
TX503808,EMP10872,Vesting,2025-11-09,1141,42.34,India,ESPP,48309.94,0.4,19323.98,Approved,Normal
TX503809,EMP10623,Exercise,2026-02-02,155,71.64,USA,RSU,11104.2,0.3,3331.26,Approved,Normal
TX503810,EMP11227,Grant,2025-07-09,1588,87.51,Singapore,ESPP,138965.88,0.2,27793.18,Approved,High Value
TX503811,EMP10866,Grant,2026-12-26,1271,7.65,UK,Stock Option,9723.15,0.3,2916.94,Approved,Normal
TX503812,EMP11325,Cancellation,2025-07-10,2248,38.68,UK,ESPP,86952.64,0.2,17390.53,Approved,Normal
TX503813,EMP10854,Vesting,2025-05-15,885,13.63,USA,ESPP,12062.55,0.3,3618.76,Approved,Normal
TX503814,EMP11171,Exercise,2025-03-29,1771,32.58,India,RSU,57699.18,0.2,11539.84,Approved,Normal
TX503815,EMP10542,Sale,2025-09-03,1308,35.06,USA,RSU,45858.48,0.4,18343.39,Approved,Normal
TX503816,EMP11932,Cancellation,2025-09-26,66,26.0,India,ESPP,1716.0,0.2,0.0,Approved,Normal
TX503817,EMP11351,Vesting,2026-10-28,1870,7.09,USA,Performance Share,13258.3,0.45,5966.24,Approved,Normal
TX503818,EMP10113,Vesting,2026-03-02,1659,52.12,USA,RSU,86467.08,0.2,17293.42,Approved,Normal
TX503819,EMP10110,Sale,2025-06-11,1999,26.39,India,RSU,52753.61,0.2,10550.72,Approved,Normal
TX503820,EMP10297,Grant,2026-10-07,2210,24.92,India,RSU,55073.2,0.4,22029.28,Approved,Normal
TX503821,EMP10502,Sale,2026-09-21,2404,20.75,India,RSU,49883.0,0.2,9976.6,Approved,Normal
TX503822,EMP11197,Grant,2026-11-18,774,64.02,USA,Stock Option,49551.48,0.2,9910.3,Approved,Normal
TX503823,EMP11626,Vesting,2025-08-22,2377,54.91,Germany,Stock Option,130521.07,0.45,58734.48,Approved,High Value
TX503824,EMP11748,Grant,2025-12-20,780,25.65,UK,Stock Option,20007.0,0.45,9003.15,Approved,Normal
TX503825,EMP10734,Sale,2025-12-04,543,39.31,Singapore,Performance Share,21345.33,0.45,9605.4,Approved,Normal
TX503826,EMP10443,Sale,2026-06-13,2043,65.4,UK,RSU,133612.2,0.2,26722.44,Approved,High Value
TX503827,EMP10612,Grant,2026-12-31,1109,31.89,USA,Stock Option,35366.01,0.4,14146.4,Approved,Normal
TX503828,EMP11582,Vesting,2025-02-10,1283,63.32,UK,ESPP,81239.56,0.2,16247.91,Approved,Normal
TX503829,EMP10985,Cancellation,2026-09-19,1152,20.11,UK,RSU,23166.72,0.3,6950.02,Approved,Normal
TX503830,EMP10630,Grant,2025-01-06,883,49.22,USA,RSU,43461.26,0.4,17384.5,Approved,Normal
TX503831,EMP11928,Exercise,2026-06-17,903,75.58,India,Stock Option,68248.74,0.3,20474.62,Approved,Normal
TX503832,EMP10788,Grant,2025-06-30,1770,83.4,India,RSU,147618.0,0.45,66428.1,Approved,High Value
TX503833,EMP11936,Cancellation,2026-02-22,810,91.31,USA,RSU,73961.1,0.4,29584.44,Approved,Normal
TX503834,EMP11333,Exercise,2026-10-14,1145,89.08,USA,ESPP,101996.6,0.2,20399.32,Approved,High Value
TX503835,EMP11733,Sale,2026-09-22,2434,32.48,Germany,ESPP,79056.32,0.2,15811.26,Approved,Normal
TX503836,EMP10065,Cancellation,2026-09-03,1646,77.56,USA,Performance Share,127663.76,0.2,25532.75,Approved,High Value
TX503837,EMP10324,Cancellation,2025-03-02,1203,90.27,Singapore,RSU,108594.81,0.2,21718.96,Approved,High Value
TX503838,EMP10388,Sale,2026-03-20,1123,6.26,India,RSU,7029.98,0.3,2108.99,Approved,Normal
TX503839,EMP11513,Exercise,2025-05-20,554,32.87,USA,RSU,18209.98,0.2,3642.0,Approved,Normal
TX503840,EMP11674,Vesting,2026-04-07,1731,43.66,Australia,Stock Option,75575.46,0.2,15115.09,Approved,Normal
TX503841,EMP11626,Exercise,2026-06-28,2050,67.69,Germany,Stock Option,138764.5,0.2,27752.9,Approved,High Value
TX503842,EMP10807,Vesting,2025-04-04,203,7.69,Singapore,RSU,1561.07,0.2,312.21,Approved,Normal
TX503843,EMP10347,Vesting,2026-02-15,904,51.5,Germany,RSU,46556.0,0.45,20950.2,Approved,Normal
TX503844,EMP11782,Vesting,2026-10-31,1227,87.67,Australia,ESPP,107571.09,0.3,32271.33,Approved,High Value
TX503845,EMP10631,Vesting,2026-12-23,1194,18.91,UK,RSU,22578.54,0.2,4515.71,Approved,Normal
TX503846,EMP11684,Cancellation,2026-07-16,1840,19.3,India,ESPP,35512.0,0.4,14204.8,Approved,Normal
TX503847,EMP11782,Sale,2025-08-18,2305,43.09,Australia,ESPP,99322.45,0.3,29796.73,Approved,Normal
TX503848,EMP11694,Vesting,2025-06-20,1945,58.85,India,Stock Option,114463.25,0.3,34338.98,Approved,High Value
TX503849,EMP11265,Cancellation,2025-06-13,1399,70.18,Germany,ESPP,98181.82,0.4,39272.73,Approved,Normal
TX503850,EMP11963,Vesting,2025-12-26,454,82.52,Australia,ESPP,37464.08,0.4,14985.63,Approved,Normal
TX503851,EMP10075,Exercise,2025-11-02,2202,65.14,Singapore,ESPP,143438.28,0.3,43031.48,Approved,High Value
TX503852,EMP11538,Grant,2026-12-03,1766,11.98,USA,ESPP,21156.68,0.4,8462.67,Approved,Normal
TX503853,EMP11615,Grant,2026-08-24,1018,15.73,USA,RSU,16013.14,0.3,4803.94,Pending Review,Normal
TX503854,EMP10084,Exercise,2025-01-20,1738,74.96,Singapore,ESPP,130280.48,0.2,26056.1,Approved,High Value
TX503855,EMP10395,Vesting,2026-02-27,956,60.81,UK,RSU,58134.36,0.2,11626.87,Pending Review,Normal
TX503856,EMP10868,Vesting,2025-07-26,215,37.17,Germany,Performance Share,7991.55,0.4,3196.62,Pending Review,Normal
TX503857,EMP10665,Sale,2026-05-15,1437,10.19,UK,RSU,14643.03,0.4,5857.21,Approved,Normal
TX503858,EMP11589,Grant,2026-01-07,2325,81.55,Singapore,Stock Option,189603.75,0.2,37920.75,Approved,High Value
TX503859,EMP10949,Sale,2026-12-03,960,19.41,USA,RSU,18633.6,0.3,5590.08,Approved,Normal
TX503860,EMP10643,Sale,2025-09-24,144,52.83,UK,Performance Share,7607.52,0.2,1521.5,Approved,Normal
TX503861,EMP11235,Cancellation,2026-12-19,170,48.72,Singapore,ESPP,8282.4,0.2,1656.48,Approved,Normal
TX503862,EMP10098,Sale,2026-10-08,667,46.67,USA,Stock Option,31128.89,0.2,6225.78,Approved,Normal
TX503863,EMP10547,Vesting,2025-12-31,2264,12.1,Germany,RSU,27394.4,0.4,10957.76,Pending Review,Normal
TX503864,EMP11834,Vesting,2025-03-06,1417,44.23,USA,RSU,62673.91,0.2,12534.78,Approved,Normal
TX503865,EMP11995,Exercise,2025-04-08,1252,74.51,USA,RSU,93286.52,0.45,41978.93,Approved,Normal
TX503866,EMP11996,Sale,2025-02-16,303,70.53,India,RSU,21370.59,0.2,4274.12,Approved,Normal
TX503867,EMP10075,Grant,2025-09-06,1717,64.44,Singapore,ESPP,110643.48,0.2,22128.7,Approved,High Value
TX503868,EMP11721,Sale,2025-03-19,1743,91.02,USA,RSU,158647.86,0.3,47594.36,Approved,High Value
TX503869,EMP10082,Sale,2026-12-27,853,94.39,India,Performance Share,80514.67,0.45,36231.6,Approved,Normal
TX503870,EMP10293,Exercise,2026-08-24,2121,44.26,UK,ESPP,93875.46,0.3,28162.64,Pending Review,Normal
TX503871,EMP11362,Vesting,2026-07-12,273,37.71,USA,ESPP,10294.83,0.4,4117.93,Approved,Normal
TX503872,EMP10691,Cancellation,2025-07-14,1914,18.71,UK,RSU,35810.94,0.45,16114.92,Approved,Normal
TX503873,EMP11010,Grant,2026-11-06,1056,58.43,UK,RSU,61702.08,0.2,12340.42,Approved,Normal
TX503874,EMP11446,Vesting,2026-02-10,506,6.28,UK,ESPP,3177.68,0.4,1271.07,Approved,Normal
TX503875,EMP10942,Vesting,2026-09-21,707,68.39,Germany,RSU,48351.73,0.2,9670.35,Approved,Normal
TX503876,EMP11766,Vesting,2025-12-30,947,63.29,India,Performance Share,59935.63,0.4,23974.25,Approved,Normal
TX503877,EMP10583,Vesting,2025-04-20,1107,63.5,Australia,RSU,70294.5,0.45,31632.52,Approved,Normal
TX503878,EMP10620,Vesting,2025-03-22,2491,30.11,USA,RSU,75004.01,0.3,22501.2,Approved,Normal
TX503879,EMP11380,Sale,2025-11-18,179,79.26,USA,ESPP,14187.54,0.45,6384.39,Approved,Normal
TX503880,EMP10927,Cancellation,2026-11-26,1831,78.89,Singapore,RSU,144447.59,0.3,43334.28,Approved,High Value
TX503881,EMP10482,Sale,2025-12-13,1695,26.07,Australia,RSU,44188.65,0.3,13256.6,Approved,Normal
TX503882,EMP10135,Sale,2025-03-04,975,43.26,India,RSU,42178.5,0.3,12653.55,Approved,Normal
TX503883,EMP11770,Vesting,2026-03-20,2489,35.88,Australia,RSU,89305.32,0.2,17861.06,Approved,Normal
TX503884,EMP11857,Exercise,2026-12-19,2372,84.98,UK,Performance Share,201572.56,0.45,90707.65,Approved,High Value
TX503885,EMP11382,Vesting,2025-06-04,2263,7.39,India,Performance Share,16723.57,0.3,5017.07,Approved,Normal
TX503886,EMP11981,Grant,2025-11-30,1127,90.22,UK,ESPP,101677.94,0.2,20335.59,Approved,High Value
TX503887,EMP11597,Exercise,2026-08-26,753,24.4,India,Performance Share,18373.2,0.4,7349.28,Approved,Normal
TX503888,EMP10214,Sale,2025-05-17,542,11.36,USA,Stock Option,6157.12,0.3,1847.14,Approved,Normal
TX503889,EMP11000,Vesting,2026-09-05,1885,10.88,UK,RSU,20508.8,0.3,6152.64,Approved,Normal
TX503890,EMP11911,Cancellation,2026-09-28,1890,67.66,UK,ESPP,127877.4,0.4,51150.96,Approved,High Value
TX503891,EMP11538,Exercise,2026-03-31,54,5.86,USA,ESPP,316.44,0.45,142.4,Approved,Normal
TX503892,EMP10463,Vesting,2025-03-10,1131,53.79,Germany,RSU,60836.49,0.3,18250.95,Approved,Normal
TX503893,EMP11418,Sale,2025-01-07,2006,87.81,USA,RSU,176146.86,0.4,70458.74,Approved,High Value
TX503894,EMP11582,Sale,2025-04-06,1903,56.75,UK,ESPP,107995.25,0.3,32398.57,Approved,High Value
TX503895,EMP11070,Vesting,2025-07-28,148,26.62,Singapore,RSU,3939.76,0.2,787.95,Approved,Normal
TX503896,EMP11509,Cancellation,2026-08-20,641,30.86,India,Performance Share,19781.26,0.2,3956.25,Approved,Normal
TX503897,EMP10569,Grant,2026-11-01,186,80.81,India,RSU,15030.66,0.4,6012.26,Approved,Normal
TX503898,EMP10757,Exercise,2025-08-15,504,43.17,UK,ESPP,21757.68,0.4,8703.07,Approved,Normal
TX503899,EMP11051,Vesting,2026-03-26,1140,38.51,Germany,RSU,43901.4,0.2,8780.28,Approved,Normal
TX503900,EMP11781,Cancellation,2026-03-05,1351,6.86,UK,Performance Share,9267.86,0.3,2780.36,Pending Review,Normal
TX503901,EMP11090,Grant,2025-05-21,1370,42.55,USA,Stock Option,58293.5,0.4,23317.4,Approved,Normal
TX503902,EMP11883,Exercise,2025-07-06,532,41.34,India,RSU,21992.88,0.2,4398.58,Approved,Normal
TX503903,EMP11527,Exercise,2026-10-25,1683,30.07,Singapore,Performance Share,50607.81,0.4,20243.12,Approved,Normal
TX503904,EMP10148,Vesting,2026-08-13,1803,80.37,India,RSU,144907.11,0.4,57962.84,Approved,High Value
TX503905,EMP11978,Vesting,2026-03-25,786,23.4,UK,RSU,18392.4,0.2,3678.48,Approved,Normal
TX503906,EMP11339,Grant,2025-07-02,400,39.4,India,ESPP,15760.0,0.2,3152.0,Approved,Normal
TX503907,EMP10902,Sale,2025-07-06,2395,34.42,UK,Stock Option,82435.9,0.2,16487.18,Approved,Normal
TX503908,EMP10482,Grant,2026-05-31,1435,35.28,Australia,RSU,50626.8,0.4,20250.72,Approved,Normal
TX503909,EMP11805,Grant,2026-02-12,1885,60.59,UK,RSU,114212.15,0.3,34263.64,Approved,High Value
TX503910,EMP10587,Vesting,2026-10-02,1714,80.41,UK,Stock Option,137822.74,0.2,27564.55,Approved,High Value
TX503911,EMP10346,Vesting,2025-10-11,114,89.86,Australia,ESPP,10244.04,0.3,3073.21,Approved,Normal
TX503912,EMP11308,Sale,2026-04-26,1573,46.71,Germany,Performance Share,73474.83,0.2,14694.97,Approved,Normal
TX503913,EMP10620,Sale,2025-12-12,820,44.84,USA,RSU,36768.8,0.4,14707.52,Approved,Normal
TX503914,EMP11111,Sale,2025-09-30,858,93.12,UK,RSU,79896.96,0.3,23969.09,Approved,Normal
TX503915,EMP10228,Vesting,2025-10-13,282,29.65,UK,Performance Share,8361.3,0.2,1672.26,Approved,Normal
TX503916,EMP10323,Vesting,2026-03-04,1618,23.41,India,RSU,37877.38,0.2,7575.48,Approved,Normal
TX503917,EMP11668,Grant,2026-07-15,1808,30.55,UK,RSU,55234.4,0.4,22093.76,Approved,Normal
TX503918,EMP10748,Sale,2026-11-07,808,11.18,UK,RSU,9033.44,0.2,1806.69,Pending Review,Normal
TX503919,EMP10588,Exercise,2025-06-03,751,30.4,Australia,ESPP,22830.4,0.3,6849.12,Approved,Normal
TX503920,EMP10924,Vesting,2026-01-01,1307,7.99,India,ESPP,10442.93,0.3,3132.88,Approved,Normal
TX503921,EMP11616,Grant,2026-01-07,2350,76.33,UK,RSU,179375.5,0.4,71750.2,Approved,High Value
TX503922,EMP10224,Sale,2025-05-10,1537,63.59,UK,RSU,97737.83,0.3,29321.35,Approved,Normal
TX503923,EMP11770,Grant,2026-01-19,1964,29.01,Australia,RSU,56975.64,0.3,17092.69,Approved,Normal
TX503924,EMP11217,Vesting,2025-08-31,929,68.28,UK,RSU,63432.12,0.3,19029.64,Approved,Normal
TX503925,EMP10005,Vesting,2025-01-04,1554,31.5,Germany,RSU,48951.0,0.45,22027.95,Approved,Normal
TX503926,EMP10196,Exercise,2025-01-19,849,44.85,India,Stock Option,38077.65,0.4,15231.06,Approved,Normal
TX503927,EMP11259,Sale,2025-12-28,793,17.77,USA,RSU,14091.61,0.2,2818.32,Approved,Normal
TX503928,EMP11915,Vesting,2025-03-09,535,38.48,India,RSU,20586.8,0.4,8234.72,Approved,Normal
TX503929,EMP10901,Exercise,2026-02-15,1403,77.66,Singapore,RSU,108956.98,0.2,21791.4,Approved,High Value
TX503930,EMP11685,Cancellation,2026-06-28,2185,77.15,USA,Stock Option,168572.75,0.4,67429.1,Approved,High Value
TX503931,EMP10806,Exercise,2026-10-30,1802,64.75,UK,RSU,116679.5,0.4,46671.8,Approved,High Value
TX503932,EMP11673,Sale,2026-01-22,359,39.72,India,Performance Share,14259.48,0.3,4277.84,Approved,Normal
TX503933,EMP11250,Exercise,2026-11-17,2276,35.13,USA,ESPP,79955.88,0.3,23986.76,Approved,Normal
TX503934,EMP10152,Grant,2026-07-02,768,25.96,USA,RSU,19937.28,0.4,7974.91,Approved,Normal
TX503935,EMP11563,Grant,2025-07-20,1402,47.31,UK,Stock Option,66328.62,0.3,19898.59,Approved,Normal
TX503936,EMP10180,Sale,2026-09-26,841,85.62,USA,RSU,72006.42,0.3,21601.93,Approved,Normal
TX503937,EMP11373,Sale,2025-10-01,206,24.16,USA,RSU,4976.96,0.4,1990.78,Approved,Normal
TX503938,EMP11899,Sale,2025-11-29,272,13.24,UK,ESPP,3601.28,0.2,720.26,Approved,Normal
TX503939,EMP11242,Vesting,2025-08-10,596,37.47,UK,RSU,22332.12,0.3,6699.64,Approved,Normal
TX503940,EMP11699,Exercise,2025-08-18,2011,8.6,Germany,RSU,17294.6,0.45,7782.57,Approved,Normal
TX503941,EMP11893,Vesting,2026-08-18,843,56.29,Singapore,RSU,47452.47,0.3,14235.74,Approved,Normal
TX503942,EMP10846,Sale,2026-11-04,2201,13.83,Singapore,ESPP,30439.83,0.3,9131.95,Approved,Normal
TX503943,EMP10984,Vesting,2026-07-05,2366,43.91,Germany,Performance Share,103891.06,0.2,20778.21,Approved,High Value
TX503944,EMP11867,Vesting,2025-11-13,2311,61.28,Germany,Performance Share,141618.08,0.3,42485.42,Approved,High Value
TX503945,EMP11287,Vesting,2026-11-14,560,62.29,Germany,RSU,34882.4,0.45,15697.08,Approved,Normal
TX503946,EMP10634,Exercise,2025-02-15,415,39.68,Singapore,RSU,16467.2,0.3,4940.16,Approved,Normal
TX503947,EMP10170,Vesting,2026-01-06,1434,88.1,UK,RSU,126335.4,0.45,56850.93,Approved,High Value
TX503948,EMP10990,Cancellation,2026-06-12,350,68.72,UK,ESPP,24052.0,0.2,4810.4,Approved,Normal
TX503949,EMP10047,Vesting,2025-08-19,482,85.65,India,Performance Share,41283.3,0.45,18577.48,Approved,Normal
TX503950,EMP11586,Sale,2026-11-28,1166,79.17,Australia,Performance Share,92312.22,0.2,18462.44,Approved,Normal
TX503951,EMP10273,Sale,2025-03-04,121,41.92,UK,RSU,5072.32,0.3,1521.7,Approved,Normal
TX503952,EMP11245,Exercise,2025-10-07,1468,78.88,India,ESPP,115795.84,0.2,23159.17,Approved,High Value
TX503953,EMP11661,Vesting,2025-08-05,49,88.95,UK,RSU,4358.55,0.4,1743.42,Approved,Normal
TX503954,EMP11526,Sale,2025-01-22,1753,46.67,Singapore,RSU,81812.51,0.3,24543.75,Approved,Normal
TX503955,EMP10266,Exercise,2025-01-09,754,52.28,India,Performance Share,39419.12,0.3,11825.74,Approved,Normal
TX503956,EMP10588,Grant,2026-10-10,788,63.82,Australia,ESPP,50290.16,0.3,15087.05,Approved,Normal
TX503957,EMP10625,Exercise,2026-12-12,722,86.98,USA,RSU,62799.56,0.2,12559.91,Pending Review,Normal
TX503958,EMP11975,Vesting,2026-10-17,933,16.74,India,RSU,15618.42,0.4,6247.37,Approved,Normal
TX503959,EMP11629,Grant,2026-12-16,1061,68.71,UK,RSU,72901.31,0.3,21870.39,Approved,Normal
TX503960,EMP10589,Sale,2025-03-20,1321,22.57,USA,Performance Share,29814.97,0.4,11925.99,Approved,Normal
TX503961,EMP10701,Exercise,2025-04-26,835,80.79,UK,Stock Option,67459.65,0.4,26983.86,Approved,Normal
TX503962,EMP10344,Grant,2025-04-10,420,46.38,Singapore,RSU,19479.6,0.2,3895.92,Approved,Normal
TX503963,EMP10626,Vesting,2026-09-10,2045,26.8,UK,ESPP,54806.0,0.3,16441.8,Approved,Normal
TX503964,EMP10745,Sale,2026-05-22,431,78.13,Australia,Stock Option,33674.03,0.2,6734.81,Approved,Normal
TX503965,EMP10335,Grant,2025-06-01,1984,94.18,UK,Stock Option,186853.12,0.2,37370.62,Approved,High Value
TX503966,EMP11130,Vesting,2025-09-24,321,49.06,Singapore,Stock Option,15748.26,0.4,6299.3,Approved,Normal
TX503967,EMP11554,Cancellation,2026-02-21,2105,65.68,India,RSU,138256.4,0.2,27651.28,Approved,High Value
TX503968,EMP10971,Vesting,2025-11-07,552,21.5,Australia,Stock Option,11868.0,0.4,4747.2,Approved,Normal
TX503969,EMP11522,Vesting,2025-11-28,1926,40.0,USA,Performance Share,77040.0,0.2,15408.0,Approved,Normal
TX503970,EMP11995,Vesting,2026-09-22,1775,60.14,USA,RSU,106748.5,0.3,32024.55,Approved,High Value
TX503971,EMP10111,Sale,2026-01-24,1305,77.04,India,RSU,100537.2,0.3,30161.16,Approved,High Value
TX503972,EMP10071,Grant,2026-05-17,554,72.04,Australia,RSU,39910.16,0.4,15964.06,Approved,Normal
TX503973,EMP10274,Sale,2025-12-29,2408,44.21,Germany,RSU,106457.68,0.3,31937.3,Approved,High Value
TX503974,EMP11516,Vesting,2025-03-16,600,90.55,USA,RSU,54330.0,0.4,21732.0,Approved,Normal
TX503975,EMP10562,Sale,2025-11-11,2236,54.98,India,Stock Option,122935.28,0.4,49174.11,Approved,High Value
TX503976,EMP11500,Grant,2026-09-29,1032,66.33,USA,Stock Option,68452.56,0.2,13690.51,Approved,Normal
TX503977,EMP11692,Grant,2025-10-15,184,93.02,USA,Stock Option,17115.68,0.3,5134.7,Approved,Normal
TX503978,EMP11713,Exercise,2026-08-08,593,67.84,USA,RSU,40229.12,0.3,12068.74,Approved,Normal
TX503979,EMP10611,Grant,2025-03-16,1907,45.09,Singapore,ESPP,85986.63,0.4,34394.65,Approved,Normal
TX503980,EMP10913,Exercise,2025-01-06,711,65.22,Singapore,RSU,46371.42,0.45,20867.14,Approved,Normal
TX503981,EMP11849,Vesting,2026-09-09,1407,33.74,UK,RSU,47472.18,0.45,21362.48,Approved,Normal
TX503982,EMP11701,Grant,2025-03-16,1748,21.76,USA,Stock Option,38036.48,0.2,7607.3,Approved,Normal
TX503983,EMP11827,Vesting,2025-12-01,55,40.85,India,Performance Share,2246.75,0.3,674.02,Approved,Normal
TX503984,EMP11837,Grant,2025-07-20,1591,91.39,Germany,Stock Option,145401.49,0.2,29080.3,Approved,High Value
TX503985,EMP10480,Grant,2026-09-12,2354,91.91,UK,RSU,216356.14,0.2,43271.23,Approved,High Value
TX503986,EMP10089,Vesting,2026-10-06,1961,22.01,Australia,Performance Share,43161.61,0.2,8632.32,Approved,Normal
TX503987,EMP10803,Exercise,2025-12-17,2057,65.41,UK,RSU,134548.37,0.2,26909.67,Approved,High Value
TX503988,EMP10074,Sale,2025-08-05,2449,83.95,India,RSU,205593.55,0.4,82237.42,Approved,High Value
TX503989,EMP11415,Grant,2025-01-20,676,8.33,USA,Stock Option,5631.08,0.3,1689.32,Approved,Normal
TX503990,EMP11342,Grant,2025-06-21,2300,75.44,UK,RSU,173512.0,0.3,52053.6,Approved,High Value
TX503991,EMP10615,Grant,2025-09-07,1878,22.24,Singapore,Stock Option,41766.72,0.45,18795.02,Approved,Normal
TX503992,EMP10068,Cancellation,2026-11-22,43,61.87,Germany,RSU,2660.41,0.3,798.12,Approved,Normal
TX503993,EMP10719,Vesting,2026-02-14,279,55.89,India,Stock Option,15593.31,0.4,6237.32,Pending Review,Normal
TX503994,EMP11712,Sale,2026-01-11,921,73.96,India,RSU,68117.16,0.45,30652.72,Approved,Normal
TX503995,EMP10461,Exercise,2025-05-18,674,13.5,India,Stock Option,9099.0,0.3,2729.7,Pending Review,Normal
TX503996,EMP11646,Exercise,2025-03-04,864,49.77,UK,RSU,43001.28,0.3,12900.38,Approved,Normal
TX503997,EMP11824,Grant,2025-11-11,2171,44.06,India,Stock Option,95654.26,0.3,28696.28,Approved,Normal
TX503998,EMP10134,Sale,2026-12-01,872,43.33,UK,Performance Share,37783.76,0.3,11335.13,Approved,Normal
TX503999,EMP10844,Grant,2025-03-16,2418,29.57,UK,ESPP,71500.26,0.2,14300.05,Approved,Normal
TX504000,EMP10372,Exercise,2026-04-10,2188,83.17,India,RSU,181975.96,0.3,54592.79,Approved,High Value
TX504001,EMP10147,Exercise,2026-03-09,33,6.94,UK,Stock Option,229.02,0.2,45.8,Approved,Normal
TX504002,EMP10356,Grant,2025-04-21,351,86.48,UK,Stock Option,30354.48,0.3,9106.34,Approved,Normal
TX504003,EMP10802,Exercise,2025-06-08,1803,28.08,UK,RSU,50628.24,0.3,15188.47,Approved,Normal
TX504004,EMP10818,Sale,2025-01-07,313,84.41,Australia,RSU,26420.33,0.4,10568.13,Approved,Normal
TX504005,EMP10039,Exercise,2025-01-07,454,69.04,USA,RSU,31344.16,0.4,12537.66,Approved,Normal
TX504006,EMP11665,Exercise,2026-04-03,399,41.55,USA,RSU,16578.45,0.2,3315.69,Approved,Normal
TX504007,EMP10913,Grant,2026-05-17,756,46.03,Singapore,RSU,34798.68,0.2,6959.74,Approved,Normal
TX504008,EMP10829,Sale,2025-03-15,581,45.23,Australia,Stock Option,26278.63,0.2,5255.73,Approved,Normal
TX504009,EMP11869,Vesting,2026-08-10,269,75.29,UK,RSU,20253.01,0.2,4050.6,Approved,Normal
TX504010,EMP11876,Grant,2025-03-23,531,21.69,Germany,ESPP,11517.39,0.3,3455.22,Approved,Normal
TX504011,EMP10739,Vesting,2025-04-23,2105,68.76,USA,RSU,144739.8,0.3,43421.94,Approved,High Value
TX504012,EMP10349,Vesting,2026-02-19,471,26.37,USA,RSU,12420.27,0.3,3726.08,Approved,Normal
TX504013,EMP10111,Exercise,2025-11-28,927,21.09,India,RSU,19550.43,0.2,3910.09,Approved,Normal
TX504014,EMP10833,Sale,2026-11-07,880,13.31,UK,RSU,11712.8,0.2,2342.56,Approved,Normal
TX504015,EMP10917,Vesting,2026-03-08,721,92.92,Singapore,Performance Share,66995.32,0.45,30147.89,Pending Review,Normal
TX504016,EMP10319,Vesting,2026-09-17,2320,79.64,India,Performance Share,184764.8,0.45,83144.16,Approved,High Value
TX504017,EMP11367,Vesting,2025-03-24,243,22.19,India,ESPP,5392.17,0.4,2156.87,Approved,Normal
TX504018,EMP10354,Exercise,2025-09-28,2343,21.04,Singapore,RSU,49296.72,0.3,14789.02,Approved,Normal
TX504019,EMP11386,Grant,2026-11-05,1496,19.59,India,Performance Share,29306.64,0.45,13187.99,Approved,Normal
TX504020,EMP11189,Sale,2026-06-09,1393,6.41,UK,Performance Share,8929.13,0.2,1785.83,Approved,Normal
TX504021,EMP11241,Grant,2025-09-30,1423,42.5,UK,Stock Option,60477.5,0.2,12095.5,Approved,Normal
TX504022,EMP11164,Vesting,2025-10-24,511,77.22,UK,Stock Option,39459.42,0.3,11837.83,Approved,Normal
TX504023,EMP10654,Vesting,2025-09-30,151,41.32,Germany,Performance Share,6239.32,0.45,2807.69,Approved,Normal
TX504024,EMP10895,Cancellation,2025-08-11,671,66.21,UK,RSU,44426.91,0.3,13328.07,Approved,Normal
TX504025,EMP10338,Cancellation,2026-04-17,246,51.02,USA,ESPP,12550.92,0.3,3765.28,Approved,Normal
TX504026,EMP11059,Cancellation,2026-12-02,51,14.62,UK,RSU,745.62,0.3,223.69,Approved,Normal
TX504027,EMP10738,Cancellation,2026-10-13,297,56.11,USA,RSU,16664.67,0.2,3332.93,Approved,Normal
TX504028,EMP10719,Sale,2025-07-20,277,47.4,India,Stock Option,13129.8,0.2,2625.96,Approved,Normal
TX504029,EMP10733,Sale,2025-04-13,777,18.37,India,RSU,14273.49,0.4,5709.4,Approved,Normal
TX504030,EMP10091,Exercise,2025-10-04,1476,38.91,Singapore,RSU,57431.16,0.3,0.0,Approved,Normal
TX504031,EMP11503,Sale,2025-03-06,616,21.61,UK,Stock Option,13311.76,0.3,3993.53,Approved,Normal
TX504032,EMP10796,Vesting,2026-02-09,2113,69.85,Germany,Stock Option,147593.05,0.2,29518.61,Pending Review,High Value
TX504033,EMP11195,Cancellation,2026-04-17,1050,34.83,USA,ESPP,36571.5,0.4,14628.6,Approved,Normal
TX504034,EMP10558,Vesting,2025-08-03,820,14.78,UK,Stock Option,12119.6,0.2,2423.92,Approved,Normal
TX504035,EMP10743,Grant,2025-02-12,1047,76.38,Australia,RSU,79969.86,0.2,15993.97,Approved,Normal
TX504036,EMP10151,Exercise,2026-05-06,2204,21.16,UK,RSU,46636.64,0.3,13990.99,Approved,Normal
TX504037,EMP11860,Exercise,2025-06-15,1872,35.02,Germany,RSU,65557.44,0.4,26222.98,Pending Review,Normal
TX504038,EMP11420,Grant,2026-01-13,1227,16.14,Singapore,RSU,19803.78,0.4,7921.51,Approved,Normal
TX504039,EMP11379,Grant,2026-05-25,28,19.67,UK,Stock Option,550.76,0.3,165.23,Approved,Normal
TX504040,EMP10028,Grant,2026-10-07,2157,42.27,Singapore,RSU,91176.39,0.3,27352.92,Approved,Normal
TX504041,EMP10926,Exercise,2025-08-08,1581,12.92,USA,Performance Share,20426.52,0.2,4085.3,Approved,Normal
TX504042,EMP10539,Sale,2026-12-09,1920,60.77,UK,Stock Option,116678.4,0.3,35003.52,Approved,High Value
TX504043,EMP10655,Grant,2025-05-07,1721,76.28,USA,Performance Share,131277.88,0.4,52511.15,Approved,High Value
TX504044,EMP11304,Cancellation,2025-01-31,289,54.4,India,Stock Option,15721.6,0.4,6288.64,Approved,Normal
TX504045,EMP10780,Exercise,2026-09-24,219,7.72,USA,RSU,1690.68,0.4,676.27,Approved,Normal
TX504046,EMP11268,Vesting,2026-10-12,2220,26.45,UK,Performance Share,58719.0,0.3,17615.7,Approved,Normal
TX504047,EMP11324,Sale,2025-06-17,1529,58.36,USA,ESPP,89232.44,0.4,0.0,Approved,Normal
TX504048,EMP10333,Sale,2026-08-24,2188,13.09,UK,ESPP,28640.92,0.2,5728.18,Pending Review,Normal
TX504049,EMP10800,Vesting,2026-12-26,1645,48.76,India,ESPP,80210.2,0.3,24063.06,Approved,Normal
TX504050,EMP10736,Exercise,2025-03-09,381,93.27,India,Performance Share,35535.87,0.4,14214.35,Approved,Normal
TX504051,EMP10918,Grant,2026-03-16,339,13.99,India,Performance Share,4742.61,0.2,948.52,Approved,Normal
TX504052,EMP11092,Exercise,2026-07-22,817,69.13,UK,RSU,56479.21,0.2,11295.84,Approved,Normal
TX504053,EMP11563,Sale,2025-03-15,93,23.56,UK,Stock Option,2191.08,0.2,438.22,Approved,Normal
TX504054,EMP11717,Vesting,2026-11-05,1873,81.47,USA,Stock Option,152593.31,0.3,45777.99,Approved,High Value
TX504055,EMP11735,Sale,2025-03-08,493,71.8,Germany,Performance Share,35397.4,0.3,10619.22,Approved,Normal
TX504056,EMP11905,Vesting,2025-12-19,1032,52.99,India,Stock Option,54685.68,0.2,10937.14,Approved,Normal
TX504057,EMP11112,Vesting,2025-10-10,224,15.81,UK,RSU,3541.44,0.3,1062.43,Approved,Normal
TX504058,EMP10501,Grant,2025-04-14,161,23.59,Germany,Stock Option,3797.99,0.3,1139.4,Approved,Normal
TX504059,EMP11817,Sale,2025-01-12,823,70.21,India,Performance Share,57782.83,0.2,11556.57,Approved,Normal
TX504060,EMP10956,Sale,2026-07-05,2288,6.7,USA,RSU,15329.6,0.3,4598.88,Approved,Normal
TX504061,EMP10888,Sale,2026-05-01,668,55.52,UK,Stock Option,37087.36,0.4,14834.94,Approved,Normal
TX504062,EMP11264,Grant,2026-03-06,411,40.1,Germany,Performance Share,16481.1,0.3,4944.33,Approved,Normal
TX504063,EMP11781,Exercise,2025-05-05,134,72.67,UK,Performance Share,9737.78,0.3,2921.33,Approved,Normal
TX504064,EMP11742,Vesting,2026-07-23,424,60.28,India,ESPP,25558.72,0.2,5111.74,Approved,Normal
TX504065,EMP10482,Vesting,2025-06-15,1084,17.3,Australia,RSU,18753.2,0.4,7501.28,Pending Review,Normal
TX504066,EMP10783,Grant,2025-03-18,770,66.8,Singapore,Stock Option,51436.0,0.3,15430.8,Approved,Normal
TX504067,EMP10349,Grant,2025-04-13,1132,20.68,USA,RSU,23409.76,0.2,4681.95,Approved,Normal
TX504068,EMP11333,Sale,2026-01-17,2080,68.39,USA,ESPP,142251.2,0.3,42675.36,Approved,High Value
TX504069,EMP11207,Exercise,2025-12-07,616,80.27,Germany,RSU,49446.32,0.45,22250.84,Pending Review,Normal
TX504070,EMP11169,Vesting,2026-06-04,660,23.88,USA,RSU,15760.8,0.2,3152.16,Approved,Normal
TX504071,EMP10434,Grant,2025-11-16,1267,78.24,India,RSU,99130.08,0.4,39652.03,Approved,Normal
TX504072,EMP10925,Vesting,2026-08-26,1605,53.6,UK,Stock Option,86028.0,0.4,34411.2,Approved,Normal
TX504073,EMP10596,Vesting,2025-12-22,1194,84.71,Germany,RSU,101143.74,0.2,20228.75,Approved,High Value
TX504074,EMP11463,Grant,2025-10-03,413,24.6,Germany,ESPP,10159.8,0.2,2031.96,Approved,Normal
TX504075,EMP10014,Grant,2025-12-27,562,66.39,UK,RSU,37311.18,0.2,7462.24,Approved,Normal
TX504076,EMP10708,Exercise,2026-06-23,68,43.55,UK,Stock Option,2961.4,0.4,1184.56,Approved,Normal
TX504077,EMP99999,Vesting,2025-12-05,2476,49.34,UK,RSU,122165.84,0.4,48866.34,Approved,High Value
TX504078,EMP11625,Sale,2026-10-03,801,52.99,Germany,RSU,42444.99,0.4,16978.0,Approved,Normal
TX504079,EMP11713,Grant,2025-11-19,754,46.07,USA,RSU,34736.78,0.4,13894.71,Approved,Normal
TX504080,EMP11453,Exercise,2025-12-26,1132,25.62,UK,Performance Share,29001.84,0.3,8700.55,Approved,Normal
TX504081,EMP11426,Exercise,2026-09-11,298,54.92,USA,Stock Option,16366.16,0.2,3273.23,Pending Review,Normal
TX504082,EMP10284,Exercise,2025-05-26,1080,28.75,UK,RSU,31050.0,0.4,12420.0,Approved,Normal
TX504083,EMP11564,Exercise,2026-10-27,1524,31.82,India,Stock Option,48493.68,0.4,19397.47,Approved,Normal
TX504084,EMP10870,Vesting,2025-05-10,1791,18.55,India,RSU,33223.05,0.3,9966.92,Approved,Normal
TX504085,EMP10784,Grant,2025-12-29,1222,16.6,India,ESPP,20285.2,0.4,8114.08,Approved,Normal
TX504086,EMP10067,Sale,2025-09-08,578,49.5,Germany,RSU,28611.0,0.3,8583.3,Approved,Normal
TX504087,EMP11022,Exercise,2025-12-23,463,68.21,Germany,RSU,31581.23,0.4,12632.49,Approved,Normal
TX504088,EMP11124,Grant,2026-10-01,1341,68.67,Australia,RSU,92086.47,0.45,41438.91,Approved,Normal
TX504089,EMP11225,Exercise,2025-01-14,1655,25.81,UK,ESPP,42715.55,0.2,8543.11,Pending Review,Normal
TX504090,EMP11396,Vesting,2025-08-21,916,77.45,USA,Stock Option,70944.2,0.3,21283.26,Approved,Normal
TX504091,EMP10625,Sale,2025-06-01,1990,61.49,USA,RSU,122365.1,0.2,24473.02,Pending Review,High Value
TX504092,EMP11799,Exercise,2026-02-12,29,91.02,UK,RSU,2639.58,0.2,527.92,Approved,Normal
TX504093,EMP10710,Sale,2026-12-08,1704,62.72,UK,Performance Share,106874.88,0.4,42749.95,Pending Review,High Value
TX504094,EMP10382,Sale,2025-05-05,1380,77.69,India,RSU,107212.2,0.3,32163.66,Approved,High Value
TX504095,EMP11855,Exercise,2026-05-02,1526,16.46,USA,RSU,25117.96,0.2,5023.59,Pending Review,Normal
TX504096,EMP10236,Cancellation,2025-02-10,251,31.47,USA,ESPP,7898.97,0.4,3159.59,Pending Review,Normal
TX504097,EMP10657,Grant,2025-08-27,592,33.18,Singapore,ESPP,19642.56,0.45,8839.15,Approved,Normal
TX504098,EMP10968,Grant,2026-04-22,2022,90.94,India,ESPP,183880.68,0.3,55164.2,Approved,High Value
TX504099,EMP10610,Grant,2025-06-28,134,45.45,India,RSU,6090.3,0.4,2436.12,Approved,Normal
TX504100,EMP10462,Grant,2025-07-07,2389,50.67,India,Performance Share,121050.63,0.2,24210.13,Approved,High Value
TX504101,EMP11635,Exercise,2025-12-01,523,61.24,UK,Stock Option,32028.52,0.4,12811.41,Approved,Normal
TX504102,EMP10134,Sale,2026-05-07,388,88.88,UK,Performance Share,34485.44,0.2,6897.09,Approved,Normal
TX504103,EMP11565,Grant,2025-12-14,930,48.75,India,RSU,45337.5,0.4,18135.0,Approved,Normal
TX504104,EMP10920,Cancellation,2026-09-20,757,41.01,Germany,Performance Share,31044.57,0.3,9313.37,Pending Review,Normal
TX504105,EMP10151,Cancellation,2026-12-22,466,29.03,UK,RSU,13527.98,0.2,2705.6,Pending Review,Normal
TX504106,EMP10658,Grant,2026-04-01,2273,90.99,UK,Performance Share,206820.27,0.45,93069.12,Approved,High Value
TX504107,EMP11873,Grant,2025-08-19,2444,88.73,India,Stock Option,216856.12,0.3,65056.84,Approved,High Value
TX504108,EMP11813,Exercise,2026-01-05,2398,47.23,India,ESPP,113257.54,0.2,22651.51,Approved,High Value
TX504109,EMP11819,Sale,2026-09-12,1043,75.49,India,Performance Share,78736.07,0.3,23620.82,Approved,Normal
TX504110,EMP10731,Vesting,2026-09-20,1922,17.09,India,Performance Share,32846.98,0.4,13138.79,Approved,Normal
TX504111,EMP10332,Sale,2026-10-19,215,76.61,USA,ESPP,16471.15,0.3,4941.34,Approved,Normal
TX504112,EMP11522,Vesting,2026-12-22,1731,64.03,USA,Performance Share,110835.93,0.45,49876.17,Approved,High Value
TX504113,EMP11110,Grant,2026-12-17,405,52.64,UK,ESPP,21319.2,0.3,6395.76,Approved,Normal
TX504114,EMP11926,Exercise,2026-07-22,984,60.41,USA,Performance Share,59443.44,0.3,17833.03,Approved,Normal
TX504115,EMP10807,Exercise,2026-12-26,1654,16.54,Singapore,RSU,27357.16,0.2,5471.43,Approved,Normal
TX504116,EMP10831,Cancellation,2026-10-26,415,68.35,India,Stock Option,28365.25,0.3,8509.57,Approved,Normal
TX504117,EMP11335,Grant,2025-01-20,1253,14.49,India,Performance Share,18155.97,0.4,7262.39,Approved,Normal
TX504118,EMP10514,Sale,2025-07-05,1806,85.03,Germany,ESPP,153564.18,0.45,69103.88,Approved,High Value
TX504119,EMP10070,Sale,2025-09-29,1640,80.11,India,Performance Share,131380.4,0.3,39414.12,Approved,High Value
TX504120,EMP11534,Vesting,2026-11-29,972,77.9,Germany,RSU,75718.8,0.4,30287.52,Approved,Normal
TX504121,EMP10946,Grant,2025-04-29,811,51.77,Singapore,RSU,41985.47,0.4,16794.19,Approved,Normal
TX504122,EMP11749,Exercise,2025-01-28,1267,27.32,India,RSU,34614.44,0.4,13845.78,Pending Review,Normal
TX504123,EMP11016,Sale,2026-08-01,1127,65.26,Singapore,ESPP,73548.02,0.2,14709.6,Approved,Normal
TX504124,EMP12000,Grant,2025-05-16,1414,83.33,USA,ESPP,117828.62,0.3,35348.59,Approved,High Value
TX504125,EMP10955,Sale,2025-10-29,1621,70.59,India,RSU,114426.39,0.45,51491.88,Approved,High Value
TX504126,EMP10594,Grant,2025-05-20,1982,10.73,India,RSU,21266.86,0.45,9570.09,Approved,Normal
TX504127,EMP10708,Grant,2026-11-19,349,71.02,UK,Stock Option,24785.98,0.3,7435.79,Approved,Normal
TX504128,EMP11805,Exercise,2026-12-31,334,49.68,UK,RSU,16593.12,0.2,3318.62,Approved,Normal
TX504129,EMP10984,Sale,2026-01-16,2182,30.0,Germany,Performance Share,65460.0,0.4,26184.0,Approved,Normal
TX504130,EMP10847,Vesting,2025-12-07,87,80.43,UK,Stock Option,6997.41,0.45,3148.83,Approved,Normal
TX504131,EMP10450,Exercise,2026-03-10,1932,59.88,USA,Performance Share,115688.16,0.2,23137.63,Approved,High Value
TX504132,EMP10895,Vesting,2025-02-28,319,89.19,UK,RSU,28451.61,0.4,11380.64,Approved,Normal
TX504133,EMP11946,Sale,2026-03-13,2193,8.89,UK,ESPP,19495.77,0.3,5848.73,Approved,Normal
TX504134,EMP10579,Vesting,2025-08-25,2435,21.24,Singapore,RSU,51719.4,0.3,15515.82,Approved,Normal
TX504135,EMP10835,Vesting,2025-02-08,478,40.61,Australia,Performance Share,19411.58,0.3,5823.47,Approved,Normal
TX504136,EMP11829,Sale,2025-03-10,435,87.21,India,RSU,37936.35,0.4,15174.54,Approved,Normal
TX504137,EMP11580,Exercise,2026-10-08,617,26.63,USA,ESPP,16430.71,0.4,6572.28,Approved,Normal
TX504138,EMP11732,Vesting,2025-04-25,2011,29.05,India,Stock Option,58419.55,0.4,23367.82,Approved,Normal
TX504139,EMP10717,Vesting,2025-06-08,1314,49.31,Australia,ESPP,64793.34,0.2,12958.67,Approved,Normal
TX504140,EMP11458,Grant,2026-09-18,1394,15.21,Germany,ESPP,21202.74,0.3,6360.82,Approved,Normal
TX504141,EMP10953,Grant,2025-08-21,1089,26.83,Germany,ESPP,29217.87,0.45,13148.04,Approved,Normal
TX504142,EMP11232,Grant,2025-12-20,466,45.79,Singapore,RSU,21338.14,0.3,6401.44,Approved,Normal
TX504143,EMP10925,Grant,2025-12-08,2286,26.76,UK,Stock Option,61173.36,0.3,18352.01,Approved,Normal
TX504144,EMP11562,Exercise,2026-11-29,638,19.39,USA,Stock Option,12370.82,0.4,4948.33,Approved,Normal
TX504145,EMP11758,Sale,2025-07-23,1741,92.91,UK,ESPP,161756.31,0.45,72790.34,Approved,High Value
TX504146,EMP11382,Sale,2025-11-25,282,37.14,India,Performance Share,10473.48,0.4,4189.39,Approved,Normal
TX504147,EMP10343,Vesting,2025-02-08,1822,25.34,USA,Performance Share,46169.48,0.4,18467.79,Approved,Normal
TX504148,EMP11874,Vesting,2026-03-24,862,75.92,Australia,RSU,65443.04,0.3,19632.91,Approved,Normal
TX504149,EMP11648,Sale,2026-04-28,2446,69.97,UK,Performance Share,171146.62,0.4,68458.65,Approved,High Value
TX504150,EMP11157,Exercise,2025-12-30,662,88.3,USA,RSU,58454.6,0.3,17536.38,Approved,Normal
TX504151,EMP11419,Sale,2025-08-24,2047,77.59,India,RSU,158826.73,0.2,31765.35,Approved,High Value
TX504152,EMP11821,Sale,2026-10-03,1915,72.98,UK,Stock Option,139756.7,0.45,62890.52,Approved,High Value
TX504153,EMP10238,Exercise,2026-07-03,1045,83.16,India,Performance Share,86902.2,0.2,17380.44,Approved,Normal
TX504154,EMP10891,Vesting,2026-12-03,1474,42.18,UK,RSU,62173.32,0.3,18652.0,Approved,Normal
TX504155,EMP10757,Vesting,2025-04-14,794,35.66,UK,ESPP,28314.04,0.3,8494.21,Approved,Normal
TX504156,EMP10555,Cancellation,2025-10-24,563,71.67,Germany,RSU,40350.21,0.4,16140.08,Pending Review,Normal
TX504157,EMP11643,Cancellation,2025-05-21,1388,50.02,India,ESPP,69427.76,0.2,13885.55,Approved,Normal
TX504158,EMP10783,Grant,2026-02-09,1552,40.09,Singapore,Stock Option,62219.68,0.4,24887.87,Approved,Normal
TX504159,EMP10015,Sale,2025-01-05,1540,94.56,India,Performance Share,145622.4,0.4,58248.96,Approved,High Value
TX504160,EMP10742,Sale,2025-01-10,775,21.86,Singapore,Performance Share,16941.5,0.2,3388.3,Approved,Normal
TX504161,EMP11774,Grant,2026-05-12,1776,51.15,India,RSU,90842.4,0.3,27252.72,Approved,Normal
TX504162,EMP10565,Exercise,2026-11-03,1372,35.85,UK,ESPP,49186.2,0.3,14755.86,Pending Review,Normal
TX504163,EMP11678,Vesting,2026-08-09,1937,18.38,UK,ESPP,35602.06,0.4,14240.82,Approved,Normal
TX504164,EMP11921,Sale,2026-04-22,1108,65.85,UK,RSU,72961.8,0.4,29184.72,Pending Review,Normal
TX504165,EMP11072,Sale,2026-02-08,960,72.29,Germany,Stock Option,69398.4,0.2,13879.68,Approved,Normal
TX504166,EMP11749,Vesting,2026-07-13,463,8.1,India,RSU,3750.3,0.2,750.06,Approved,Normal
TX504167,EMP10878,Sale,2026-08-11,2028,51.94,Australia,RSU,105334.32,0.3,31600.3,Approved,High Value
TX504168,EMP10560,Exercise,2026-10-30,1649,36.13,UK,RSU,59578.37,0.3,17873.51,Approved,Normal
TX504169,EMP11960,Sale,2025-07-03,1031,23.41,Germany,RSU,24135.71,0.2,4827.14,Approved,Normal
TX504170,EMP11939,Cancellation,2026-12-18,359,25.44,UK,Performance Share,9132.96,0.45,4109.83,Approved,Normal
TX504171,EMP10123,Exercise,2026-09-13,639,29.1,UK,ESPP,18594.9,0.3,5578.47,Approved,Normal
TX504172,EMP11605,Exercise,2025-02-28,353,52.8,India,RSU,18638.4,0.3,5591.52,Approved,Normal
TX504173,EMP10435,Sale,2025-02-01,1210,5.6,India,RSU,6776.0,0.2,1355.2,Pending Review,Normal
TX504174,EMP11987,Cancellation,2025-10-28,273,66.86,Germany,RSU,18252.78,0.4,7301.11,Approved,Normal
TX504175,EMP11488,Exercise,2026-12-02,2346,43.0,India,ESPP,100878.0,0.3,30263.4,Approved,High Value
TX504176,EMP11493,Exercise,2026-12-11,2211,8.4,USA,RSU,18572.4,0.2,3714.48,Approved,Normal
TX504177,EMP11801,Sale,2025-03-29,238,11.36,USA,ESPP,2703.68,0.2,540.74,Approved,Normal
TX504178,EMP11717,Sale,2026-03-08,156,21.43,USA,Stock Option,3343.08,0.3,1002.92,Approved,Normal
TX504179,EMP11606,Exercise,2025-10-11,2005,26.73,UK,RSU,53593.65,0.2,10718.73,Approved,Normal
TX504180,EMP11356,Cancellation,2025-09-09,1588,48.37,USA,Performance Share,76811.56,0.3,23043.47,Approved,Normal
TX504181,EMP11581,Exercise,2025-10-27,551,28.79,UK,RSU,15863.29,0.3,4758.99,Approved,Normal
TX504182,EMP10161,Grant,2025-05-13,1828,47.43,UK,RSU,86702.04,0.2,17340.41,Approved,Normal
TX504183,EMP10793,Grant,2026-04-28,318,61.97,India,Performance Share,19706.46,0.4,7882.58,Approved,Normal
TX504184,EMP10012,Cancellation,2025-03-28,1848,78.89,Singapore,ESPP,145788.72,0.3,43736.62,Approved,High Value
TX504185,EMP10797,Vesting,2025-11-15,1005,64.39,Singapore,Stock Option,64711.95,0.2,12942.39,Approved,Normal
TX504186,EMP10138,Sale,2025-09-04,1877,91.71,UK,RSU,172139.67,0.2,34427.93,Approved,High Value
TX504187,EMP10196,Grant,2025-03-17,179,81.09,India,Stock Option,14515.11,0.3,4354.53,Approved,Normal
TX504188,EMP10695,Sale,2025-02-07,812,8.24,Singapore,RSU,6690.88,0.3,2007.26,Approved,Normal
TX504189,EMP11879,Vesting,2025-04-12,1196,81.2,India,RSU,97115.2,0.4,38846.08,Approved,Normal
TX504190,EMP11979,Vesting,2026-08-12,905,60.17,India,Performance Share,54453.85,0.4,21781.54,Approved,Normal
TX504191,EMP11231,Cancellation,2026-11-28,464,63.27,Germany,Performance Share,29357.28,0.2,5871.46,Approved,Normal
TX504192,EMP11027,Vesting,2025-05-26,1480,18.06,USA,ESPP,26728.8,0.4,10691.52,Approved,Normal
TX504193,EMP10728,Sale,2026-02-09,462,93.06,USA,Performance Share,42993.72,0.4,17197.49,Approved,Normal
TX504194,EMP11382,Grant,2025-05-17,1635,60.71,India,Performance Share,99260.85,0.4,39704.34,Approved,Normal
TX504195,EMP10161,Cancellation,2026-04-29,634,22.31,UK,RSU,14144.54,0.2,2828.91,Approved,Normal
TX504196,EMP10708,Grant,2026-06-06,1744,95.0,UK,Stock Option,165680.0,0.3,49704.0,Approved,High Value
TX504197,EMP11659,Vesting,2026-12-25,-42,40.92,USA,Stock Option,43129.68,0.3,12938.9,Approved,Normal
TX504198,EMP11901,Vesting,2025-07-07,715,63.68,Singapore,Stock Option,45531.2,0.45,20489.04,Pending Review,Normal
TX504199,EMP11064,Exercise,2025-01-09,74,73.99,USA,RSU,5475.26,0.3,1642.58,Approved,Normal
TX504200,EMP10992,Sale,2025-09-22,2108,25.69,Germany,Performance Share,54154.52,0.3,16246.36,Approved,Normal
TX504201,EMP11788,Grant,2025-12-24,2186,16.72,India,Stock Option,36549.92,0.3,10964.98,Approved,Normal
TX504202,EMP10237,Vesting,2025-05-15,491,25.59,India,ESPP,12564.69,0.2,2512.94,Approved,Normal
TX504203,EMP10845,Vesting,2026-03-30,1174,44.87,India,RSU,52677.38,0.3,15803.21,Approved,Normal
TX504204,EMP10452,Exercise,2026-08-20,703,69.45,UK,RSU,48823.35,0.3,14647.0,Approved,Normal
TX504205,EMP10411,Sale,2025-08-24,1134,50.12,USA,Stock Option,56836.08,0.4,22734.43,Approved,Normal
TX504206,EMP10452,Exercise,2025-03-01,575,76.87,UK,RSU,44200.25,0.3,13260.08,Approved,Normal
TX504207,EMP11431,Sale,2026-01-29,276,78.99,UK,RSU,21801.24,0.4,8720.5,Approved,Normal
TX504208,EMP11398,Vesting,2025-03-06,2021,26.19,USA,Performance Share,52929.99,0.3,15879.0,Pending Review,Normal
TX504209,EMP11713,Exercise,2025-12-14,1968,36.38,USA,RSU,71595.84,0.4,28638.34,Approved,Normal
TX504210,EMP11051,Exercise,2025-01-24,302,6.75,Germany,RSU,2038.5,0.2,407.7,Approved,Normal
TX504211,EMP10921,Vesting,2025-01-13,785,87.18,India,ESPP,68436.3,0.4,27374.52,Approved,Normal
TX504212,EMP11890,Sale,2025-01-01,347,82.61,Singapore,ESPP,28665.67,0.3,8599.7,Approved,Normal
TX504213,EMP11812,Cancellation,2025-04-26,1810,22.96,India,RSU,41557.6,0.3,12467.28,Approved,Normal
TX504214,EMP10568,Sale,2026-07-22,2121,54.12,UK,Performance Share,114788.52,0.2,22957.7,Approved,High Value
TX504215,EMP11458,Vesting,2025-06-28,2210,13.32,Germany,ESPP,29437.2,0.2,5887.44,Approved,Normal
TX504216,EMP11819,Grant,2025-11-08,1016,74.39,India,Performance Share,75580.24,0.3,22674.07,Approved,Normal
TX504217,EMP10112,Exercise,2025-05-09,410,51.56,UK,Performance Share,21139.6,0.4,8455.84,Approved,Normal
TX504218,EMP11756,Sale,2025-05-11,1776,71.45,UK,RSU,126895.2,0.3,38068.56,Approved,High Value
TX504219,EMP11517,Sale,2025-08-27,813,52.28,USA,RSU,42503.64,0.2,8500.73,Approved,Normal
TX504220,EMP10739,Sale,2026-06-25,95,13.73,USA,RSU,1304.35,0.4,521.74,Approved,Normal
TX504221,EMP11262,Grant,2026-12-14,592,17.39,UK,ESPP,10294.88,0.3,3088.46,Approved,Normal
TX504222,EMP11953,Grant,2026-02-02,1884,23.64,Australia,Stock Option,44537.76,0.2,8907.55,Approved,Normal
TX504223,EMP11583,Exercise,2026-05-13,645,61.65,USA,RSU,39764.25,0.2,7952.85,Approved,Normal
TX504224,EMP10210,Exercise,2025-08-26,2055,88.55,UK,RSU,181970.25,0.2,36394.05,Approved,High Value
TX504225,EMP11184,Grant,2026-07-14,2424,65.09,Australia,RSU,157778.16,0.3,47333.45,Approved,High Value
TX504226,EMP10164,Vesting,2025-10-01,2477,66.39,India,Performance Share,164448.03,0.3,49334.41,Pending Review,High Value
TX504227,EMP11013,Cancellation,2026-07-03,2133,13.08,Australia,ESPP,27899.64,0.3,8369.89,Pending Review,Normal
TX504228,EMP11152,Sale,2025-09-01,1449,73.6,Germany,RSU,106646.4,0.3,31993.92,Approved,High Value
TX504229,EMP11644,Grant,2025-04-06,85,94.04,India,RSU,7993.4,0.3,2398.02,Approved,Normal
TX504230,EMP10825,Cancellation,2026-12-22,1139,44.18,UK,RSU,50321.02,0.3,15096.31,Approved,Normal
TX504231,EMP10996,Cancellation,2026-05-21,1066,60.23,UK,RSU,64205.18,0.2,12841.04,Approved,Normal
TX504232,EMP11753,Grant,2026-04-02,999,83.28,UK,RSU,83196.72,0.2,16639.34,Approved,Normal
TX504233,EMP11628,Sale,2026-03-26,645,30.34,UK,Stock Option,19569.3,0.4,7827.72,Pending Review,Normal
TX504234,EMP11516,Sale,2025-09-23,2084,25.8,USA,RSU,53767.2,0.45,24195.24,Approved,Normal
TX504235,EMP11589,Cancellation,2025-06-01,2483,23.82,Singapore,Stock Option,59145.06,0.3,17743.52,Approved,Normal
TX504236,EMP10909,Exercise,2025-03-06,1742,53.39,UK,Stock Option,93005.38,0.2,18601.08,Approved,Normal
TX504237,EMP11954,Cancellation,2025-01-03,1265,80.87,UK,RSU,102300.55,0.3,30690.16,Approved,High Value
TX504238,EMP11836,Sale,2025-01-06,327,14.93,UK,RSU,4882.11,0.45,2196.95,Pending Review,Normal
TX504239,EMP10662,Grant,2026-12-04,1810,91.92,Australia,RSU,166375.2,0.2,33275.04,Pending Review,High Value
TX504240,EMP11492,Sale,2026-03-19,613,43.61,India,ESPP,26732.93,0.2,5346.59,Approved,Normal
TX504241,EMP11710,Grant,2026-06-07,641,15.08,Germany,RSU,9666.28,0.2,1933.26,Approved,Normal
TX504242,EMP10695,Exercise,2026-08-09,2377,80.85,Singapore,RSU,192180.45,0.3,57654.14,Approved,High Value
TX504243,EMP11289,Sale,2026-07-30,1243,17.41,UK,RSU,21640.63,0.3,6492.19,Approved,Normal
TX504244,EMP11815,Cancellation,2025-03-26,713,21.51,India,RSU,15336.63,0.4,6134.65,Pending Review,Normal
TX504245,EMP11256,Exercise,2025-01-06,799,59.61,USA,ESPP,47628.39,0.2,9525.68,Approved,Normal
TX504246,EMP11158,Sale,2026-03-13,771,34.86,Germany,RSU,26877.06,0.2,5375.41,Approved,Normal
TX504247,EMP11956,Vesting,2025-06-26,768,67.95,India,Stock Option,52185.6,0.4,20874.24,Approved,Normal
TX504248,EMP10838,Grant,2026-04-30,1406,9.79,Germany,Stock Option,13764.74,0.4,5505.9,Approved,Normal
TX504249,EMP11810,Cancellation,2025-11-29,2263,77.72,India,RSU,175880.36,0.4,70352.14,Approved,High Value
TX504250,EMP10896,Sale,2026-12-20,1474,73.45,Singapore,RSU,108265.3,0.2,21653.06,Approved,High Value
TX504251,EMP11478,Exercise,2025-01-22,2275,68.38,Germany,RSU,155564.5,0.45,70004.03,Approved,High Value
TX504252,EMP10233,Vesting,2026-05-12,2250,28.18,Singapore,RSU,63405.0,0.2,12681.0,Approved,Normal
TX504253,EMP10406,Grant,2025-09-28,1388,12.98,UK,RSU,18016.24,0.4,7206.5,Approved,Normal
TX504254,EMP11462,Sale,2025-09-07,2118,75.1,UK,Performance Share,159061.8,0.2,31812.36,Approved,High Value
TX504255,EMP11541,Exercise,2025-01-14,176,68.27,India,Stock Option,12015.52,0.2,2403.1,Approved,Normal
TX504256,EMP11389,Sale,2025-03-30,1992,28.46,UK,RSU,56692.32,0.45,25511.54,Approved,Normal
TX504257,EMP11032,Sale,2025-04-11,205,54.69,India,Performance Share,11211.45,0.2,2242.29,Approved,Normal
TX504258,EMP11131,Vesting,2025-11-03,750,79.32,USA,RSU,59490.0,0.2,11898.0,Approved,Normal
TX504259,EMP10785,Vesting,2025-11-05,2380,35.73,Australia,ESPP,85037.4,0.2,17007.48,Approved,Normal
TX504260,EMP10831,Cancellation,2025-06-10,624,38.79,India,Stock Option,24204.96,0.2,4840.99,Approved,Normal
TX504261,EMP10750,Grant,2026-09-18,512,36.5,USA,ESPP,18688.0,0.2,3737.6,Approved,Normal
TX504262,EMP10460,Cancellation,2026-09-30,2278,19.59,USA,ESPP,44626.02,0.4,17850.41,Approved,Normal
TX504263,EMP11363,Grant,2025-03-25,1053,73.06,Australia,RSU,76932.18,0.4,30772.87,Approved,Normal
TX504264,EMP10530,Sale,2026-05-28,1669,21.04,India,Performance Share,35115.76,0.3,10534.73,Approved,Normal
TX504265,EMP10023,Vesting,2026-08-29,1472,20.12,UK,ESPP,29616.64,0.3,8884.99,Approved,Normal
TX504266,EMP10427,Exercise,2026-11-07,2410,83.96,UK,RSU,202343.6,0.2,40468.72,Approved,High Value
TX504267,EMP11689,Grant,2025-10-25,1392,8.4,USA,Stock Option,11692.8,0.4,4677.12,Approved,Normal
TX504268,EMP11149,Vesting,2026-04-28,65,71.99,Singapore,Stock Option,4679.35,0.45,2105.71,Approved,Normal
TX504269,EMP11628,Vesting,2025-09-29,251,16.6,UK,Stock Option,4166.6,0.2,833.32,Approved,Normal
TX504270,EMP11048,Exercise,2025-06-06,2239,37.66,USA,RSU,84320.74,0.4,33728.3,Approved,Normal
TX504271,EMP11617,Exercise,2026-03-02,2247,68.4,India,Stock Option,153694.8,0.3,46108.44,Approved,High Value
TX504272,EMP11477,Cancellation,2026-08-16,1394,10.41,India,Stock Option,14511.54,0.2,2902.31,Approved,Normal
TX504273,EMP11010,Grant,2025-05-02,532,53.73,UK,RSU,28584.36,0.4,11433.74,Approved,Normal
TX504274,EMP11937,Vesting,2026-03-26,1599,39.49,Singapore,ESPP,63144.51,0.4,25257.8,Approved,Normal
TX504275,EMP11584,Exercise,2025-10-22,1740,87.59,Australia,RSU,152406.6,0.2,30481.32,Approved,High Value
TX504276,EMP11297,Grant,2025-05-28,2234,51.2,Australia,ESPP,114380.8,0.2,22876.16,Approved,High Value
TX504277,EMP10180,Vesting,2025-04-09,1102,58.38,USA,RSU,64334.76,0.4,25733.9,Approved,Normal
TX504278,EMP10752,Vesting,2025-07-16,1892,76.82,USA,RSU,145343.44,0.2,29068.69,Approved,High Value
TX504279,EMP11957,Grant,2025-06-08,2393,54.66,UK,RSU,130801.38,0.45,58860.62,Approved,High Value
TX504280,EMP11416,Exercise,2025-04-04,34,10.8,Germany,RSU,367.2,0.2,73.44,Approved,Normal
TX504281,EMP10251,Vesting,2025-03-05,1617,24.68,Australia,ESPP,39907.56,0.3,11972.27,Approved,Normal
TX504282,EMP10843,Exercise,2026-01-19,1112,18.09,USA,ESPP,20116.08,0.3,6034.82,Approved,Normal
TX504283,EMP10890,Exercise,2025-02-21,237,25.96,USA,ESPP,6152.52,0.3,1845.76,Approved,Normal
TX504284,EMP11592,Vesting,2025-08-13,2465,10.56,UK,ESPP,26030.4,0.2,5206.08,Approved,Normal
TX504285,EMP10175,Grant,2025-08-19,1616,62.93,USA,RSU,101694.88,0.3,30508.46,Pending Review,High Value
TX504286,EMP10557,Sale,2026-07-14,1332,43.65,UK,ESPP,58141.8,0.3,17442.54,Approved,Normal
TX504287,EMP10481,Sale,2025-03-30,1159,33.24,Germany,Performance Share,38525.16,0.2,7705.03,Approved,Normal
TX504288,EMP11758,Cancellation,2025-06-15,839,85.04,UK,ESPP,71348.56,0.2,14269.71,Approved,Normal
TX504289,EMP10424,Exercise,2026-02-09,1983,38.48,Germany,Performance Share,76305.84,0.2,15261.17,Approved,Normal
TX504290,EMP10133,Vesting,2026-07-20,2348,27.86,Germany,RSU,65415.28,0.45,29436.88,Approved,Normal
TX504291,EMP11223,Sale,2025-09-30,31,43.28,USA,RSU,1341.68,0.2,268.34,Approved,Normal
TX504292,EMP10635,Sale,2026-06-06,2150,61.93,Australia,Stock Option,133149.5,0.45,59917.28,Approved,High Value
TX504293,EMP10871,Grant,2025-04-11,1890,39.73,UK,RSU,75089.7,0.3,22526.91,Approved,Normal
TX504294,EMP10994,Vesting,2026-08-06,1814,78.87,UK,Stock Option,143070.18,0.45,64381.58,Approved,High Value
TX504295,EMP11950,Sale,2026-05-13,1794,53.9,India,Performance Share,96696.6,0.2,19339.32,Approved,Normal
TX504296,EMP11449,Grant,2025-02-28,2213,48.63,USA,ESPP,107618.19,0.3,32285.46,Approved,High Value
TX504297,EMP10044,Grant,2026-07-03,1902,53.66,India,Stock Option,102061.32,0.4,40824.53,Approved,High Value
TX504298,EMP11471,Vesting,2026-10-05,2373,33.75,UK,Performance Share,80088.75,0.2,16017.75,Approved,Normal
TX504299,EMP10651,Sale,2026-11-06,779,47.29,India,Stock Option,36838.91,0.2,7367.78,Approved,Normal
TX504300,EMP11077,Grant,2026-03-12,2376,23.76,USA,RSU,56453.76,0.4,22581.5,Approved,Normal
TX504301,EMP10506,Grant,2025-04-20,1530,25.78,Australia,RSU,39443.4,0.4,15777.36,Approved,Normal
TX504302,EMP11414,Sale,2026-05-09,434,44.85,India,Performance Share,19464.9,0.2,3892.98,Approved,Normal
TX504303,EMP99999,Sale,2025-12-17,2359,77.86,Singapore,RSU,183671.74,0.45,82652.28,Approved,High Value
TX504304,EMP11493,Sale,2026-02-05,977,58.53,USA,RSU,57183.81,0.3,17155.14,Approved,Normal
TX504305,EMP11395,Cancellation,2026-05-01,953,47.4,Singapore,RSU,45172.2,0.4,18068.88,Approved,Normal
TX504306,EMP11054,Grant,2025-10-09,1210,87.57,Germany,ESPP,105959.7,0.4,42383.88,Approved,High Value
TX504307,EMP10172,Cancellation,2026-04-19,2021,24.87,UK,Stock Option,50262.27,0.3,15078.68,Approved,Normal
TX504308,EMP10019,Sale,2026-08-21,1434,56.52,Germany,RSU,81049.68,0.3,24314.9,Approved,Normal
TX504309,EMP11203,Exercise,2026-04-12,867,39.93,India,RSU,34619.31,0.45,15578.69,Approved,Normal
TX504310,EMP11657,Sale,2025-08-12,1104,17.95,India,ESPP,19816.8,0.2,3963.36,Approved,Normal
TX504311,EMP10280,Cancellation,2025-03-12,1058,72.11,Singapore,Stock Option,76292.38,0.3,22887.71,Approved,Normal
TX504312,EMP10891,Grant,2026-04-08,483,75.01,UK,RSU,36229.83,0.2,7245.97,Approved,Normal
TX504313,EMP10759,Exercise,2026-01-16,1375,11.68,USA,Performance Share,16060.0,0.4,6424.0,Approved,Normal
TX504314,EMP10564,Vesting,2026-06-19,1563,40.76,India,RSU,63707.88,0.4,25483.15,Approved,Normal
TX504315,EMP10525,Exercise,2026-06-20,2076,13.5,Germany,Stock Option,28026.0,0.3,8407.8,Approved,Normal
TX504316,EMP10222,Exercise,2026-02-17,330,87.85,UK,Performance Share,28990.5,0.3,8697.15,Approved,Normal
TX504317,EMP10784,Grant,2026-02-26,2427,25.94,India,ESPP,62956.38,0.2,12591.28,Approved,Normal
TX504318,EMP11565,Grant,2026-12-25,631,79.06,India,RSU,49886.86,0.2,9977.37,Approved,Normal
TX504319,EMP11181,Vesting,2026-08-12,2096,82.8,UK,RSU,173548.8,0.2,34709.76,Approved,High Value
TX504320,EMP10062,Grant,2026-05-18,1611,86.68,USA,RSU,139641.48,0.2,27928.3,Approved,High Value
TX504321,EMP11813,Sale,2026-07-11,1483,36.21,India,ESPP,53699.43,0.3,16109.83,Approved,Normal
TX504322,EMP10414,Vesting,2025-06-21,2167,31.12,Germany,RSU,67437.04,0.3,20231.11,Approved,Normal
TX504323,EMP11218,Sale,2026-11-19,533,51.43,Australia,Stock Option,27412.19,0.3,8223.66,Approved,Normal
TX504324,EMP10470,Sale,2026-05-23,747,68.7,India,Stock Option,51318.9,0.45,23093.5,Approved,Normal
TX504325,EMP11386,Grant,2025-11-10,410,43.14,India,Performance Share,17687.4,0.2,3537.48,Approved,Normal
TX504326,EMP11595,Sale,2025-09-23,2412,62.03,USA,ESPP,149616.36,0.2,29923.27,Approved,High Value
TX504327,EMP10467,Grant,2026-08-12,1687,54.07,India,Performance Share,91216.09,0.2,18243.22,Approved,Normal
TX504328,EMP11747,Sale,2026-02-19,809,20.55,USA,RSU,16624.95,0.2,3324.99,Approved,Normal
TX504329,EMP10420,Vesting,2025-02-28,1573,37.49,UK,RSU,58971.77,0.2,11794.35,Approved,Normal
TX504330,EMP10013,Exercise,2025-11-27,1950,22.13,India,RSU,43153.5,0.4,17261.4,Approved,Normal
TX504331,EMP11905,Vesting,2025-07-11,697,79.27,India,Stock Option,55251.19,0.3,16575.36,Approved,Normal
TX504332,EMP10137,Sale,2026-10-18,296,18.73,Australia,Performance Share,5544.08,0.4,2217.63,Approved,Normal
TX504333,EMP10175,Cancellation,2025-11-10,655,44.26,USA,RSU,28990.3,0.4,11596.12,Approved,Normal
TX504334,EMP11161,Sale,2026-03-28,1523,86.24,India,Performance Share,131343.52,0.2,26268.7,Approved,High Value
TX504335,EMP10810,Grant,2026-07-04,737,45.54,UK,RSU,33562.98,0.4,13425.19,Approved,Normal
TX504336,EMP10403,Cancellation,2026-03-13,218,94.44,India,Performance Share,20587.92,0.3,6176.38,Approved,Normal
TX504337,EMP10552,Grant,2026-07-06,1956,49.32,UK,ESPP,96469.92,0.4,38587.97,Pending Review,Normal
TX504338,EMP11703,Sale,2025-02-01,2040,80.82,India,Performance Share,164872.8,0.3,49461.84,Approved,High Value
TX504339,EMP11203,Vesting,2026-10-09,175,49.53,India,RSU,8667.75,0.2,1733.55,Approved,Normal
TX504340,EMP11961,Grant,2025-11-08,1204,36.28,Australia,Stock Option,43681.12,0.4,17472.45,Approved,Normal
TX504341,EMP10151,Sale,2026-02-27,1625,78.71,UK,RSU,127903.75,0.3,38371.12,Approved,High Value
TX504342,EMP11594,Sale,2025-09-26,1420,7.55,UK,Performance Share,10721.0,0.4,4288.4,Approved,Normal
TX504343,EMP10593,Sale,2026-02-03,434,21.77,UK,ESPP,9448.18,0.2,1889.64,Approved,Normal
TX504344,EMP11643,Exercise,2026-10-19,1464,84.46,India,ESPP,123649.44,0.2,24729.89,Approved,High Value
TX504345,EMP11595,Grant,2025-05-13,1941,90.6,USA,ESPP,175854.6,0.3,52756.38,Approved,High Value
TX504346,EMP11525,Vesting,2025-04-23,125,48.6,Australia,ESPP,6075.0,0.2,1215.0,Approved,Normal
TX504347,EMP11949,Cancellation,2025-01-02,1456,17.88,USA,Stock Option,26033.28,0.4,10413.31,Approved,Normal
TX504348,EMP11456,Vesting,2025-12-07,1953,91.36,USA,Performance Share,178426.08,0.4,71370.43,Approved,High Value
TX504349,EMP10679,Vesting,2025-05-10,2040,18.97,India,RSU,38698.8,0.3,11609.64,Approved,Normal
TX504350,EMP11367,Grant,2025-10-21,1623,92.85,India,ESPP,150695.55,0.3,45208.66,Approved,High Value
TX504351,EMP11858,Cancellation,2026-12-19,1646,47.81,UK,RSU,78695.26,0.2,15739.05,Approved,Normal
TX504352,EMP11416,Exercise,2025-03-14,2053,64.85,Germany,RSU,133137.05,0.3,39941.12,Approved,High Value
TX504353,EMP10705,Sale,2025-08-20,598,38.11,India,RSU,22789.78,0.2,4557.96,Approved,Normal
TX504354,EMP10366,Sale,2026-11-13,2252,41.23,UK,RSU,92849.96,0.3,27854.99,Approved,Normal
TX504355,EMP11391,Sale,2026-01-02,732,62.87,Australia,RSU,46020.84,0.4,18408.34,Approved,Normal
TX504356,EMP10044,Sale,2025-10-17,1955,9.55,India,Stock Option,18670.25,0.45,8401.61,Approved,Normal
TX504357,EMP11898,Vesting,2026-10-21,2356,44.33,USA,Performance Share,104441.48,0.2,20888.3,Approved,High Value
TX504358,EMP10590,Grant,2025-09-25,899,16.97,Australia,Performance Share,15256.03,0.3,4576.81,Approved,Normal
TX504359,EMP11394,Exercise,2026-09-11,1455,17.45,Australia,ESPP,25389.75,0.2,5077.95,Approved,Normal
TX504360,EMP11107,Vesting,2025-03-02,1342,67.53,UK,RSU,90625.26,0.4,36250.1,Approved,Normal
TX504361,EMP10150,Grant,2026-09-05,2467,45.96,UK,Performance Share,113383.32,0.2,22676.66,Pending Review,High Value
TX504362,EMP10159,Grant,2026-11-02,98,67.91,Germany,Stock Option,6655.18,0.4,2662.07,Approved,Normal
TX504363,EMP10275,Grant,2026-06-10,2225,90.55,India,Performance Share,201473.75,0.4,80589.5,Pending Review,High Value
TX504364,EMP11835,Grant,2026-08-14,563,38.93,USA,Performance Share,21917.59,0.4,8767.04,Approved,Normal
TX504365,EMP10267,Cancellation,2025-01-19,350,56.1,Australia,RSU,19635.0,0.3,5890.5,Approved,Normal
TX504366,EMP10932,Sale,2026-04-10,1575,55.35,India,RSU,87176.25,0.3,26152.88,Approved,Normal
TX504367,EMP10933,Grant,2026-11-22,2368,54.1,UK,RSU,128108.8,0.2,25621.76,Approved,High Value
TX504368,EMP10339,Grant,2026-05-16,1312,35.37,UK,Stock Option,46405.44,0.2,9281.09,Approved,Normal
TX504369,EMP10187,Exercise,2026-10-27,552,52.76,India,RSU,29123.52,0.3,8737.06,Approved,Normal
TX504370,EMP10471,Grant,2025-10-13,2066,71.29,UK,RSU,147285.14,0.4,58914.06,Approved,High Value
TX504371,EMP10961,Grant,2025-06-14,1629,46.86,Germany,ESPP,76334.94,0.3,22900.48,Approved,Normal
TX504372,EMP10243,Sale,2026-07-29,1505,28.45,Australia,Performance Share,42817.25,0.2,8563.45,Approved,Normal
TX504373,EMP10655,Exercise,2026-02-16,2226,45.0,USA,Performance Share,100170.0,0.2,20034.0,Approved,High Value
TX504374,EMP10164,Sale,2025-11-05,1505,32.97,India,Performance Share,49619.85,0.2,9923.97,Approved,Normal
TX504375,EMP10370,Sale,2026-09-18,2213,50.23,India,RSU,111158.99,0.2,22231.8,Approved,High Value
TX504376,EMP11406,Vesting,2026-05-28,1349,11.84,Australia,ESPP,15972.16,0.2,3194.43,Approved,Normal
TX504377,EMP11503,Sale,2025-06-02,1493,82.77,UK,Stock Option,123575.61,0.3,37072.68,Approved,High Value
TX504378,EMP10720,Vesting,2025-12-03,147,9.31,Germany,ESPP,1368.57,0.2,273.71,Approved,Normal
TX504379,EMP11677,Grant,2026-06-20,1806,86.66,Australia,RSU,156507.96,0.2,31301.59,Approved,High Value
TX504380,EMP10224,Vesting,2025-02-24,1766,8.55,UK,RSU,15099.3,0.45,6794.68,Approved,Normal
TX504381,EMP10764,Vesting,2025-09-16,1361,37.28,USA,RSU,50738.08,0.4,20295.23,Pending Review,Normal
TX504382,EMP11526,Exercise,2025-10-26,1975,77.26,Singapore,RSU,152588.5,0.2,30517.7,Approved,High Value
TX504383,EMP11082,Sale,2025-04-05,751,38.48,Singapore,Performance Share,28898.48,0.2,5779.7,Approved,Normal
TX504384,EMP10089,Vesting,2026-03-07,1238,76.5,Australia,Performance Share,94707.0,0.3,28412.1,Approved,Normal
TX504385,EMP11822,Sale,2026-07-21,2108,56.36,Germany,RSU,118806.88,0.3,35642.06,Approved,High Value
TX504386,EMP11057,Sale,2026-04-02,1443,11.09,USA,RSU,16002.87,0.3,4800.86,Approved,Normal
TX504387,EMP10599,Sale,2025-02-22,1621,62.75,UK,RSU,101717.75,0.4,40687.1,Approved,High Value
TX504388,EMP11199,Sale,2025-04-19,656,9.08,USA,Performance Share,5956.48,0.2,1191.3,Approved,Normal
TX504389,EMP10398,Grant,2026-01-05,747,12.11,UK,RSU,9046.17,0.4,3618.47,Approved,Normal
TX504390,EMP10530,Grant,2025-11-10,34,17.49,India,Performance Share,594.66,0.2,118.93,Approved,Normal
TX504391,EMP11914,Sale,2025-06-04,2362,23.32,India,RSU,55081.84,0.4,22032.74,Approved,Normal
TX504392,EMP10403,Sale,2025-05-14,2460,54.75,India,Performance Share,134685.0,0.2,26937.0,Approved,High Value
TX504393,EMP11685,Vesting,2026-07-06,452,33.37,USA,Stock Option,15083.24,0.3,4524.97,Pending Review,Normal
TX504394,EMP11337,Sale,2025-07-25,1972,83.08,UK,Performance Share,163833.76,0.3,49150.13,Approved,High Value
TX504395,EMP10542,Sale,2026-01-10,1617,69.71,USA,RSU,112721.07,0.2,22544.21,Approved,High Value
TX504396,EMP11476,Grant,2026-02-06,1554,82.17,Germany,Stock Option,127692.18,0.2,25538.44,Approved,High Value
TX504397,EMP11345,Exercise,2026-05-13,1488,27.23,Germany,RSU,40518.24,0.2,8103.65,Approved,Normal
TX504398,EMP11338,Exercise,2025-10-13,1162,41.65,India,Performance Share,48397.3,0.3,14519.19,Approved,Normal
TX504399,EMP11974,Vesting,2025-04-09,1524,14.97,UK,RSU,22814.28,0.2,4562.86,Approved,Normal
TX504400,EMP11371,Cancellation,2026-06-29,2203,12.99,India,RSU,28616.97,0.4,11446.79,Approved,Normal
TX504401,EMP10796,Cancellation,2025-06-28,1713,31.37,Germany,Stock Option,53736.81,0.4,21494.72,Approved,Normal
TX504402,EMP11655,Vesting,2026-07-09,1762,75.49,Singapore,Performance Share,133013.38,0.3,39904.01,Pending Review,High Value
TX504403,EMP10899,Cancellation,2026-01-27,257,52.13,India,ESPP,13397.41,0.45,6028.83,Approved,Normal
TX504404,EMP11773,Grant,2026-06-21,909,42.93,USA,RSU,39023.37,0.2,7804.67,Approved,Normal
TX504405,EMP11344,Cancellation,2025-12-28,1452,71.51,UK,ESPP,103832.52,0.4,41533.01,Approved,High Value
TX504406,EMP10989,Cancellation,2025-09-27,2210,18.47,USA,RSU,40818.7,0.2,8163.74,Approved,Normal
TX504407,EMP11172,Exercise,2026-05-20,1263,84.83,Singapore,RSU,107140.29,0.4,42856.12,Approved,High Value
TX504408,EMP10747,Grant,2025-04-10,1225,43.2,UK,RSU,52920.0,0.2,10584.0,Approved,Normal
TX504409,EMP10021,Vesting,2025-10-21,800,53.62,USA,RSU,42896.0,0.3,12868.8,Approved,Normal
TX504410,EMP10321,Sale,2025-07-20,716,11.69,UK,RSU,8370.04,0.3,2511.01,Approved,Normal
TX504411,EMP11221,Sale,2026-05-20,311,63.33,Singapore,ESPP,19695.63,0.2,3939.13,Approved,Normal
TX504412,EMP10360,Vesting,2025-03-25,389,86.39,India,RSU,33605.71,0.2,6721.14,Approved,Normal
TX504413,EMP10558,Cancellation,2026-05-02,1430,36.48,UK,Stock Option,52166.4,0.4,20866.56,Pending Review,Normal
TX504414,EMP10979,Vesting,2025-06-10,1144,62.55,India,RSU,71557.2,0.4,28622.88,Approved,Normal
TX504415,EMP10362,Vesting,2026-08-28,1824,77.73,Singapore,RSU,141779.52,0.3,42533.86,Approved,High Value
TX504416,EMP10019,Grant,2025-07-16,856,90.09,Germany,RSU,77117.04,0.3,23135.11,Approved,Normal
TX504417,EMP10479,Cancellation,2025-01-25,1849,71.16,UK,ESPP,131574.84,0.2,26314.97,Approved,High Value
TX504418,EMP10776,Grant,2026-10-26,1016,23.39,India,Performance Share,23764.24,0.45,10693.91,Approved,Normal
TX504419,EMP11013,Grant,2025-02-20,47,26.26,Australia,ESPP,1234.22,0.4,493.69,Approved,Normal
TX504420,EMP10075,Sale,2025-09-22,1230,78.23,Singapore,ESPP,96222.9,0.4,38489.16,Approved,Normal
TX504421,EMP11838,Vesting,2025-07-20,651,86.63,Australia,RSU,56396.13,0.3,16918.84,Approved,Normal
TX504422,EMP11329,Sale,2025-12-14,1703,40.91,UK,RSU,69669.73,0.4,27867.89,Approved,Normal
TX504423,EMP10313,Sale,2026-11-27,2440,87.58,Australia,Performance Share,213695.2,0.2,42739.04,Approved,High Value
TX504424,EMP10844,Vesting,2025-07-21,1133,30.49,UK,ESPP,34545.17,0.4,13818.07,Approved,Normal
TX504425,EMP11887,Cancellation,2026-02-28,406,13.05,UK,Stock Option,5298.3,0.4,2119.32,Approved,Normal
TX504426,EMP10769,Sale,2026-10-12,1465,22.23,UK,RSU,32566.95,0.3,9770.08,Approved,Normal
TX504427,EMP11034,Sale,2025-02-16,1166,89.27,UK,Performance Share,104088.82,0.4,41635.53,Approved,High Value
TX504428,EMP10023,Grant,2026-08-14,879,60.55,UK,ESPP,53223.45,0.2,10644.69,Pending Review,Normal
TX504429,EMP10058,Sale,2025-04-18,1475,31.79,USA,Stock Option,46890.25,0.2,9378.05,Approved,Normal
TX504430,EMP11441,Vesting,2026-03-20,192,49.15,Australia,RSU,9436.8,0.4,3774.72,Approved,Normal
TX504431,EMP10531,Exercise,2025-03-25,1684,10.29,USA,ESPP,17328.36,0.2,3465.67,Approved,Normal
TX504432,EMP11187,Cancellation,2025-04-19,544,56.07,UK,RSU,30502.08,0.2,6100.42,Pending Review,Normal
TX504433,EMP11768,Grant,2025-05-04,965,54.75,Singapore,RSU,52833.75,0.2,10566.75,Approved,Normal
TX504434,EMP11559,Grant,2025-02-08,2219,51.93,India,RSU,115232.67,0.45,51854.7,Approved,High Value
TX504435,EMP10008,Sale,2025-05-19,1407,36.61,UK,RSU,51510.27,0.45,23179.62,Approved,Normal
TX504436,EMP10095,Sale,2026-08-05,1622,82.88,UK,Performance Share,134431.36,0.45,60494.11,Approved,High Value
TX504437,EMP10837,Sale,2026-12-03,1477,7.83,India,ESPP,11564.91,0.45,5204.21,Approved,Normal
TX504438,EMP11188,Cancellation,2026-04-05,441,37.1,UK,RSU,16361.1,0.3,4908.33,Approved,Normal
TX504439,EMP10477,Exercise,2026-04-26,493,31.47,UK,ESPP,15514.71,0.3,4654.41,Approved,Normal
TX504440,EMP10636,Grant,2025-05-03,2463,90.3,India,Stock Option,222408.9,0.3,66722.67,Approved,High Value
TX504441,EMP10157,Grant,2026-09-02,2056,43.89,USA,RSU,90237.84,0.3,27071.35,Approved,Normal
TX504442,EMP10340,Vesting,2026-01-13,2079,19.56,India,RSU,40665.24,0.4,16266.1,Approved,Normal
TX504443,EMP10370,Grant,2026-02-18,1689,73.0,India,RSU,123297.0,0.3,36989.1,Approved,High Value
TX504444,EMP10222,Sale,2025-04-05,1930,79.47,UK,Performance Share,153377.1,0.3,46013.13,Approved,High Value
TX504445,EMP11556,Vesting,2026-02-20,2327,87.43,Singapore,Stock Option,203449.61,0.3,61034.88,Approved,High Value
TX504446,EMP10024,Exercise,2026-10-11,2493,60.22,USA,Performance Share,150128.46,0.4,60051.38,Approved,High Value
TX504447,EMP11478,Vesting,2025-03-29,1458,49.66,Germany,RSU,72404.28,0.2,14480.86,Approved,Normal
TX504448,EMP10474,Cancellation,2025-04-29,2437,32.67,USA,Performance Share,79616.79,0.4,31846.72,Pending Review,Normal
TX504449,EMP11098,Exercise,2025-06-28,2480,55.15,Germany,Stock Option,136772.0,0.2,27354.4,Approved,High Value
TX504450,EMP11211,Sale,2026-07-20,1579,25.25,Singapore,RSU,39869.75,0.4,15947.9,Approved,Normal
TX504451,EMP10588,Sale,2025-02-22,878,58.19,Australia,ESPP,51090.82,0.3,15327.25,Approved,Normal
TX504452,EMP10160,Sale,2025-10-29,2124,74.22,UK,RSU,157643.28,0.45,70939.48,Pending Review,High Value
TX504453,EMP11415,Vesting,2026-08-28,33,44.46,USA,Stock Option,1467.18,0.3,440.15,Approved,Normal
TX504454,EMP10600,Vesting,2026-07-15,765,19.42,India,ESPP,14856.3,0.4,5942.52,Approved,Normal
TX504455,EMP10297,Grant,2025-12-06,912,55.35,India,RSU,50479.2,0.2,10095.84,Approved,Normal
TX504456,EMP10955,Grant,2025-02-23,1519,44.1,India,RSU,66987.9,0.3,20096.37,Approved,Normal
TX504457,EMP11812,Sale,2026-10-13,204,68.15,India,RSU,13902.6,0.45,6256.17,Approved,Normal
TX504458,EMP11106,Cancellation,2025-04-13,999,78.03,UK,Stock Option,77951.97,0.3,23385.59,Approved,Normal
TX504459,EMP10838,Grant,2026-09-26,1774,46.74,Germany,Stock Option,82916.76,0.2,16583.35,Approved,Normal
TX504460,EMP10240,Grant,2026-11-06,473,64.99,UK,Stock Option,30740.27,0.4,12296.11,Approved,Normal
TX504461,EMP11886,Exercise,2025-12-03,215,66.44,UK,RSU,14284.6,0.45,6428.07,Pending Review,Normal
TX504462,EMP11418,Grant,2026-10-26,213,22.19,USA,RSU,4726.47,0.45,2126.91,Approved,Normal
TX504463,EMP10748,Grant,2025-09-10,756,34.23,UK,RSU,25877.88,0.3,7763.36,Approved,Normal
TX504464,EMP11075,Sale,2026-03-14,1950,83.6,India,ESPP,163020.0,0.45,73359.0,Approved,High Value
TX504465,EMP10181,Exercise,2025-01-09,1623,33.53,USA,Performance Share,54419.19,0.45,24488.64,Approved,Normal
TX504466,EMP10441,Grant,2025-01-05,880,67.49,UK,RSU,59391.2,0.2,11878.24,Pending Review,Normal
TX504467,EMP10559,Grant,2026-10-17,1884,64.91,UK,RSU,122290.44,0.2,24458.09,Pending Review,High Value
TX504468,EMP10650,Cancellation,2026-01-24,2381,88.39,UK,ESPP,210456.59,0.3,63136.98,Approved,High Value
TX504469,EMP11283,Grant,2026-08-16,849,91.45,UK,RSU,77641.05,0.2,15528.21,Approved,Normal
TX504470,EMP10761,Vesting,2025-09-13,1723,12.46,Singapore,RSU,21468.58,0.2,4293.72,Approved,Normal
TX504471,EMP11456,Grant,2025-05-15,1040,76.84,USA,Performance Share,79913.6,0.3,23974.08,Approved,Normal
TX504472,EMP10407,Sale,2025-06-29,2000,26.46,Australia,RSU,52920.0,0.4,21168.0,Approved,Normal
TX504473,EMP10586,Exercise,2025-01-03,1716,62.47,USA,Performance Share,107198.52,0.2,21439.7,Approved,High Value
TX504474,EMP11307,Exercise,2025-11-25,601,25.48,India,RSU,15313.48,0.3,4594.04,Approved,Normal
TX504475,EMP10340,Exercise,2026-10-25,1632,92.07,India,RSU,150258.24,0.2,30051.65,Approved,High Value
TX504476,EMP10952,Grant,2026-11-19,2121,82.55,India,Stock Option,175088.55,0.3,52526.56,Approved,High Value
TX504477,EMP10758,Grant,2025-07-12,2332,43.03,UK,RSU,100345.96,0.2,20069.19,Approved,High Value
TX504478,EMP10215,Vesting,2026-12-12,795,41.22,UK,RSU,32769.9,0.2,6553.98,Approved,Normal
TX504479,EMP10310,Sale,2026-05-28,1171,38.45,USA,RSU,45024.95,0.4,18009.98,Pending Review,Normal
TX504480,EMP10901,Cancellation,2026-04-20,1670,18.18,Singapore,RSU,30360.6,0.2,6072.12,Approved,Normal
TX504481,EMP11392,Cancellation,2025-05-14,2439,18.76,India,Performance Share,45755.64,0.3,13726.69,Approved,Normal
TX504482,EMP11255,Exercise,2026-10-05,414,82.33,India,RSU,34084.62,0.2,6816.92,Approved,Normal
TX504483,EMP10516,Vesting,2026-11-25,119,46.95,USA,RSU,5587.05,0.45,2514.17,Approved,Normal
TX504484,EMP11958,Exercise,2026-02-26,2364,22.83,India,RSU,53970.12,0.4,21588.05,Approved,Normal
TX504485,EMP11846,Exercise,2026-09-02,304,13.29,UK,Stock Option,4040.16,0.3,1212.05,Approved,Normal
TX504486,EMP11152,Sale,2026-02-13,1160,77.11,Germany,RSU,89447.6,0.3,26834.28,Approved,Normal
TX504487,EMP11759,Grant,2026-08-23,63,77.86,India,RSU,4905.18,0.2,981.04,Approved,Normal
TX504488,EMP10795,Vesting,2026-01-12,1414,80.63,USA,ESPP,114010.82,0.3,34203.25,Approved,High Value
TX504489,EMP10776,Vesting,2026-08-13,1034,54.52,India,Performance Share,56373.68,0.3,16912.1,Pending Review,Normal
TX504490,EMP11761,Exercise,2026-03-03,1929,57.52,UK,ESPP,110956.08,0.2,22191.22,Approved,High Value
TX504491,EMP11206,Sale,2026-06-07,837,55.89,UK,RSU,46779.93,0.4,18711.97,Approved,Normal
TX504492,EMP10308,Vesting,2025-06-18,391,84.6,Australia,RSU,33078.6,0.2,6615.72,Approved,Normal
TX504493,EMP10353,Vesting,2026-03-08,1777,73.22,India,RSU,130111.94,0.45,58550.37,Approved,High Value
TX504494,EMP11778,Vesting,2026-01-31,271,36.78,UK,Performance Share,9967.38,0.2,1993.48,Approved,Normal
TX504495,EMP10251,Exercise,2026-12-17,2353,25.2,Australia,ESPP,59295.6,0.3,17788.68,Approved,Normal
TX504496,EMP10313,Sale,2026-01-28,1632,61.86,Australia,Performance Share,100955.52,0.45,45429.98,Approved,High Value
TX504497,EMP10162,Sale,2025-04-25,1924,44.59,Australia,RSU,85791.16,0.3,25737.35,Pending Review,Normal
TX504498,EMP10824,Vesting,2026-05-28,1303,7.78,USA,RSU,10137.34,0.4,4054.94,Approved,Normal
TX504499,EMP10513,Vesting,2025-09-14,2273,7.56,India,ESPP,17183.88,0.3,5155.16,Approved,Normal
TX504500,EMP10911,Vesting,2026-08-15,727,75.0,USA,ESPP,54525.0,0.3,16357.5,Approved,Normal
TX504501,EMP11764,Grant,2026-09-08,838,88.64,Germany,ESPP,74280.32,0.45,33426.14,Approved,Normal
TX504502,EMP11718,Grant,2026-05-08,743,38.59,USA,Stock Option,28672.37,0.3,8601.71,Approved,Normal
TX504503,EMP11945,Grant,2025-01-13,267,58.6,USA,RSU,15646.2,0.2,3129.24,Approved,Normal
TX504504,EMP11665,Sale,2025-07-11,138,38.93,USA,RSU,5372.34,0.2,1074.47,Approved,Normal
TX504505,EMP11222,Exercise,2025-07-14,997,75.91,USA,Stock Option,75682.27,0.3,22704.68,Approved,Normal
TX504506,EMP11813,Vesting,2026-05-26,571,72.62,India,ESPP,41466.02,0.4,16586.41,Pending Review,Normal
TX504507,EMP11753,Cancellation,2026-06-08,127,19.94,UK,RSU,2532.38,0.4,1012.95,Approved,Normal
TX504508,EMP11012,Vesting,2025-12-05,1309,42.32,UK,ESPP,55396.88,0.2,11079.38,Approved,Normal
TX504509,EMP10600,Exercise,2026-02-15,936,42.17,India,ESPP,39471.12,0.3,11841.34,Approved,Normal
TX504510,EMP11048,Cancellation,2025-12-31,2135,57.1,USA,RSU,121908.5,0.4,48763.4,Approved,High Value
TX504511,EMP10554,Grant,2026-06-24,954,74.06,India,RSU,70653.24,0.3,21195.97,Approved,Normal
TX504512,EMP11851,Grant,2025-01-28,809,87.69,USA,RSU,70941.21,0.45,31923.54,Approved,Normal
TX504513,EMP10277,Grant,2026-03-09,317,39.73,India,RSU,12594.41,0.3,3778.32,Approved,Normal
TX504514,EMP10414,Cancellation,2025-08-08,2474,87.01,Germany,RSU,215262.74,0.2,43052.55,Pending Review,High Value
TX504515,EMP11812,Vesting,2025-02-14,1789,13.05,India,RSU,23346.45,0.45,10505.9,Approved,Normal
TX504516,EMP11896,Grant,2025-12-29,2150,20.35,UK,RSU,43752.5,0.4,17501.0,Approved,Normal
TX504517,EMP10736,Vesting,2026-11-18,2389,61.73,India,Performance Share,147472.97,0.2,29494.59,Approved,High Value
TX504518,EMP10621,Vesting,2025-03-17,2067,37.88,USA,RSU,78297.96,0.45,35234.08,Approved,Normal
TX504519,EMP10675,Vesting,2026-04-02,96,90.92,India,ESPP,8728.32,0.45,3927.74,Approved,Normal
TX504520,EMP11861,Sale,2026-11-21,2277,12.56,India,Performance Share,28599.12,0.45,12869.6,Approved,Normal
TX504521,EMP10805,Exercise,2026-07-25,1613,53.59,Germany,Stock Option,86440.67,0.4,34576.27,Approved,Normal
TX504522,EMP10686,Grant,2026-07-22,2317,62.05,Australia,Stock Option,143769.85,0.4,57507.94,Approved,High Value
TX504523,EMP10418,Sale,2025-01-20,331,44.38,USA,ESPP,14689.78,0.3,4406.93,Pending Review,Normal
TX504524,EMP10783,Sale,2025-08-22,1795,93.85,Singapore,Stock Option,168460.75,0.2,33692.15,Pending Review,High Value
TX504525,EMP11917,Grant,2026-05-30,2033,52.5,UK,Stock Option,106732.5,0.2,21346.5,Approved,High Value
TX504526,EMP10723,Vesting,2025-11-16,1246,53.4,UK,ESPP,66536.4,0.2,13307.28,Approved,Normal
TX504527,EMP11141,Vesting,2025-04-03,2029,66.71,USA,RSU,135354.59,0.2,27070.92,Approved,High Value
TX504528,EMP10159,Grant,2025-06-21,643,29.73,Germany,Stock Option,19116.39,0.4,7646.56,Approved,Normal
TX504529,EMP10631,Exercise,2025-12-25,1215,59.01,UK,RSU,71697.15,0.4,28678.86,Approved,Normal
TX504530,EMP10900,Vesting,2025-07-09,2453,66.48,USA,RSU,163075.44,0.2,32615.09,Approved,High Value
TX504531,EMP10915,Sale,2025-08-26,1592,56.28,UK,RSU,89597.76,0.3,26879.33,Approved,Normal
TX504532,EMP10454,Grant,2026-01-27,1366,19.4,UK,RSU,26500.4,0.4,10600.16,Approved,Normal
TX504533,EMP10525,Grant,2025-01-11,779,61.53,Germany,Stock Option,47931.87,0.3,14379.56,Approved,Normal
TX504534,EMP11925,Vesting,2026-01-10,1062,52.89,India,RSU,56169.18,0.4,22467.67,Approved,Normal
TX504535,EMP11555,Sale,2025-06-03,1444,33.95,India,RSU,49023.8,0.2,9804.76,Approved,Normal
TX504536,EMP10184,Grant,2026-07-08,427,46.59,UK,Performance Share,19893.93,0.3,5968.18,Approved,Normal
TX504537,EMP10240,Exercise,2025-06-24,1559,33.8,UK,Stock Option,52694.2,0.45,23712.39,Approved,Normal
TX504538,EMP11559,Grant,2025-01-15,2218,24.01,India,RSU,53254.18,0.2,10650.84,Approved,Normal
TX504539,EMP10542,Exercise,2026-03-01,53,30.36,USA,RSU,1609.08,0.2,321.82,Approved,Normal
TX504540,EMP10900,Exercise,2026-02-07,1907,83.38,USA,RSU,159005.66,0.2,31801.13,Approved,High Value
TX504541,EMP11180,Sale,2025-08-04,1897,89.68,Australia,Stock Option,170122.96,0.3,51036.89,Approved,High Value
TX504542,EMP10761,Cancellation,2026-03-12,611,33.77,Singapore,RSU,20633.47,0.4,8253.39,Approved,Normal
TX504543,EMP11884,Cancellation,2026-09-19,304,63.7,Singapore,ESPP,19364.8,0.4,7745.92,Approved,Normal
TX504544,EMP11788,Exercise,2026-04-10,2198,6.16,India,Stock Option,13539.68,0.4,5415.87,Approved,Normal
TX504545,EMP11127,Sale,2026-11-27,93,89.93,India,ESPP,8363.49,0.3,2509.05,Approved,Normal
TX504546,EMP10814,Sale,2025-07-30,1222,87.71,India,RSU,107181.62,0.2,21436.32,Approved,High Value
TX504547,EMP11117,Grant,2025-09-11,2462,67.57,UK,ESPP,166357.34,0.2,33271.47,Approved,High Value
TX504548,EMP10590,Vesting,2026-07-18,209,26.24,Australia,Performance Share,5484.16,0.4,2193.66,Approved,Normal
TX504549,EMP11856,Exercise,2025-01-09,1388,25.86,USA,ESPP,35893.68,0.2,7178.74,Approved,Normal
TX504550,EMP11449,Vesting,2025-05-31,2014,34.2,USA,ESPP,68878.8,0.4,27551.52,Approved,Normal
TX504551,EMP10561,Exercise,2025-08-01,1329,81.54,India,RSU,108366.66,0.45,48765.0,Approved,High Value
TX504552,EMP10611,Exercise,2025-06-05,234,88.75,Singapore,ESPP,20767.5,0.3,6230.25,Approved,Normal
TX504553,EMP11106,Cancellation,2025-04-14,802,88.9,UK,Stock Option,71297.8,0.3,21389.34,Approved,Normal
TX504554,EMP10827,Exercise,2026-03-29,2197,80.09,Australia,Performance Share,175957.73,0.3,52787.32,Approved,High Value
TX504555,EMP10188,Sale,2026-10-20,1033,42.24,UK,ESPP,43633.92,0.3,13090.18,Approved,Normal
TX504556,EMP11774,Sale,2025-11-11,1175,62.21,India,RSU,73096.75,0.4,29238.7,Approved,Normal
TX504557,EMP11078,Exercise,2025-10-13,1535,55.08,USA,RSU,84547.8,0.4,33819.12,Approved,Normal
TX504558,EMP10342,Sale,2026-06-08,2410,28.29,India,Performance Share,68178.9,0.4,27271.56,Approved,Normal
TX504559,EMP10028,Sale,2026-12-10,1294,85.63,Singapore,RSU,110805.22,0.2,22161.04,Approved,High Value
TX504560,EMP11007,Vesting,2025-07-01,1603,56.69,UK,Performance Share,90874.07,0.4,36349.63,Approved,Normal
TX504561,EMP10744,Cancellation,2026-01-24,202,83.11,India,Performance Share,16788.22,0.4,6715.29,Approved,Normal
TX504562,EMP11998,Sale,2025-12-10,1704,78.72,Germany,Performance Share,134138.88,0.4,53655.55,Approved,High Value
TX504563,EMP11468,Grant,2025-03-05,1432,11.32,Singapore,Stock Option,16210.24,0.4,6484.1,Approved,Normal
TX504564,EMP11561,Cancellation,2026-09-16,440,54.39,Singapore,RSU,23931.6,0.2,4786.32,Approved,Normal
TX504565,EMP11571,Exercise,2026-01-10,2176,84.01,India,Stock Option,182805.76,0.2,36561.15,Approved,High Value
TX504566,EMP10056,Vesting,2026-02-06,1938,78.12,UK,Performance Share,151396.56,0.4,60558.62,Approved,High Value
TX504567,EMP11251,Grant,2025-11-21,797,16.77,UK,RSU,13365.69,0.2,2673.14,Approved,Normal
TX504568,EMP10445,Grant,2026-06-04,445,75.75,Germany,Performance Share,33708.75,0.45,15168.94,Approved,Normal
TX504569,EMP11245,Cancellation,2025-12-02,541,62.5,India,ESPP,33812.5,0.3,10143.75,Approved,Normal
TX504570,EMP10057,Cancellation,2026-11-18,463,49.77,UK,Performance Share,23043.51,0.45,10369.58,Approved,Normal
TX504571,EMP10979,Sale,2025-01-23,62,60.33,India,RSU,3740.46,0.2,748.09,Approved,Normal
TX504572,EMP11637,Grant,2026-01-21,883,31.36,USA,Performance Share,27690.88,0.3,8307.26,Pending Review,Normal
TX504573,EMP11643,Sale,2025-07-19,2206,30.25,India,ESPP,66731.5,0.3,20019.45,Approved,Normal
TX504574,EMP10986,Vesting,2025-11-25,66,72.9,Singapore,ESPP,4811.4,0.3,1443.42,Approved,Normal
TX504575,EMP10364,Vesting,2025-04-26,1773,18.55,USA,ESPP,32889.15,0.2,6577.83,Approved,Normal
TX504576,EMP11064,Grant,2025-07-24,1475,36.86,USA,RSU,54368.5,0.4,21747.4,Approved,Normal
TX504577,EMP11753,Sale,2025-05-09,1812,21.21,UK,RSU,38432.52,0.4,15373.01,Approved,Normal
TX504578,EMP10137,Vesting,2025-11-19,1827,13.62,Australia,Performance Share,24883.74,0.3,7465.12,Approved,Normal
TX504579,EMP10696,Vesting,2025-11-04,575,69.36,Germany,RSU,39882.0,0.2,7976.4,Approved,Normal
TX504580,EMP11012,Vesting,2026-10-31,1627,52.72,UK,ESPP,85775.44,0.2,17155.09,Approved,Normal
TX504581,EMP11945,Vesting,2026-09-27,321,40.54,USA,RSU,13013.34,0.3,3904.0,Approved,Normal
TX504582,EMP11382,Grant,2025-03-23,176,66.43,India,Performance Share,11691.68,0.2,2338.34,Pending Review,Normal
TX504583,EMP10620,Grant,2026-06-16,1556,54.72,USA,RSU,85144.32,0.3,25543.3,Pending Review,Normal
TX504584,EMP10334,Exercise,2025-07-26,2276,50.11,Singapore,RSU,114050.36,0.2,22810.07,Approved,High Value
TX504585,EMP10282,Cancellation,2025-01-05,1783,51.4,Germany,RSU,91646.2,0.4,36658.48,Approved,Normal
TX504586,EMP10031,Grant,2025-05-05,2236,87.05,UK,ESPP,194643.8,0.4,77857.52,Approved,High Value
TX504587,EMP10210,Vesting,2025-01-03,2267,5.6,UK,RSU,12695.2,0.4,5078.08,Approved,Normal
TX504588,EMP11256,Exercise,2026-09-20,1812,47.78,USA,ESPP,86577.36,0.4,34630.94,Approved,Normal
TX504589,EMP10416,Vesting,2025-07-09,1722,43.04,UK,RSU,74114.88,0.3,22234.46,Approved,Normal
TX504590,EMP10526,Cancellation,2025-03-05,1639,89.15,USA,ESPP,146116.85,0.4,58446.74,Approved,High Value
TX504591,EMP10594,Grant,2026-02-25,608,58.26,India,RSU,35422.08,0.3,10626.62,Approved,Normal
TX504592,EMP10913,Vesting,2026-01-27,2181,53.02,Singapore,RSU,115636.62,0.3,34690.99,Approved,High Value
TX504593,EMP11610,Vesting,2025-03-15,2376,42.79,Germany,Stock Option,101669.04,0.2,20333.81,Approved,High Value
TX504594,EMP10393,Grant,2025-06-28,1891,86.93,India,ESPP,164384.63,0.3,49315.39,Approved,High Value
TX504595,EMP11582,Vesting,2025-04-15,1833,71.06,UK,ESPP,130252.98,0.3,39075.89,Pending Review,High Value
TX504596,EMP11095,Vesting,2026-08-26,1405,22.54,India,Stock Option,31668.7,0.2,6333.74,Pending Review,Normal
TX504597,EMP10324,Grant,2026-04-08,1945,58.3,Singapore,RSU,113393.5,0.2,22678.7,Approved,High Value
TX504598,EMP10714,Vesting,2025-02-19,161,63.64,Germany,ESPP,10246.04,0.45,4610.72,Approved,Normal
TX504599,EMP10357,Grant,2026-11-05,2337,87.31,Australia,RSU,204043.47,0.4,81617.39,Approved,High Value
TX504600,EMP10319,Exercise,2026-07-17,2225,15.48,India,Performance Share,34443.0,0.45,15499.35,Approved,Normal
TX504601,EMP10041,Vesting,2025-02-23,2325,7.2,India,ESPP,16740.0,0.4,6696.0,Approved,Normal
TX504602,EMP11466,Exercise,2026-09-03,211,63.09,Australia,ESPP,13311.99,0.4,5324.8,Pending Review,Normal
TX504603,EMP10536,Vesting,2025-10-22,1956,24.3,UK,Stock Option,47530.8,0.2,9506.16,Approved,Normal
TX504604,EMP11282,Sale,2025-08-26,807,93.55,USA,Performance Share,75494.85,0.3,22648.46,Approved,Normal
TX504605,EMP10672,Exercise,2025-07-24,1365,74.45,UK,ESPP,101624.25,0.2,20324.85,Approved,High Value
TX504606,EMP11973,Exercise,2025-06-10,2122,88.21,UK,Performance Share,187181.62,0.4,74872.65,Approved,High Value
TX504607,EMP10448,Grant,2025-05-30,856,52.24,UK,Performance Share,44717.44,0.45,20122.85,Approved,Normal
TX504608,EMP10640,Grant,2025-10-10,2003,20.08,UK,Stock Option,40220.24,0.3,12066.07,Approved,Normal
TX504609,EMP10814,Cancellation,2025-10-06,2029,50.02,India,RSU,101490.58,0.2,20298.12,Approved,High Value
TX504610,EMP10571,Exercise,2026-04-03,1914,22.66,India,RSU,43371.24,0.3,13011.37,Approved,Normal
TX504611,EMP11607,Exercise,2025-08-12,2005,22.18,UK,ESPP,44470.9,0.3,13341.27,Approved,Normal
TX504612,EMP10313,Exercise,2025-03-11,2065,19.69,Australia,Performance Share,40659.85,0.2,8131.97,Approved,Normal
TX504613,EMP11817,Vesting,2025-05-27,2498,15.69,India,Performance Share,39193.62,0.2,7838.72,Approved,Normal
TX504614,EMP11548,Vesting,2026-04-18,1446,85.62,USA,RSU,123806.52,0.3,37141.96,Approved,High Value
TX504615,EMP10567,Exercise,2025-11-07,284,45.42,India,RSU,12899.28,0.3,3869.78,Approved,Normal
TX504616,EMP10421,Exercise,2026-04-11,1068,67.96,USA,RSU,72581.28,0.2,14516.26,Approved,Normal
TX504617,EMP10604,Exercise,2026-07-10,556,18.46,India,ESPP,10263.76,0.3,3079.13,Approved,Normal
TX504618,EMP11553,Vesting,2025-07-10,44,63.66,Australia,RSU,2801.04,0.3,840.31,Approved,Normal
TX504619,EMP10756,Grant,2025-04-16,2463,39.38,USA,RSU,96992.94,0.3,29097.88,Approved,Normal
TX504620,EMP11813,Exercise,2025-10-14,2247,19.92,India,ESPP,44760.24,0.3,13428.07,Approved,Normal
TX504621,EMP10471,Vesting,2025-01-18,400,18.83,UK,RSU,7532.0,0.4,3012.8,Approved,Normal
TX504622,EMP11983,Sale,2026-10-31,1973,64.41,Germany,RSU,127080.93,0.3,38124.28,Approved,High Value
TX504623,EMP10839,Sale,2025-09-22,235,43.58,India,ESPP,10241.3,0.4,4096.52,Approved,Normal
TX504624,EMP11995,Exercise,2025-09-17,-44,57.45,USA,RSU,1608.6,0.45,723.87,Approved,Normal
TX504625,EMP10781,Cancellation,2026-01-31,1597,38.67,USA,Performance Share,61755.99,0.3,18526.8,Approved,Normal
TX504626,EMP10417,Exercise,2026-10-22,1690,30.19,India,Performance Share,51021.1,0.4,20408.44,Pending Review,Normal
TX504627,EMP10445,Grant,2025-09-11,2391,55.44,Germany,Performance Share,132557.04,0.45,59650.67,Approved,High Value
TX504628,EMP11569,Vesting,2025-12-03,1425,17.16,Singapore,RSU,24453.0,0.2,4890.6,Approved,Normal
TX504629,EMP10008,Cancellation,2026-02-06,207,90.13,UK,RSU,18656.91,0.4,7462.76,Approved,Normal
TX504630,EMP11850,Grant,2026-12-16,2302,15.02,USA,RSU,34576.04,0.2,6915.21,Approved,Normal
TX504631,EMP11152,Exercise,2025-11-04,1089,10.31,Germany,RSU,11227.59,0.3,3368.28,Approved,Normal
TX504632,EMP11128,Cancellation,2026-04-16,59,7.29,UK,Stock Option,430.11,0.3,129.03,Approved,Normal
TX504633,EMP10149,Grant,2026-09-05,148,15.44,UK,Performance Share,2285.12,0.4,914.05,Approved,Normal
TX504634,EMP10112,Vesting,2025-09-08,774,17.44,UK,Performance Share,13498.56,0.4,5399.42,Approved,Normal
TX504635,EMP10449,Cancellation,2026-10-01,1314,50.24,India,ESPP,66015.36,0.4,26406.14,Pending Review,Normal
TX504636,EMP10709,Cancellation,2025-11-21,2240,14.48,India,ESPP,32435.2,0.3,9730.56,Approved,Normal
TX504637,EMP11830,Grant,2025-05-31,1553,31.28,India,RSU,48577.84,0.45,21860.03,Approved,Normal
TX504638,EMP10573,Sale,2025-09-11,2002,71.99,Singapore,Stock Option,144123.98,0.2,28824.8,Approved,High Value
TX504639,EMP11038,Sale,2026-06-23,1147,72.1,UK,Stock Option,82698.7,0.2,16539.74,Approved,Normal
TX504640,EMP10134,Grant,2025-03-18,121,15.18,UK,Performance Share,1836.78,0.3,551.03,Approved,Normal
TX504641,EMP10732,Grant,2025-11-02,2190,89.44,Germany,RSU,195873.6,0.2,39174.72,Approved,High Value
TX504642,EMP10734,Grant,2025-02-24,785,29.36,Singapore,Performance Share,23047.6,0.2,4609.52,Approved,Normal
TX504643,EMP10138,Grant,2025-02-19,560,69.66,UK,RSU,39009.6,0.2,7801.92,Approved,Normal
TX504644,EMP10689,Exercise,2025-07-09,1257,24.97,Singapore,RSU,31387.29,0.2,6277.46,Approved,Normal
TX504645,EMP10180,Sale,2025-01-15,532,48.61,USA,RSU,25860.52,0.2,5172.1,Approved,Normal
TX504646,EMP11389,Vesting,2026-11-29,1244,17.35,UK,RSU,21583.4,0.2,4316.68,Approved,Normal
TX504647,EMP11038,Vesting,2025-02-16,489,56.4,UK,Stock Option,27579.6,0.2,5515.92,Approved,Normal
TX504648,EMP11428,Sale,2026-11-23,1947,40.09,Singapore,RSU,78055.23,0.2,15611.05,Approved,Normal
TX504649,EMP10611,Grant,2026-02-10,564,48.14,Singapore,ESPP,27150.96,0.3,8145.29,Approved,Normal
TX504650,EMP10501,Cancellation,2025-04-09,2245,21.53,Germany,Stock Option,48334.85,0.3,14500.46,Pending Review,Normal
TX504651,EMP10646,Grant,2025-01-22,1214,27.04,UK,ESPP,32826.56,0.4,13130.62,Approved,Normal
TX504652,EMP10679,Sale,2025-09-22,2065,58.76,India,RSU,121339.4,0.45,54602.73,Approved,High Value
TX504653,EMP10472,Grant,2025-12-12,1821,17.64,UK,Performance Share,32122.44,0.2,6424.49,Approved,Normal
TX504654,EMP11709,Cancellation,2026-02-10,809,41.06,Australia,Performance Share,33217.54,0.2,6643.51,Approved,Normal
TX504655,EMP11326,Exercise,2026-09-07,177,11.42,Singapore,Performance Share,2021.34,0.4,808.54,Approved,Normal
TX504656,EMP11089,Exercise,2026-08-16,1050,11.95,USA,Stock Option,12547.5,0.2,2509.5,Approved,Normal
TX504657,EMP11267,Sale,2025-02-16,350,55.13,UK,RSU,19295.5,0.3,5788.65,Approved,Normal
TX504658,EMP11785,Vesting,2026-12-16,1770,10.79,USA,Stock Option,19098.3,0.2,3819.66,Approved,Normal
TX504659,EMP11656,Grant,2026-01-27,310,41.47,India,Stock Option,12855.7,0.45,5785.06,Approved,Normal
TX504660,EMP11715,Grant,2025-07-18,854,88.18,Australia,RSU,75305.72,0.2,15061.14,Approved,Normal
TX504661,EMP11155,Vesting,2025-09-20,144,12.5,USA,RSU,1800.0,0.2,360.0,Approved,Normal
TX504662,EMP11827,Vesting,2026-02-25,2037,34.68,India,Performance Share,70643.16,0.4,28257.26,Approved,Normal
TX504663,EMP10729,Grant,2025-11-29,2262,22.51,USA,RSU,50917.62,0.3,15275.29,Approved,Normal
TX504664,EMP10858,Grant,2025-09-03,1120,81.47,Singapore,Performance Share,91246.4,0.3,27373.92,Approved,Normal
TX504665,EMP10380,Vesting,2025-04-24,2298,18.28,USA,ESPP,42007.44,0.2,8401.49,Approved,Normal
TX504666,EMP10913,Grant,2026-10-11,1198,64.6,Singapore,RSU,77390.8,0.4,30956.32,Approved,Normal
TX504667,EMP11381,Exercise,2025-12-03,1241,66.54,India,ESPP,82576.14,0.3,24772.84,Approved,Normal
TX504668,EMP10746,Grant,2026-01-27,2107,72.99,India,Stock Option,153789.93,0.3,46136.98,Approved,High Value
TX504669,EMP10434,Sale,2025-10-31,1103,42.69,India,RSU,47087.07,0.2,9417.41,Approved,Normal
TX504670,EMP11076,Vesting,2025-07-21,1827,27.41,USA,RSU,50078.07,0.4,20031.23,Approved,Normal
TX504671,EMP11217,Grant,2025-11-18,1101,76.34,UK,RSU,84050.34,0.4,33620.14,Approved,Normal
TX504672,EMP11614,Vesting,2026-02-11,1144,72.29,USA,RSU,82699.76,0.2,16539.95,Approved,Normal
TX504673,EMP10166,Grant,2025-04-04,2278,33.32,Australia,RSU,75902.96,0.3,22770.89,Approved,Normal
TX504674,EMP10305,Sale,2026-03-29,709,80.21,UK,RSU,56868.89,0.2,11373.78,Approved,Normal
TX504675,EMP10727,Grant,2026-10-28,2445,39.89,India,Performance Share,97531.05,0.3,29259.32,Approved,Normal
TX504676,EMP10094,Cancellation,2026-08-31,2397,48.15,Australia,Performance Share,115415.55,0.2,23083.11,Approved,High Value
TX504677,EMP11538,Exercise,2025-03-05,381,55.3,USA,ESPP,21069.3,0.4,8427.72,Approved,Normal
TX504678,EMP11941,Cancellation,2026-11-02,1460,78.85,Germany,Stock Option,115121.0,0.3,34536.3,Approved,High Value
TX504679,EMP10657,Grant,2025-04-02,628,58.73,Singapore,ESPP,36882.44,0.45,16597.1,Pending Review,Normal
TX504680,EMP10368,Exercise,2026-09-24,1087,22.96,UK,Stock Option,24957.52,0.3,7487.26,Approved,Normal
TX504681,EMP10430,Vesting,2025-08-09,1103,44.18,India,Performance Share,48730.54,0.45,21928.74,Approved,Normal
TX504682,EMP11033,Sale,2025-04-05,2466,64.77,Australia,ESPP,159722.82,0.4,63889.13,Pending Review,High Value
TX504683,EMP10201,Exercise,2025-05-10,1481,67.77,Singapore,RSU,100367.37,0.4,40146.95,Approved,High Value
TX504684,EMP10963,Sale,2026-10-29,867,33.69,USA,Stock Option,29209.23,0.4,11683.69,Approved,Normal
TX504685,EMP10989,Exercise,2025-09-14,2173,69.58,USA,RSU,151197.34,0.2,30239.47,Approved,High Value
TX504686,EMP11510,Cancellation,2025-09-19,461,46.82,USA,RSU,21584.02,0.3,6475.21,Approved,Normal
TX504687,EMP11923,Vesting,2026-12-18,1826,13.57,India,Performance Share,24778.82,0.2,4955.76,Approved,Normal
TX504688,EMP11777,Exercise,2026-12-05,1461,72.31,USA,Performance Share,105644.91,0.2,21128.98,Approved,High Value
TX504689,EMP10098,Vesting,2026-09-27,678,16.81,USA,Stock Option,11397.18,0.4,4558.87,Pending Review,Normal
TX504690,EMP10091,Sale,2025-08-15,1379,54.19,Singapore,RSU,74728.01,0.2,14945.6,Approved,Normal
TX504691,EMP11451,Grant,2026-08-29,1679,81.21,UK,RSU,136351.59,0.4,54540.64,Approved,High Value
TX504692,EMP10129,Exercise,2025-10-05,2278,13.99,Germany,Stock Option,31869.22,0.2,6373.84,Approved,Normal
TX504693,EMP10172,Grant,2025-10-27,1731,17.32,UK,Stock Option,29980.92,0.3,8994.28,Approved,Normal
TX504694,EMP10141,Vesting,2025-11-03,2278,89.41,USA,Stock Option,203675.98,0.3,61102.79,Approved,High Value
TX504695,EMP10045,Sale,2026-07-12,1172,86.36,India,RSU,101213.92,0.3,30364.18,Approved,High Value
TX504696,EMP10820,Grant,2026-08-27,2276,77.62,Singapore,RSU,176663.12,0.4,70665.25,Approved,High Value
TX504697,EMP10336,Sale,2025-08-06,880,50.53,Australia,RSU,44466.4,0.3,13339.92,Approved,Normal
TX504698,EMP10219,Sale,2025-12-29,2214,44.04,Singapore,RSU,97504.56,0.45,43877.05,Approved,Normal
TX504699,EMP11492,Grant,2026-05-08,1631,49.16,India,ESPP,80179.96,0.3,24053.99,Pending Review,Normal
TX504700,EMP11851,Exercise,2026-01-31,724,75.44,USA,RSU,54618.56,0.4,21847.42,Approved,Normal
TX504701,EMP11148,Grant,2025-08-15,1504,42.73,UK,RSU,64265.92,0.4,25706.37,Approved,Normal
TX504702,EMP11162,Exercise,2026-11-09,526,67.0,UK,Stock Option,35242.0,0.3,10572.6,Approved,Normal
TX504703,EMP11835,Exercise,2026-10-26,1898,76.28,USA,Performance Share,144779.44,0.2,28955.89,Pending Review,High Value
TX504704,EMP11578,Vesting,2025-07-29,773,43.6,USA,Performance Share,33702.8,0.2,6740.56,Approved,Normal
TX504705,EMP10013,Cancellation,2025-09-20,212,11.11,India,RSU,2355.32,0.3,706.6,Approved,Normal
TX504706,EMP10087,Cancellation,2026-08-02,1713,24.28,India,RSU,41591.64,0.2,8318.33,Approved,Normal
TX504707,EMP10543,Vesting,2025-04-21,2231,20.6,Australia,RSU,45958.6,0.3,13787.58,Approved,Normal
TX504708,EMP10735,Cancellation,2025-01-06,1372,17.82,UK,Performance Share,24449.04,0.3,7334.71,Approved,Normal
TX504709,EMP10763,Exercise,2026-10-17,2343,62.65,USA,Performance Share,146788.95,0.4,58715.58,Approved,High Value
TX504710,EMP10288,Sale,2025-07-03,260,40.09,USA,RSU,10423.4,0.3,3127.02,Approved,Normal
TX504711,EMP11940,Vesting,2025-07-14,1393,76.66,USA,Performance Share,106787.38,0.2,21357.48,Approved,High Value
TX504712,EMP11173,Sale,2026-04-25,636,69.21,UK,RSU,44017.56,0.4,17607.02,Approved,Normal
TX504713,EMP11050,Vesting,2026-10-15,848,60.88,UK,RSU,51626.24,0.4,20650.5,Approved,Normal
TX504714,EMP10137,Vesting,2026-09-11,1915,43.95,Australia,Performance Share,84164.25,0.4,33665.7,Approved,Normal
TX504715,EMP11548,Sale,2025-07-03,2221,34.73,USA,RSU,77135.33,0.4,30854.13,Approved,Normal
TX504716,EMP11792,Sale,2026-07-06,2240,37.13,USA,RSU,83171.2,0.4,33268.48,Pending Review,Normal
TX504717,EMP10620,Grant,2026-02-20,1596,47.27,USA,RSU,75442.92,0.2,15088.58,Approved,Normal
TX504718,EMP11904,Cancellation,2025-04-26,1250,29.25,Germany,RSU,36562.5,0.2,7312.5,Approved,Normal
TX504719,EMP11411,Vesting,2026-10-26,1309,5.8,UK,Stock Option,7592.2,0.2,1518.44,Approved,Normal
TX504720,EMP11223,Exercise,2026-12-10,1872,64.48,USA,RSU,120706.56,0.4,48282.62,Pending Review,High Value
TX504721,EMP11711,Grant,2026-01-12,725,90.52,India,RSU,65627.0,0.2,13125.4,Approved,Normal
TX504722,EMP11069,Sale,2025-01-27,1127,36.35,UK,RSU,40966.45,0.2,8193.29,Approved,Normal
TX504723,EMP10256,Sale,2025-06-28,1904,80.09,Singapore,Performance Share,152491.36,0.4,60996.54,Approved,High Value
TX504724,EMP11602,Grant,2026-07-25,1724,21.27,USA,ESPP,36669.48,0.4,14667.79,Approved,Normal
TX504725,EMP10568,Vesting,2026-05-17,2214,63.57,UK,Performance Share,140743.98,0.2,28148.8,Approved,High Value
TX504726,EMP11902,Grant,2025-12-29,30,31.28,Singapore,RSU,938.4,0.2,187.68,Approved,Normal
TX504727,EMP11801,Grant,2026-07-31,1103,53.81,USA,ESPP,59352.43,0.45,26708.59,Approved,Normal
TX504728,EMP10595,Grant,2025-04-20,1734,31.48,Singapore,RSU,54586.32,0.3,16375.9,Approved,Normal
TX504729,EMP10670,Grant,2026-04-24,1417,92.8,Singapore,RSU,131497.6,0.2,26299.52,Approved,High Value
TX504730,EMP11039,Exercise,2025-11-05,2478,18.17,UK,Stock Option,45025.26,0.3,13507.58,Pending Review,Normal
TX504731,EMP11089,Sale,2025-07-19,949,79.47,USA,Stock Option,75417.03,0.2,15083.41,Approved,Normal
TX504732,EMP11046,Grant,2025-06-03,89,54.29,India,RSU,4831.81,0.45,2174.31,Approved,Normal
TX504733,EMP10326,Exercise,2025-10-08,2327,51.29,India,Performance Share,119351.83,0.2,23870.37,Pending Review,High Value
TX504734,EMP11890,Exercise,2026-06-29,854,87.29,Singapore,ESPP,74545.66,0.3,22363.7,Approved,Normal
TX504735,EMP11502,Grant,2025-12-17,1896,70.07,Germany,RSU,132852.72,0.2,26570.54,Approved,High Value
TX504736,EMP11636,Vesting,2026-02-25,1730,83.0,Germany,ESPP,143590.0,0.4,57436.0,Approved,High Value
TX504737,EMP10085,Sale,2026-07-03,292,75.94,Singapore,RSU,22174.48,0.2,4434.9,Approved,Normal
TX504738,EMP10621,Grant,2026-09-25,1500,94.98,USA,RSU,142470.0,0.3,42741.0,Approved,High Value
TX504739,EMP11538,Grant,2025-07-26,1692,11.37,USA,ESPP,19238.04,0.3,5771.41,Approved,Normal
TX504740,EMP10588,Sale,2026-12-11,810,95.0,Australia,ESPP,76950.0,0.3,23085.0,Approved,Normal
TX504741,EMP10773,Cancellation,2025-01-19,1915,24.85,India,Performance Share,47587.75,0.2,9517.55,Approved,Normal
TX504742,EMP11472,Vesting,2025-11-14,218,29.61,USA,RSU,6454.98,0.2,1291.0,Approved,Normal
TX504743,EMP10331,Exercise,2026-09-13,2431,24.87,Australia,RSU,60458.97,0.3,18137.69,Approved,Normal
TX504744,EMP10723,Sale,2025-08-09,2472,47.16,UK,ESPP,116579.52,0.4,46631.81,Approved,High Value
TX504745,EMP10297,Vesting,2026-04-12,1154,39.25,India,RSU,45294.5,0.3,13588.35,Approved,Normal
TX504746,EMP11875,Grant,2026-04-30,863,41.02,Australia,Performance Share,35400.26,0.3,10620.08,Approved,Normal
TX504747,EMP10994,Grant,2026-04-10,2182,72.51,UK,Stock Option,158216.82,0.45,71197.57,Approved,High Value
TX504748,EMP10876,Grant,2025-12-22,703,59.86,India,ESPP,42081.58,0.2,8416.32,Approved,Normal
TX504749,EMP99999,Vesting,2026-06-21,412,25.46,USA,RSU,10489.52,0.3,3146.86,Approved,Normal
TX504750,EMP11406,Sale,2026-07-01,1049,47.98,Australia,ESPP,50331.02,0.3,15099.31,Approved,Normal
TX504751,EMP11389,Vesting,2026-10-15,2340,81.39,UK,RSU,190452.6,0.3,57135.78,Approved,High Value
TX504752,EMP11656,Exercise,2026-07-04,1968,80.22,India,Stock Option,157872.96,0.45,71042.83,Approved,High Value
TX504753,EMP10395,Grant,2025-11-17,1856,52.88,UK,RSU,98145.28,0.4,39258.11,Approved,Normal
TX504754,EMP11975,Sale,2025-11-19,324,32.79,India,RSU,10623.96,0.2,2124.79,Approved,Normal
TX504755,EMP11986,Cancellation,2026-12-09,1541,94.94,India,Performance Share,146302.54,0.2,29260.51,Approved,High Value
TX504756,EMP10062,Vesting,2026-01-04,489,14.45,USA,RSU,7066.05,0.2,1413.21,Approved,Normal
TX504757,EMP10019,Exercise,2025-02-21,400,6.69,Germany,RSU,2676.0,0.2,535.2,Pending Review,Normal
TX504758,EMP11085,Grant,2026-04-28,1062,57.3,USA,RSU,60852.6,0.4,24341.04,Approved,Normal
TX504759,EMP11814,Vesting,2026-04-17,201,42.93,India,RSU,8628.93,0.2,1725.79,Approved,Normal
TX504760,EMP11211,Sale,2025-03-03,1877,59.33,Singapore,RSU,111362.41,0.2,22272.48,Approved,High Value
TX504761,EMP10870,Grant,2026-10-05,-71,9.9,India,RSU,2940.3,0.3,882.09,Approved,Normal
TX504762,EMP10695,Vesting,2025-11-02,1163,5.05,Singapore,RSU,5873.15,0.45,2642.92,Approved,Normal
TX504763,EMP10633,Sale,2025-06-17,1641,11.42,USA,Performance Share,18740.22,0.45,8433.1,Approved,Normal
TX504764,EMP11556,Grant,2026-07-27,1923,54.32,Singapore,Stock Option,104457.36,0.2,20891.47,Approved,High Value
TX504765,EMP11727,Sale,2025-11-03,2122,38.08,Singapore,RSU,80805.76,0.4,32322.3,Approved,Normal
TX504766,EMP11022,Sale,2025-05-03,1379,88.22,Germany,RSU,121655.38,0.3,36496.61,Approved,High Value
TX504767,EMP10160,Grant,2026-08-02,1253,11.19,UK,RSU,14021.07,0.2,2804.21,Approved,Normal
TX504768,EMP11306,Vesting,2026-07-05,922,74.66,Germany,RSU,68836.52,0.2,13767.3,Approved,Normal
TX504769,EMP10346,Sale,2025-07-08,1558,75.25,Australia,ESPP,117239.5,0.3,35171.85,Approved,High Value
TX504770,EMP10156,Sale,2025-03-27,1476,22.72,India,Stock Option,33534.72,0.2,6706.94,Approved,Normal
TX504771,EMP11622,Exercise,2025-09-10,1780,5.41,India,Performance Share,9629.8,0.2,1925.96,Approved,Normal
TX504772,EMP10150,Sale,2025-11-28,330,78.83,UK,Performance Share,26013.9,0.4,10405.56,Approved,Normal
TX504773,EMP10908,Vesting,2025-09-19,1225,51.86,USA,Stock Option,63528.5,0.2,12705.7,Approved,Normal
TX504774,EMP10988,Cancellation,2026-04-03,1759,92.46,UK,Stock Option,162637.14,0.2,32527.43,Approved,High Value
TX504775,EMP11664,Exercise,2026-06-08,935,89.66,India,RSU,83832.1,0.3,25149.63,Approved,Normal
TX504776,EMP11351,Exercise,2026-09-28,1616,86.91,USA,Performance Share,140446.56,0.3,42133.97,Pending Review,High Value
TX504777,EMP10300,Cancellation,2026-10-28,2382,52.05,Singapore,ESPP,123983.1,0.3,37194.93,Approved,High Value
TX504778,EMP10366,Vesting,2025-04-18,1509,72.4,UK,RSU,109251.6,0.2,21850.32,Pending Review,High Value
TX504779,EMP10817,Grant,2025-09-03,1937,13.37,Germany,Performance Share,25897.69,0.4,10359.08,Pending Review,Normal
TX504780,EMP11418,Sale,2025-05-29,2397,40.53,USA,RSU,97150.41,0.2,19430.08,Approved,Normal
TX504781,EMP11346,Cancellation,2026-02-06,468,68.07,UK,Stock Option,31856.76,0.3,9557.03,Approved,Normal
TX504782,EMP11273,Sale,2026-04-23,604,18.98,UK,Stock Option,11463.92,0.2,2292.78,Pending Review,Normal
TX504783,EMP11124,Vesting,2026-09-15,123,51.51,Australia,RSU,6335.73,0.2,1267.15,Approved,Normal
TX504784,EMP10230,Vesting,2026-10-11,1273,84.07,Singapore,Performance Share,107021.11,0.4,42808.44,Approved,High Value
TX504785,EMP11615,Vesting,2025-11-06,1204,92.85,USA,RSU,111791.4,0.3,33537.42,Approved,High Value
TX504786,EMP11794,Grant,2025-02-21,1040,7.15,USA,RSU,7436.0,0.2,1487.2,Approved,Normal
TX504787,EMP10287,Sale,2025-10-01,739,61.09,Singapore,RSU,45145.51,0.3,13543.65,Approved,Normal
TX504788,EMP11743,Sale,2025-07-01,111,86.44,USA,RSU,9594.84,0.3,2878.45,Approved,Normal
TX504789,EMP10390,Vesting,2025-05-07,1851,87.27,USA,RSU,161536.77,0.3,48461.03,Approved,High Value
TX504790,EMP10451,Vesting,2026-06-02,2455,6.01,India,Performance Share,14754.55,0.2,2950.91,Approved,Normal
TX504791,EMP11183,Sale,2026-06-08,1864,40.95,Germany,Performance Share,76330.8,0.3,22899.24,Approved,Normal
TX504792,EMP11302,Grant,2025-02-27,535,9.41,Singapore,Performance Share,5034.35,0.4,2013.74,Approved,Normal
TX504793,EMP10620,Sale,2025-03-24,1440,21.58,USA,RSU,31075.2,0.4,12430.08,Pending Review,Normal
TX504794,EMP10075,Vesting,2026-06-14,1805,38.68,Singapore,ESPP,69817.4,0.2,13963.48,Approved,Normal
TX504795,EMP10374,Grant,2025-08-11,1402,88.29,UK,Stock Option,123782.58,0.45,55702.16,Approved,High Value
TX504796,EMP10517,Sale,2026-05-16,346,89.35,Germany,RSU,30915.1,0.4,12366.04,Approved,Normal
TX504797,EMP10431,Sale,2026-05-09,732,5.2,India,RSU,3806.4,0.3,1141.92,Pending Review,Normal
TX504798,EMP11913,Cancellation,2026-06-20,333,46.62,UK,RSU,15524.46,0.4,6209.78,Approved,Normal
TX504799,EMP10519,Vesting,2025-10-30,437,87.22,India,Stock Option,38115.14,0.45,17151.81,Pending Review,Normal
TX504800,EMP10088,Grant,2025-09-07,1396,74.06,Singapore,RSU,103387.76,0.2,20677.55,Approved,High Value
TX504801,EMP10325,Exercise,2026-03-06,1556,31.34,UK,RSU,48765.04,0.45,21944.27,Approved,Normal
TX504802,EMP10781,Vesting,2025-09-14,1700,46.35,USA,Performance Share,78795.0,0.4,31518.0,Approved,Normal
TX504803,EMP11734,Exercise,2025-12-14,884,93.74,India,RSU,82866.16,0.4,33146.46,Approved,Normal
TX504804,EMP11725,Cancellation,2025-01-29,1496,46.45,USA,Stock Option,69489.2,0.3,20846.76,Approved,Normal
TX504805,EMP10993,Grant,2026-06-13,1962,34.59,Singapore,Stock Option,67865.58,0.4,27146.23,Approved,Normal
TX504806,EMP11944,Exercise,2026-12-26,941,91.13,UK,Performance Share,85753.33,0.2,17150.67,Pending Review,Normal
TX504807,EMP11396,Sale,2025-12-15,211,64.79,USA,Stock Option,13670.69,0.4,5468.28,Approved,Normal
TX504808,EMP11544,Cancellation,2026-11-21,659,46.79,Germany,RSU,30834.61,0.3,9250.38,Approved,Normal
TX504809,EMP11084,Vesting,2025-05-21,547,45.23,Germany,RSU,24740.81,0.45,11133.36,Approved,Normal
TX504810,EMP11698,Vesting,2025-06-11,693,44.07,India,RSU,30540.51,0.2,6108.1,Approved,Normal
TX504811,EMP11153,Grant,2025-11-09,1561,73.55,USA,Stock Option,114811.55,0.3,34443.46,Approved,High Value
TX504812,EMP10147,Sale,2026-11-09,2020,89.88,UK,Stock Option,181557.6,0.2,36311.52,Approved,High Value
TX504813,EMP11518,Grant,2025-12-10,115,75.68,USA,RSU,8703.2,0.4,3481.28,Approved,Normal
TX504814,EMP10843,Vesting,2026-05-30,1240,52.97,USA,ESPP,65682.8,0.4,26273.12,Approved,Normal
TX504815,EMP11815,Sale,2026-11-21,2240,88.06,India,RSU,197254.4,0.4,78901.76,Approved,High Value
TX504816,EMP10445,Grant,2025-08-01,1642,10.01,Germany,Performance Share,16436.42,0.2,3287.28,Approved,Normal
TX504817,EMP11508,Grant,2025-04-04,506,90.96,India,RSU,46025.76,0.3,13807.73,Approved,Normal
TX504818,EMP10590,Vesting,2025-11-19,590,27.87,Australia,Performance Share,16443.3,0.4,6577.32,Approved,Normal
TX504819,EMP10324,Sale,2025-12-02,1410,37.23,Singapore,RSU,52494.3,0.2,10498.86,Approved,Normal
TX504820,EMP10240,Grant,2026-04-30,1505,87.93,UK,Stock Option,132334.65,0.2,26466.93,Approved,High Value
TX504821,EMP10929,Sale,2025-12-16,1815,44.35,UK,Stock Option,80495.25,0.45,36222.86,Approved,Normal
TX504822,EMP10567,Cancellation,2026-04-25,1191,94.62,India,RSU,112692.42,0.2,22538.48,Approved,High Value
TX504823,EMP10676,Sale,2025-11-16,1173,94.04,India,ESPP,110308.92,0.45,49639.01,Approved,High Value
TX504824,EMP11219,Exercise,2026-09-29,1575,28.88,Singapore,Performance Share,45486.0,0.45,20468.7,Approved,Normal
TX504825,EMP10831,Cancellation,2026-08-02,1323,51.31,India,Stock Option,67883.13,0.2,13576.63,Approved,Normal
TX504826,EMP10740,Sale,2025-08-28,147,37.49,Singapore,Stock Option,5511.03,0.45,2479.96,Approved,Normal
TX504827,EMP10157,Cancellation,2026-01-26,487,15.36,USA,RSU,7480.32,0.4,2992.13,Approved,Normal
TX504828,EMP10321,Grant,2025-05-10,1070,84.4,UK,RSU,90308.0,0.4,36123.2,Approved,Normal
TX504829,EMP11688,Sale,2025-04-09,882,54.8,UK,ESPP,48333.6,0.3,14500.08,Approved,Normal
TX504830,EMP11562,Vesting,2026-01-24,2261,45.48,USA,Stock Option,102830.28,0.3,30849.08,Approved,High Value
TX504831,EMP10475,Grant,2025-06-10,1295,55.88,USA,RSU,72364.6,0.3,21709.38,Approved,Normal
TX504832,EMP10508,Sale,2026-09-12,1926,92.75,India,RSU,178636.5,0.3,53590.95,Approved,High Value
TX504833,EMP11412,Exercise,2026-08-26,791,6.65,UK,RSU,5260.15,0.4,2104.06,Pending Review,Normal
TX504834,EMP10843,Exercise,2026-03-14,616,66.11,USA,ESPP,40723.76,0.2,8144.75,Approved,Normal
TX504835,EMP11456,Grant,2025-04-18,257,76.77,USA,Performance Share,19729.89,0.2,3945.98,Approved,Normal
TX504836,EMP10411,Exercise,2025-12-20,1230,48.02,USA,Stock Option,59064.6,0.45,26579.07,Approved,Normal
TX504837,EMP10193,Vesting,2025-10-29,1242,83.15,UK,RSU,103272.3,0.4,41308.92,Approved,High Value
TX504838,EMP99999,Vesting,2025-06-01,2362,47.43,Australia,RSU,112029.66,0.2,22405.93,Approved,High Value
TX504839,EMP11061,Sale,2026-11-08,2312,40.2,India,RSU,92942.4,0.45,41824.08,Approved,Normal
TX504840,EMP11103,Grant,2026-01-25,883,52.62,UK,RSU,46463.46,0.2,9292.69,Approved,Normal
TX504841,EMP11850,Vesting,2025-08-29,628,72.81,USA,RSU,45724.68,0.4,18289.87,Approved,Normal
TX504842,EMP11547,Exercise,2025-06-27,842,61.37,Australia,Stock Option,51673.54,0.3,15502.06,Approved,Normal
TX504843,EMP10394,Vesting,2025-08-05,716,34.21,USA,RSU,24494.36,0.4,9797.74,Approved,Normal
TX504844,EMP11770,Grant,2026-04-28,2028,88.17,Australia,RSU,178808.76,0.45,80463.94,Approved,High Value
TX504845,EMP11435,Vesting,2026-07-04,572,10.6,UK,RSU,6063.2,0.2,1212.64,Approved,Normal
TX504846,EMP10472,Cancellation,2026-11-04,1122,23.57,UK,Performance Share,26445.54,0.3,7933.66,Approved,Normal
TX504847,EMP10445,Sale,2026-06-15,900,62.82,Germany,Performance Share,56538.0,0.3,16961.4,Approved,Normal
TX504848,EMP10403,Grant,2026-09-08,236,11.26,India,Performance Share,2657.36,0.2,531.47,Approved,Normal
TX504849,EMP11119,Sale,2026-01-22,1685,92.29,Singapore,Performance Share,155508.65,0.3,46652.59,Approved,High Value
TX504850,EMP10509,Grant,2025-08-09,345,22.3,India,Performance Share,7693.5,0.3,2308.05,Approved,Normal
TX504851,EMP11742,Exercise,2026-06-15,1209,21.89,India,ESPP,26465.01,0.2,5293.0,Approved,Normal
TX504852,EMP10411,Sale,2026-01-07,1242,14.56,USA,Stock Option,18083.52,0.45,8137.58,Pending Review,Normal
TX504853,EMP11339,Grant,2025-01-27,145,38.55,India,ESPP,5589.75,0.45,2515.39,Approved,Normal
TX504854,EMP11107,Grant,2026-10-17,2024,53.99,UK,RSU,109275.76,0.3,32782.73,Approved,High Value
TX504855,EMP10467,Grant,2026-11-26,634,27.37,India,Performance Share,17352.58,0.3,5205.77,Approved,Normal
TX504856,EMP11726,Exercise,2026-01-19,1010,42.21,UK,ESPP,42632.1,0.2,8526.42,Approved,Normal
TX504857,EMP11750,Sale,2026-12-07,1077,81.53,UK,Performance Share,87807.81,0.4,35123.12,Approved,Normal
TX504858,EMP10296,Exercise,2025-08-03,1619,32.25,UK,RSU,52212.75,0.45,23495.74,Approved,Normal
TX504859,EMP11427,Grant,2026-08-03,1833,58.0,Singapore,RSU,106314.0,0.3,31894.2,Approved,High Value
TX504860,EMP11502,Vesting,2025-10-18,249,45.19,Germany,RSU,11252.31,0.45,5063.54,Approved,Normal
TX504861,EMP10569,Grant,2025-04-04,175,32.58,India,RSU,5701.5,0.4,2280.6,Approved,Normal
TX504862,EMP11330,Sale,2026-08-06,2013,42.15,India,RSU,84847.95,0.45,38181.58,Approved,Normal
TX504863,EMP11687,Exercise,2026-02-04,1818,93.25,UK,Performance Share,169528.5,0.3,50858.55,Pending Review,High Value
TX504864,EMP11856,Sale,2026-08-13,1996,57.3,USA,ESPP,114370.8,0.4,45748.32,Approved,High Value
TX504865,EMP11280,Sale,2025-01-04,1428,69.74,UK,RSU,99588.72,0.45,44814.92,Approved,Normal
TX504866,EMP11106,Grant,2025-09-24,802,75.55,UK,Stock Option,60591.1,0.3,18177.33,Approved,Normal
TX504867,EMP11082,Exercise,2026-06-03,1277,21.76,Singapore,Performance Share,27787.52,0.3,8336.26,Approved,Normal
TX504868,EMP10717,Cancellation,2025-01-23,169,85.0,Australia,ESPP,14365.0,0.2,2873.0,Approved,Normal
TX504869,EMP11217,Grant,2026-06-20,2457,71.31,UK,RSU,175208.67,0.2,35041.73,Approved,High Value
TX504870,EMP11485,Grant,2025-09-29,251,5.43,India,Stock Option,1362.93,0.3,408.88,Approved,Normal
TX504871,EMP11794,Cancellation,2025-09-22,1481,79.34,USA,RSU,117502.54,0.4,47001.02,Approved,High Value
TX504872,EMP11758,Sale,2026-10-04,1454,49.08,UK,ESPP,71362.32,0.4,28544.93,Approved,Normal
TX504873,EMP10542,Vesting,2026-03-27,703,74.99,USA,RSU,52717.97,0.4,21087.19,Approved,Normal
TX504874,EMP10311,Grant,2026-07-05,1721,74.01,India,RSU,127371.21,0.4,0.0,Approved,High Value
TX504875,EMP10749,Grant,2025-02-15,1964,58.41,Singapore,ESPP,114717.24,0.2,22943.45,Approved,High Value
TX504876,EMP11941,Sale,2026-01-31,972,84.16,Germany,Stock Option,81803.52,0.45,36811.58,Approved,Normal
TX504877,EMP10332,Sale,2025-08-14,1141,64.95,USA,ESPP,74107.95,0.4,29643.18,Pending Review,Normal
TX504878,EMP10779,Vesting,2025-10-26,284,80.04,UK,Performance Share,22731.36,0.3,6819.41,Approved,Normal
TX504879,EMP11823,Exercise,2026-08-24,291,74.47,Singapore,RSU,21670.77,0.3,6501.23,Approved,Normal
TX504880,EMP11145,Sale,2025-10-13,-67,91.44,UK,ESPP,136794.24,0.2,27358.85,Approved,High Value
TX504881,EMP11939,Sale,2025-10-30,949,87.59,UK,Performance Share,83122.91,0.2,16624.58,Approved,Normal
TX504882,EMP11494,Sale,2025-04-17,1039,34.36,Germany,ESPP,35700.04,0.2,7140.01,Approved,Normal
TX504883,EMP10076,Grant,2025-10-30,108,37.19,India,RSU,4016.52,0.3,1204.96,Approved,Normal
TX504884,EMP11744,Grant,2025-06-02,885,48.33,UK,RSU,42772.05,0.3,12831.62,Pending Review,Normal
TX504885,EMP11478,Sale,2026-10-16,154,37.64,Germany,RSU,5796.56,0.45,2608.45,Approved,Normal
TX504886,EMP10766,Exercise,2026-04-20,1562,27.33,India,Performance Share,42689.46,0.4,17075.78,Pending Review,Normal
TX504887,EMP11738,Exercise,2026-08-09,2024,17.55,India,RSU,35521.2,0.45,15984.54,Approved,Normal
TX504888,EMP10433,Vesting,2025-10-10,1219,8.38,USA,Stock Option,10215.22,0.3,3064.57,Pending Review,Normal
TX504889,EMP10835,Grant,2026-09-20,925,69.15,Australia,Performance Share,63963.75,0.2,12792.75,Approved,Normal
TX504890,EMP10121,Grant,2025-04-24,2182,5.06,UK,RSU,11040.92,0.45,4968.41,Approved,Normal
TX504891,EMP10395,Grant,2025-03-13,1625,72.23,UK,RSU,117373.75,0.4,46949.5,Approved,High Value
TX504892,EMP11704,Vesting,2026-09-06,1024,91.65,Singapore,Performance Share,93849.6,0.2,18769.92,Approved,Normal
TX504893,EMP11461,Sale,2026-08-08,2350,8.79,India,ESPP,20656.5,0.3,6196.95,Approved,Normal
TX504894,EMP10966,Vesting,2026-07-12,738,90.83,India,ESPP,67032.54,0.3,20109.76,Approved,Normal
TX504895,EMP10578,Grant,2026-03-02,273,48.79,USA,ESPP,13319.67,0.45,5993.85,Approved,Normal
TX504896,EMP10684,Vesting,2025-07-03,483,64.37,India,Stock Option,31090.71,0.2,6218.14,Approved,Normal
TX504897,EMP11852,Vesting,2025-08-12,2231,9.54,USA,RSU,21283.74,0.3,6385.12,Approved,Normal
TX504898,EMP11867,Grant,2025-03-07,1457,36.89,Germany,Performance Share,53748.73,0.2,10749.75,Approved,Normal
TX504899,EMP11555,Vesting,2026-01-20,701,31.25,India,RSU,21906.25,0.4,8762.5,Approved,Normal
TX504900,EMP11522,Sale,2026-10-13,2088,59.4,USA,Performance Share,124027.2,0.45,55812.24,Approved,High Value
TX504901,EMP10952,Grant,2026-05-10,1950,75.49,India,Stock Option,147205.5,0.45,66242.48,Approved,High Value
TX504902,EMP10697,Exercise,2025-05-29,1021,68.23,USA,ESPP,69662.83,0.2,13932.57,Approved,Normal
TX504903,EMP10042,Vesting,2026-10-18,617,23.65,India,ESPP,14592.05,0.4,5836.82,Approved,Normal
TX504904,EMP11102,Grant,2025-11-24,-32,38.87,UK,ESPP,66934.14,0.3,20080.24,Approved,Normal
TX504905,EMP10966,Exercise,2025-06-07,2272,19.79,India,ESPP,44962.88,0.4,17985.15,Approved,Normal
TX504906,EMP10293,Grant,2026-03-16,1451,34.38,UK,ESPP,49885.38,0.2,9977.08,Approved,Normal
TX504907,EMP10943,Exercise,2026-06-15,306,23.8,UK,RSU,7282.8,0.45,3277.26,Pending Review,Normal
TX504908,EMP10634,Vesting,2025-08-05,550,35.01,Singapore,RSU,19255.5,0.2,3851.1,Approved,Normal
TX504909,EMP11560,Grant,2026-09-02,1811,90.84,UK,Performance Share,164511.24,0.2,32902.25,Approved,High Value
TX504910,EMP10741,Vesting,2026-02-17,907,49.25,USA,ESPP,44669.75,0.4,17867.9,Approved,Normal
TX504911,EMP11449,Vesting,2026-02-16,494,7.7,USA,ESPP,3803.8,0.3,1141.14,Approved,Normal
TX504912,EMP11725,Sale,2025-04-13,1803,17.65,USA,Stock Option,31822.95,0.3,9546.88,Pending Review,Normal
TX504913,EMP11245,Vesting,2025-10-22,117,11.54,India,ESPP,1350.18,0.3,405.05,Approved,Normal
TX504914,EMP11869,Sale,2025-12-22,576,84.16,UK,RSU,48476.16,0.4,19390.46,Approved,Normal
TX504915,EMP11625,Vesting,2026-04-13,2038,12.63,Germany,RSU,25739.94,0.2,5147.99,Approved,Normal
TX504916,EMP11604,Vesting,2026-05-28,903,5.06,Australia,RSU,4569.18,0.3,1370.75,Approved,Normal
TX504917,EMP11519,Vesting,2025-06-28,1689,35.8,USA,RSU,60466.2,0.2,12093.24,Approved,Normal
TX504918,EMP10169,Exercise,2026-01-16,1475,83.88,UK,RSU,123723.0,0.3,37116.9,Approved,High Value
TX504919,EMP10935,Sale,2025-01-11,1718,65.57,UK,Performance Share,112649.26,0.4,45059.7,Approved,High Value
TX504920,EMP11902,Exercise,2025-11-06,390,83.03,Singapore,RSU,32381.7,0.2,6476.34,Approved,Normal
TX504921,EMP11417,Sale,2025-03-21,1446,38.45,UK,RSU,55598.7,0.2,11119.74,Approved,Normal
TX504922,EMP10936,Vesting,2026-12-17,676,94.36,UK,Stock Option,63787.36,0.2,12757.47,Approved,Normal
TX504923,EMP10917,Sale,2025-10-30,644,25.3,Singapore,Performance Share,16293.2,0.2,3258.64,Pending Review,Normal
TX504924,EMP10118,Sale,2025-11-13,1078,47.12,UK,RSU,50795.36,0.2,10159.07,Approved,Normal
TX504925,EMP10920,Cancellation,2026-07-03,611,6.82,Germany,Performance Share,4167.02,0.3,1250.11,Approved,Normal
TX504926,EMP11028,Sale,2025-06-16,2149,15.4,UK,RSU,33094.6,0.3,9928.38,Approved,Normal
TX504927,EMP11507,Grant,2026-12-14,1751,24.26,UK,ESPP,42479.26,0.3,12743.78,Approved,Normal
TX504928,EMP11397,Exercise,2025-07-09,1121,11.75,USA,ESPP,13171.75,0.3,3951.52,Approved,Normal
TX504929,EMP11187,Exercise,2026-01-18,275,40.43,UK,RSU,11118.25,0.3,3335.48,Approved,Normal
TX504930,EMP10920,Grant,2026-07-22,505,25.03,Germany,Performance Share,12640.15,0.2,2528.03,Approved,Normal
TX504931,EMP11133,Vesting,2026-04-02,1511,83.24,UK,RSU,125775.64,0.2,25155.13,Approved,High Value
TX504932,EMP11197,Cancellation,2025-05-11,653,72.8,USA,Stock Option,47538.4,0.2,9507.68,Approved,Normal
TX504933,EMP11536,Sale,2025-11-11,967,28.78,UK,Stock Option,27830.26,0.2,5566.05,Approved,Normal
TX504934,EMP11418,Sale,2025-09-06,601,23.26,USA,RSU,13979.26,0.4,5591.7,Approved,Normal
TX504935,EMP11414,Grant,2025-02-02,2103,12.68,India,Performance Share,26666.04,0.4,10666.42,Approved,Normal
TX504936,EMP10178,Sale,2026-07-03,1191,76.3,India,RSU,90873.3,0.2,18174.66,Approved,Normal
TX504937,EMP11310,Exercise,2025-09-29,587,68.67,Australia,Stock Option,40309.29,0.2,8061.86,Approved,Normal
TX504938,EMP10876,Cancellation,2026-03-26,1145,68.65,India,ESPP,78604.25,0.45,35371.91,Approved,Normal
TX504939,EMP10660,Cancellation,2026-05-02,146,93.73,USA,Performance Share,13684.58,0.3,4105.37,Approved,Normal
TX504940,EMP10551,Cancellation,2026-12-13,1205,36.39,UK,RSU,43849.95,0.3,13154.98,Approved,Normal
TX504941,EMP10409,Exercise,2025-11-24,1991,82.01,UK,RSU,163281.91,0.2,32656.38,Approved,High Value
TX504942,EMP10740,Sale,2025-05-12,1419,5.83,Singapore,Stock Option,8272.77,0.3,2481.83,Approved,Normal
TX504943,EMP11347,Vesting,2026-07-14,2448,16.2,Germany,ESPP,39657.6,0.45,17845.92,Approved,Normal
TX504944,EMP10826,Exercise,2025-09-01,1624,92.85,India,Performance Share,150788.4,0.2,30157.68,Approved,High Value
TX504945,EMP11476,Sale,2026-05-07,1043,54.24,Germany,Stock Option,56572.32,0.2,11314.46,Approved,Normal
TX504946,EMP10974,Exercise,2026-12-13,237,59.34,UK,Performance Share,14063.58,0.45,6328.61,Approved,Normal
TX504947,EMP11358,Sale,2025-05-09,2382,86.87,UK,RSU,206924.34,0.4,82769.74,Approved,High Value
TX504948,EMP10644,Exercise,2026-03-28,2246,16.8,Germany,Stock Option,37732.8,0.2,7546.56,Approved,Normal
TX504949,EMP10152,Sale,2025-05-22,584,32.59,USA,RSU,19032.56,0.2,3806.51,Approved,Normal
TX504950,EMP11296,Cancellation,2026-02-25,1768,63.52,USA,RSU,112303.36,0.4,0.0,Approved,High Value
TX504951,EMP10920,Grant,2025-02-12,442,67.01,Germany,Performance Share,29618.42,0.4,11847.37,Pending Review,Normal
TX504952,EMP11169,Vesting,2025-01-12,537,40.02,USA,RSU,21490.74,0.4,8596.3,Approved,Normal
TX504953,EMP11319,Sale,2026-05-25,2053,53.68,UK,Performance Share,110205.04,0.2,22041.01,Pending Review,High Value
TX504954,EMP11977,Grant,2026-01-18,1770,32.86,USA,RSU,58162.2,0.3,17448.66,Approved,Normal
TX504955,EMP10938,Grant,2025-11-15,1980,85.61,Singapore,RSU,169507.8,0.45,76278.51,Approved,High Value
TX504956,EMP11844,Exercise,2025-10-01,1281,10.84,Germany,RSU,13886.04,0.2,2777.21,Approved,Normal
TX504957,EMP11091,Exercise,2025-12-09,2184,11.0,Australia,ESPP,24024.0,0.2,4804.8,Approved,Normal
TX504958,EMP10782,Exercise,2026-01-02,1159,36.67,USA,RSU,42500.53,0.45,19125.24,Approved,Normal
TX504959,EMP10399,Grant,2025-04-16,1536,46.55,India,RSU,71500.8,0.45,32175.36,Approved,Normal
TX504960,EMP11793,Vesting,2025-05-31,171,64.96,India,RSU,11108.16,0.3,3332.45,Approved,Normal
TX504961,EMP10680,Exercise,2026-09-26,611,34.5,India,ESPP,21079.5,0.3,6323.85,Approved,Normal
TX504962,EMP10720,Sale,2026-10-16,422,75.22,Germany,ESPP,31742.84,0.45,14284.28,Approved,Normal
TX504963,EMP10448,Grant,2025-08-12,705,66.38,UK,Performance Share,46797.9,0.3,14039.37,Approved,Normal
TX504964,EMP10523,Grant,2026-03-08,1162,88.47,UK,ESPP,102802.14,0.4,41120.86,Approved,High Value
TX504965,EMP11133,Exercise,2026-12-30,422,90.29,UK,RSU,38102.38,0.3,11430.71,Approved,Normal
TX504966,EMP11715,Grant,2026-03-08,2246,81.41,Australia,RSU,182846.86,0.2,36569.37,Approved,High Value
TX504967,EMP11872,Grant,2026-12-04,2358,34.64,Germany,ESPP,81681.12,0.2,16336.22,Approved,Normal
TX504968,EMP11015,Vesting,2026-02-16,572,67.56,UK,Performance Share,38644.32,0.2,7728.86,Approved,Normal
TX504969,EMP11383,Sale,2025-10-20,747,69.82,India,Performance Share,52155.54,0.45,23469.99,Approved,Normal
TX504970,EMP11961,Cancellation,2025-06-14,2069,29.49,Australia,Stock Option,61014.81,0.4,24405.92,Approved,Normal
TX504971,EMP10351,Vesting,2025-04-17,-13,21.14,Singapore,Stock Option,51433.62,0.4,20573.45,Approved,Normal
TX504972,EMP11799,Grant,2026-02-01,960,92.81,UK,RSU,89097.6,0.4,35639.04,Approved,Normal
TX504973,EMP11519,Exercise,2026-08-12,2470,58.99,USA,RSU,145705.3,0.2,29141.06,Approved,High Value
TX504974,EMP11653,Exercise,2025-01-19,1454,58.49,USA,RSU,85044.46,0.2,17008.89,Approved,Normal
TX504975,EMP11405,Vesting,2026-05-13,506,31.98,UK,RSU,16181.88,0.45,7281.85,Approved,Normal
TX504976,EMP11970,Exercise,2026-03-04,616,36.76,USA,Performance Share,22644.16,0.2,4528.83,Approved,Normal
TX504977,EMP11188,Grant,2025-09-27,2473,13.81,UK,RSU,34152.13,0.2,6830.43,Approved,Normal
TX504978,EMP11045,Exercise,2026-12-04,2278,71.65,UK,RSU,163218.7,0.3,48965.61,Approved,High Value
TX504979,EMP10144,Exercise,2025-03-23,411,77.62,India,ESPP,31901.82,0.4,12760.73,Approved,Normal
TX504980,EMP11134,Grant,2026-11-18,2072,52.08,India,ESPP,107909.76,0.4,43163.9,Approved,High Value
TX504981,EMP11633,Vesting,2026-10-16,742,67.14,Australia,ESPP,49817.88,0.3,14945.36,Approved,Normal
TX504982,EMP11510,Vesting,2026-04-25,1552,32.08,USA,RSU,49788.16,0.2,9957.63,Approved,Normal
TX504983,EMP10121,Exercise,2026-09-06,1470,49.18,UK,RSU,72294.6,0.4,28917.84,Approved,Normal
TX504984,EMP11818,Sale,2025-02-23,2039,62.03,India,Performance Share,126479.17,0.2,25295.83,Approved,High Value
TX504985,EMP10348,Vesting,2025-12-09,351,25.23,UK,RSU,8855.73,0.4,3542.29,Approved,Normal
TX504986,EMP10366,Exercise,2026-05-29,954,73.62,UK,RSU,70233.48,0.3,21070.04,Approved,Normal
TX504987,EMP11385,Exercise,2025-02-01,1129,71.62,India,ESPP,80858.98,0.4,32343.59,Approved,Normal
TX504988,EMP10416,Sale,2025-09-24,699,22.59,UK,RSU,15790.41,0.2,3158.08,Pending Review,Normal
TX504989,EMP11866,Vesting,2026-08-22,419,51.51,India,RSU,21582.69,0.4,8633.08,Approved,Normal
TX504990,EMP10194,Sale,2025-07-31,2009,46.14,India,RSU,92695.26,0.4,37078.1,Approved,Normal
TX504991,EMP10332,Cancellation,2025-10-02,865,39.88,USA,ESPP,34496.2,0.3,10348.86,Approved,Normal
TX504992,EMP11355,Sale,2026-10-15,1082,15.85,UK,Performance Share,17149.7,0.3,5144.91,Approved,Normal
TX504993,EMP10178,Cancellation,2026-06-30,603,83.45,India,RSU,50320.35,0.4,20128.14,Approved,Normal
TX504994,EMP10179,Grant,2026-11-07,1067,79.9,UK,Performance Share,85253.3,0.45,38363.98,Approved,Normal
TX504995,EMP10775,Sale,2026-02-03,165,23.86,UK,RSU,3936.9,0.2,787.38,Approved,Normal
TX504996,EMP11331,Cancellation,2025-04-08,1299,64.18,Australia,RSU,83369.82,0.2,16673.96,Approved,Normal
TX504997,EMP10841,Grant,2025-08-26,1350,64.62,Australia,RSU,87237.0,0.2,17447.4,Approved,Normal
TX504998,EMP10795,Vesting,2026-09-08,2085,37.16,USA,ESPP,77478.6,0.2,15495.72,Approved,Normal
TX504999,EMP10501,Vesting,2026-05-23,2187,37.07,Germany,Stock Option,81072.09,0.45,36482.44,Approved,Normal
TX505000,EMP11012,Exercise,2026-06-04,1306,54.29,UK,ESPP,70902.74,0.3,21270.82,Approved,Normal
TX505001,EMP11675,Vesting,2026-08-12,568,22.92,UK,RSU,13018.56,0.2,2603.71,Approved,Normal
TX505002,EMP10212,Exercise,2026-03-04,1047,30.43,Germany,RSU,31860.21,0.3,9558.06,Approved,Normal
TX505003,EMP11645,Vesting,2026-08-10,1428,88.09,Germany,RSU,125792.52,0.45,56606.63,Approved,High Value
TX505004,EMP10935,Vesting,2025-07-29,916,84.22,UK,Performance Share,77145.52,0.4,30858.21,Approved,Normal
TX505005,EMP10546,Exercise,2026-09-15,2098,6.46,Germany,Stock Option,13553.08,0.4,5421.23,Approved,Normal
TX505006,EMP11049,Vesting,2025-11-12,1812,85.62,UK,RSU,155143.44,0.4,62057.38,Approved,High Value
TX505007,EMP10329,Sale,2025-11-23,1844,58.17,Germany,Performance Share,107265.48,0.4,42906.19,Approved,High Value
TX505008,EMP11537,Sale,2026-05-07,2135,81.37,India,RSU,173724.95,0.2,34744.99,Approved,High Value
TX505009,EMP11105,Vesting,2025-09-30,2155,52.48,USA,RSU,113094.4,0.3,33928.32,Approved,High Value
TX505010,EMP11554,Sale,2025-12-03,2317,94.4,India,RSU,218724.8,0.2,43744.96,Approved,High Value
TX505011,EMP11391,Sale,2026-02-13,1786,39.06,Australia,RSU,69761.16,0.2,13952.23,Approved,Normal
TX505012,EMP10802,Vesting,2025-06-07,278,48.04,UK,RSU,13355.12,0.3,4006.54,Approved,Normal
TX505013,EMP11796,Grant,2026-12-07,1923,84.8,USA,ESPP,163070.4,0.2,32614.08,Approved,High Value
TX505014,EMP10434,Exercise,2025-08-14,876,18.58,India,RSU,16276.08,0.4,6510.43,Approved,Normal
TX505015,EMP11031,Exercise,2025-03-07,1964,8.85,UK,ESPP,17381.4,0.2,3476.28,Approved,Normal
TX505016,EMP10970,Exercise,2025-06-04,2305,23.3,UK,RSU,53706.5,0.2,10741.3,Pending Review,Normal
TX505017,EMP10697,Cancellation,2026-12-15,1984,67.52,USA,ESPP,133959.68,0.2,26791.94,Approved,High Value
TX505018,EMP11887,Vesting,2025-12-24,2050,6.66,UK,Stock Option,13653.0,0.3,4095.9,Approved,Normal
TX505019,EMP10748,Cancellation,2025-08-30,913,19.08,UK,RSU,17420.04,0.3,5226.01,Approved,Normal
TX505020,EMP10203,Vesting,2026-11-07,613,16.48,Singapore,Stock Option,10102.24,0.2,2020.45,Approved,Normal
TX505021,EMP10561,Grant,2025-01-13,2066,70.47,India,RSU,145591.02,0.4,58236.41,Approved,High Value
TX505022,EMP11887,Vesting,2026-04-29,1700,60.29,UK,Stock Option,102493.0,0.2,20498.6,Pending Review,High Value
TX505023,EMP11931,Sale,2025-08-31,416,67.05,USA,RSU,27892.8,0.4,11157.12,Approved,Normal
TX505024,EMP10741,Exercise,2026-09-29,2398,15.66,USA,ESPP,37552.68,0.45,16898.71,Approved,Normal
TX505025,EMP11443,Sale,2025-06-04,931,20.89,USA,Performance Share,19448.59,0.3,5834.58,Approved,Normal
TX505026,EMP10428,Sale,2025-03-23,1009,50.89,Germany,RSU,51348.01,0.3,15404.4,Approved,Normal
TX505027,EMP10118,Exercise,2025-01-09,1664,46.06,UK,RSU,76643.84,0.3,22993.15,Approved,Normal
TX505028,EMP11357,Sale,2026-10-12,2024,84.73,India,RSU,171493.52,0.2,34298.7,Approved,High Value
TX505029,EMP11647,Exercise,2025-07-26,1396,87.42,India,RSU,122038.32,0.4,48815.33,Approved,High Value
TX505030,EMP11964,Exercise,2026-12-16,670,74.66,UK,Stock Option,50022.2,0.3,15006.66,Approved,Normal
TX505031,EMP11296,Grant,2026-12-13,1115,77.13,USA,RSU,85999.95,0.3,25799.98,Approved,Normal
TX505032,EMP11269,Grant,2025-04-19,1276,12.27,UK,RSU,15656.52,0.4,6262.61,Approved,Normal
TX505033,EMP11677,Cancellation,2026-02-09,330,76.88,Australia,RSU,25370.4,0.2,5074.08,Approved,Normal
TX505034,EMP11210,Exercise,2026-12-02,1234,56.09,USA,RSU,69215.06,0.2,13843.01,Approved,Normal
TX505035,EMP10707,Exercise,2026-10-22,324,39.22,India,RSU,12707.28,0.3,3812.18,Approved,Normal
TX505036,EMP10945,Grant,2025-12-09,418,21.99,UK,RSU,9191.82,0.3,2757.55,Approved,Normal
TX505037,EMP11469,Vesting,2025-03-29,1690,72.73,USA,RSU,122913.7,0.2,24582.74,Approved,High Value
TX505038,EMP11967,Grant,2025-03-18,1730,84.24,UK,Stock Option,145735.2,0.2,29147.04,Pending Review,High Value
TX505039,EMP10919,Exercise,2026-09-11,1839,20.1,UK,RSU,36963.9,0.2,7392.78,Approved,Normal
TX505040,EMP11832,Sale,2025-11-13,2344,64.93,Australia,RSU,152195.92,0.45,68488.16,Approved,High Value
TX505041,EMP11627,Sale,2025-06-24,316,77.96,USA,RSU,24635.36,0.3,7390.61,Approved,Normal
TX505042,EMP10881,Exercise,2025-02-26,2424,30.77,Singapore,ESPP,74586.48,0.3,22375.94,Approved,Normal
TX505043,EMP10067,Sale,2025-02-04,1859,67.48,Germany,RSU,125445.32,0.2,25089.06,Approved,High Value
TX505044,EMP10976,Exercise,2026-07-12,264,53.34,UK,RSU,14081.76,0.45,6336.79,Approved,Normal
TX505045,EMP11722,Vesting,2025-06-20,1608,21.28,India,RSU,34218.24,0.2,6843.65,Approved,Normal
TX505046,EMP11738,Sale,2025-09-06,1971,52.64,India,RSU,103753.44,0.3,31126.03,Approved,High Value
TX505047,EMP10195,Grant,2025-09-25,314,14.76,UK,RSU,4634.64,0.4,1853.86,Approved,Normal
TX505048,EMP10290,Exercise,2025-02-15,822,6.9,UK,RSU,5671.8,0.4,2268.72,Pending Review,Normal
TX505049,EMP10419,Exercise,2025-10-23,1125,21.11,USA,RSU,23748.75,0.3,7124.62,Pending Review,Normal
TX505050,EMP10468,Sale,2025-11-18,1092,40.66,India,Stock Option,44400.72,0.2,8880.14,Approved,Normal
TX505051,EMP10531,Exercise,2026-09-02,2261,42.6,USA,ESPP,96318.6,0.45,43343.37,Approved,Normal
TX505052,EMP11814,Grant,2026-09-10,1093,29.46,India,RSU,32199.78,0.2,6439.96,Approved,Normal
TX505053,EMP11869,Exercise,2025-05-09,961,51.3,UK,RSU,49299.3,0.2,9859.86,Approved,Normal
TX505054,EMP10759,Grant,2026-12-23,1843,33.31,USA,Performance Share,61390.33,0.2,12278.07,Approved,Normal
TX505055,EMP10648,Vesting,2026-07-16,476,86.79,Australia,Performance Share,41312.04,0.3,12393.61,Approved,Normal
TX505056,EMP11535,Sale,2026-05-26,1514,29.69,India,ESPP,44950.66,0.45,20227.8,Approved,Normal
TX505057,EMP11606,Vesting,2025-07-21,2156,89.65,UK,RSU,193285.4,0.2,38657.08,Approved,High Value
TX505058,EMP10214,Cancellation,2025-12-23,1463,63.35,USA,Stock Option,92681.05,0.2,18536.21,Approved,Normal
TX505059,EMP10579,Sale,2026-06-06,231,60.63,Singapore,RSU,14005.53,0.2,2801.11,Approved,Normal
TX505060,EMP11839,Exercise,2026-01-27,2337,86.89,USA,RSU,203061.93,0.4,81224.77,Approved,High Value
TX505061,EMP11203,Grant,2025-08-07,61,32.01,India,RSU,1952.61,0.2,390.52,Approved,Normal
TX505062,EMP10434,Exercise,2025-06-29,795,59.77,India,RSU,47517.15,0.4,19006.86,Pending Review,Normal
TX505063,EMP10004,Exercise,2026-01-30,1773,67.15,Singapore,RSU,119056.95,0.4,47622.78,Approved,High Value
TX505064,EMP11597,Vesting,2026-08-05,930,75.75,India,Performance Share,70447.5,0.45,31701.38,Approved,Normal
TX505065,EMP10043,Vesting,2026-04-28,901,20.98,USA,Stock Option,18902.98,0.2,3780.6,Approved,Normal
TX505066,EMP10888,Vesting,2025-04-17,1934,10.55,UK,Stock Option,20403.7,0.4,8161.48,Approved,Normal
TX505067,EMP11448,Sale,2025-02-09,1799,86.03,UK,Performance Share,154767.97,0.4,61907.19,Approved,High Value
TX505068,EMP11773,Exercise,2025-12-30,1952,13.29,USA,RSU,25942.08,0.4,10376.83,Approved,Normal
TX505069,EMP11463,Sale,2025-07-27,-19,44.4,Germany,ESPP,80719.2,0.45,36323.64,Approved,Normal
TX505070,EMP11567,Vesting,2025-04-21,1465,27.32,USA,Stock Option,40023.8,0.2,8004.76,Approved,Normal
TX505071,EMP11132,Grant,2026-09-29,424,10.91,India,Performance Share,4625.84,0.4,1850.34,Approved,Normal
TX505072,EMP10950,Vesting,2026-07-27,1608,10.03,USA,RSU,16128.24,0.3,4838.47,Approved,Normal
TX505073,EMP10531,Exercise,2026-11-27,611,37.98,USA,ESPP,23205.78,0.4,9282.31,Pending Review,Normal
TX505074,EMP10454,Grant,2025-06-01,42,68.15,UK,RSU,2862.3,0.45,1288.04,Pending Review,Normal
TX505075,EMP11848,Grant,2025-11-23,1252,43.31,Australia,RSU,54224.12,0.3,16267.24,Approved,Normal
TX505076,EMP10195,Exercise,2025-06-20,399,14.3,UK,RSU,5705.7,0.3,1711.71,Approved,Normal
TX505077,EMP10566,Sale,2026-01-30,1045,27.44,USA,RSU,28674.8,0.2,5734.96,Pending Review,Normal
TX505078,EMP11963,Sale,2025-05-01,2147,89.84,Australia,ESPP,192886.48,0.2,38577.3,Approved,High Value
TX505079,EMP11207,Grant,2026-08-30,2256,28.03,Germany,RSU,63235.68,0.3,18970.7,Approved,Normal
TX505080,EMP11086,Vesting,2025-06-21,381,34.55,India,Performance Share,13163.55,0.3,3949.06,Approved,Normal
TX505081,EMP11585,Sale,2025-08-26,836,74.13,UK,RSU,61972.68,0.2,12394.54,Approved,Normal
TX505082,EMP10394,Sale,2026-11-05,1650,10.62,USA,RSU,17523.0,0.45,7885.35,Approved,Normal
TX505083,EMP10867,Sale,2026-01-05,2215,6.44,USA,RSU,14264.6,0.45,6419.07,Approved,Normal
TX505084,EMP11597,Exercise,2025-02-21,1761,49.4,India,Performance Share,86993.4,0.4,34797.36,Approved,Normal
TX505085,EMP10855,Sale,2026-07-27,285,94.33,India,Performance Share,26884.05,0.3,8065.21,Approved,Normal
TX505086,EMP10753,Sale,2026-09-11,1080,11.95,UK,Stock Option,12906.0,0.4,5162.4,Approved,Normal
TX505087,EMP10248,Cancellation,2026-11-22,2059,83.69,Singapore,Performance Share,172317.71,0.4,68927.08,Approved,High Value
TX505088,EMP11633,Cancellation,2025-06-14,2490,93.84,Australia,ESPP,233661.6,0.45,105147.72,Approved,High Value
TX505089,EMP11764,Sale,2025-07-29,1636,91.79,Germany,ESPP,150168.44,0.45,67575.8,Pending Review,High Value
TX505090,EMP10710,Grant,2026-11-18,2334,66.38,UK,Performance Share,154930.92,0.4,61972.37,Approved,High Value
TX505091,EMP10827,Sale,2026-06-02,669,16.29,Australia,Performance Share,10898.01,0.3,3269.4,Approved,Normal
TX505092,EMP11562,Exercise,2026-12-19,703,90.39,USA,Stock Option,63544.17,0.3,19063.25,Approved,Normal
TX505093,EMP10097,Vesting,2025-05-04,1566,77.44,Singapore,Performance Share,121271.04,0.3,36381.31,Approved,High Value
TX505094,EMP10653,Sale,2025-05-06,1122,44.88,UK,ESPP,50355.36,0.4,20142.14,Approved,Normal
TX505095,EMP10675,Vesting,2026-01-03,1669,55.6,India,ESPP,92796.4,0.2,18559.28,Approved,Normal
TX505096,EMP11356,Vesting,2025-03-09,885,41.28,USA,Performance Share,36532.8,0.3,10959.84,Pending Review,Normal
TX505097,EMP11335,Grant,2025-03-30,2347,46.89,India,Performance Share,110050.83,0.45,49522.87,Approved,High Value
TX505098,EMP11422,Grant,2026-12-04,741,37.33,Singapore,RSU,27661.53,0.45,12447.69,Approved,Normal
TX505099,EMP11807,Grant,2026-03-01,124,48.53,USA,Stock Option,6017.72,0.4,2407.09,Approved,Normal
TX505100,EMP10084,Exercise,2026-05-12,289,50.93,Singapore,ESPP,14718.77,0.4,5887.51,Approved,Normal
TX505101,EMP11241,Sale,2026-06-12,2361,14.76,UK,Stock Option,34848.36,0.4,13939.34,Approved,Normal
TX505102,EMP10477,Cancellation,2026-05-13,576,51.81,UK,ESPP,29842.56,0.4,11937.02,Approved,Normal
TX505103,EMP10529,Sale,2026-07-26,1811,54.32,Germany,RSU,98373.52,0.3,29512.06,Approved,Normal
TX505104,EMP11326,Grant,2025-01-05,1459,20.98,Singapore,Performance Share,30609.82,0.2,6121.96,Approved,Normal
TX505105,EMP10480,Vesting,2025-05-10,971,84.65,UK,RSU,82195.15,0.2,16439.03,Approved,Normal
TX505106,EMP11794,Grant,2025-06-18,1606,79.01,USA,RSU,126890.06,0.3,38067.02,Approved,High Value
TX505107,EMP10899,Grant,2026-02-20,1787,72.1,India,ESPP,128842.7,0.45,57979.22,Approved,High Value
TX505108,EMP11882,Exercise,2025-04-13,432,64.9,India,RSU,28036.8,0.2,5607.36,Pending Review,Normal
TX505109,EMP10590,Exercise,2026-08-09,2053,20.63,Australia,Performance Share,42353.39,0.2,8470.68,Pending Review,Normal
TX505110,EMP11919,Grant,2026-06-19,2215,28.36,UK,Performance Share,62817.4,0.2,12563.48,Approved,Normal
TX505111,EMP11629,Exercise,2025-08-10,830,66.77,UK,RSU,55419.1,0.45,24938.6,Approved,Normal
TX505112,EMP11405,Grant,2026-06-04,2284,34.84,UK,RSU,79574.56,0.4,31829.82,Approved,Normal
TX505113,EMP11546,Vesting,2026-02-23,887,68.23,USA,Stock Option,60520.01,0.3,18156.0,Approved,Normal
TX505114,EMP11088,Sale,2026-05-29,495,15.38,India,Performance Share,7613.1,0.3,2283.93,Approved,Normal
TX505115,EMP10463,Grant,2025-10-20,2365,13.54,Germany,RSU,32022.1,0.2,6404.42,Approved,Normal
TX505116,EMP10656,Sale,2025-06-28,707,5.25,UK,ESPP,3711.75,0.4,1484.7,Approved,Normal
TX505117,EMP10028,Sale,2025-03-14,1559,91.55,Singapore,RSU,142726.45,0.4,57090.58,Approved,High Value
TX505118,EMP10749,Exercise,2026-01-02,107,94.08,Singapore,ESPP,10066.56,0.2,2013.31,Approved,Normal
TX505119,EMP10735,Exercise,2025-06-19,2470,26.12,UK,Performance Share,64516.4,0.2,12903.28,Approved,Normal
TX505120,EMP10819,Exercise,2025-04-07,1745,90.65,Germany,ESPP,158184.25,0.4,63273.7,Approved,High Value
TX505121,EMP10307,Vesting,2026-08-23,1770,90.21,USA,Performance Share,159671.7,0.4,63868.68,Approved,High Value
TX505122,EMP11570,Vesting,2025-02-08,2099,19.19,Singapore,ESPP,40279.81,0.2,8055.96,Approved,Normal
TX505123,EMP10951,Grant,2025-07-02,1865,72.95,UK,RSU,136051.75,0.2,27210.35,Approved,High Value
TX505124,EMP10867,Exercise,2026-08-07,2276,45.12,USA,RSU,102693.12,0.3,30807.94,Approved,High Value
TX505125,EMP10419,Sale,2026-04-05,560,44.02,USA,RSU,24651.2,0.4,9860.48,Approved,Normal
TX505126,EMP11136,Vesting,2025-11-03,406,54.33,UK,Stock Option,22057.98,0.3,6617.39,Approved,Normal
TX505127,EMP11659,Vesting,2025-11-13,718,87.11,USA,Stock Option,62544.98,0.2,12509.0,Approved,Normal
TX505128,EMP11745,Vesting,2025-01-18,31,33.04,India,Performance Share,1024.24,0.4,409.7,Approved,Normal
TX505129,EMP10965,Grant,2025-02-08,580,81.0,UK,ESPP,46980.0,0.3,14094.0,Approved,Normal
TX505130,EMP10703,Grant,2026-07-02,1824,33.81,UK,Stock Option,61669.44,0.4,24667.78,Approved,Normal
TX505131,EMP10094,Exercise,2025-12-19,1610,47.83,Australia,Performance Share,77006.3,0.4,30802.52,Pending Review,Normal
TX505132,EMP10485,Exercise,2025-08-28,1626,19.92,Germany,RSU,32389.92,0.2,6477.98,Approved,Normal
TX505133,EMP10303,Grant,2025-07-11,838,45.38,UK,ESPP,38028.44,0.3,11408.53,Approved,Normal
TX505134,EMP11174,Grant,2025-10-17,173,92.65,UK,RSU,16028.45,0.4,6411.38,Approved,Normal
TX505135,EMP10985,Grant,2026-05-18,182,37.47,UK,RSU,6819.54,0.2,1363.91,Approved,Normal
TX505136,EMP10666,Vesting,2025-03-24,867,69.49,UK,Performance Share,60247.83,0.2,12049.57,Pending Review,Normal
TX505137,EMP10048,Vesting,2025-02-25,796,45.37,Germany,ESPP,36114.52,0.3,10834.36,Approved,Normal
TX505138,EMP10957,Grant,2025-06-20,451,11.48,UK,ESPP,5177.48,0.4,2070.99,Approved,Normal
TX505139,EMP10011,Vesting,2025-05-09,1819,54.08,USA,RSU,98371.52,0.2,19674.3,Approved,Normal
TX505140,EMP11548,Sale,2025-06-19,2391,50.4,USA,RSU,120506.4,0.2,24101.28,Approved,High Value
TX505141,EMP11967,Grant,2026-09-16,139,90.62,UK,Stock Option,12596.18,0.3,3778.85,Approved,Normal
TX505142,EMP11129,Sale,2025-07-01,119,25.99,UK,RSU,3092.81,0.2,618.56,Approved,Normal
TX505143,EMP11620,Exercise,2025-04-22,582,28.88,India,Performance Share,16808.16,0.2,3361.63,Approved,Normal
TX505144,EMP11976,Exercise,2025-06-15,884,25.8,UK,ESPP,22807.2,0.3,6842.16,Approved,Normal
TX505145,EMP11884,Sale,2026-05-04,-55,50.45,Singapore,ESPP,44850.05,0.3,13455.02,Approved,Normal
TX505146,EMP10308,Grant,2025-03-18,2493,62.76,Australia,RSU,156460.68,0.4,62584.27,Approved,High Value
TX505147,EMP10178,Grant,2026-06-19,1367,12.11,India,RSU,16554.37,0.2,3310.87,Approved,Normal
TX505148,EMP11071,Grant,2025-12-03,745,59.93,UK,Performance Share,44647.85,0.2,8929.57,Approved,Normal
TX505149,EMP11167,Grant,2025-11-10,1032,70.88,UK,ESPP,73148.16,0.4,29259.26,Approved,Normal
TX505150,EMP11277,Sale,2026-10-01,28,40.85,UK,RSU,1143.8,0.2,228.76,Approved,Normal
TX505151,EMP10588,Exercise,2025-09-30,1255,53.17,Australia,ESPP,66728.35,0.2,13345.67,Approved,Normal
TX505152,EMP11586,Vesting,2025-09-04,1666,51.32,Australia,Performance Share,85499.12,0.4,34199.65,Approved,Normal
TX505153,EMP10326,Grant,2026-09-04,74,83.2,India,Performance Share,6156.8,0.45,2770.56,Approved,Normal
TX505154,EMP11572,Grant,2026-11-07,1766,57.53,Australia,RSU,101597.98,0.2,20319.6,Approved,High Value
TX505155,EMP11401,Sale,2025-04-05,2340,9.13,UK,Stock Option,21364.2,0.4,8545.68,Approved,Normal
TX505156,EMP11221,Vesting,2025-03-20,1822,30.37,Singapore,ESPP,55334.14,0.4,22133.66,Approved,Normal
TX505157,EMP10986,Grant,2025-10-03,1959,94.25,Singapore,ESPP,184635.75,0.3,55390.72,Pending Review,High Value
TX505158,EMP11902,Exercise,2025-11-23,1482,21.24,Singapore,RSU,31477.68,0.4,12591.07,Pending Review,Normal
TX505159,EMP11038,Vesting,2025-09-01,2110,93.5,UK,Stock Option,197285.0,0.4,78914.0,Pending Review,High Value
TX505160,EMP11549,Vesting,2025-12-25,112,56.6,UK,RSU,6339.2,0.2,1267.84,Approved,Normal
TX505161,EMP11486,Grant,2026-01-07,379,38.16,USA,Stock Option,14462.64,0.3,4338.79,Approved,Normal
TX505162,EMP10853,Grant,2025-05-30,2346,28.05,India,RSU,65805.3,0.4,26322.12,Approved,Normal
TX505163,EMP11840,Sale,2026-06-14,2183,46.17,Singapore,RSU,100789.11,0.3,30236.73,Approved,High Value
TX505164,EMP10030,Exercise,2025-01-25,1065,40.39,India,ESPP,43015.35,0.3,12904.6,Approved,Normal
TX505165,EMP11291,Grant,2025-01-11,2349,35.72,UK,ESPP,83906.28,0.3,25171.88,Approved,Normal
TX505166,EMP10060,Sale,2025-02-25,1906,42.62,USA,ESPP,81233.72,0.2,16246.74,Pending Review,Normal
TX505167,EMP11199,Vesting,2026-10-22,2006,50.79,USA,Performance Share,101884.74,0.45,45848.13,Approved,High Value
TX505168,EMP11467,Sale,2026-11-13,193,44.96,UK,Performance Share,8677.28,0.4,3470.91,Approved,Normal
TX505169,EMP11319,Cancellation,2026-03-18,1872,59.62,UK,Performance Share,111608.64,0.3,33482.59,Approved,High Value
TX505170,EMP11725,Grant,2025-03-19,1026,32.03,USA,Stock Option,32862.78,0.2,6572.56,Approved,Normal
TX505171,EMP10174,Grant,2025-06-01,979,58.11,UK,ESPP,56889.69,0.2,11377.94,Approved,Normal
TX505172,EMP10239,Exercise,2025-05-29,1336,93.01,USA,RSU,124261.36,0.3,37278.41,Approved,High Value
TX505173,EMP10302,Cancellation,2025-05-11,1780,28.78,India,Stock Option,51228.4,0.4,20491.36,Approved,Normal
TX505174,EMP10007,Exercise,2026-02-04,247,72.38,India,ESPP,17877.86,0.2,3575.57,Approved,Normal
TX505175,EMP11278,Exercise,2026-11-25,2152,87.53,UK,Stock Option,188364.56,0.3,56509.37,Approved,High Value
TX505176,EMP10281,Vesting,2026-01-11,318,10.55,UK,RSU,3354.9,0.2,670.98,Pending Review,Normal
TX505177,EMP11164,Sale,2026-01-09,1579,15.12,UK,Stock Option,23874.48,0.45,10743.52,Approved,Normal
TX505178,EMP10402,Sale,2025-07-10,1004,81.97,India,RSU,82297.88,0.2,16459.58,Approved,Normal
TX505179,EMP10916,Exercise,2026-09-18,1386,61.56,India,RSU,85322.16,0.2,17064.43,Approved,Normal
TX505180,EMP10370,Exercise,2025-07-09,689,23.78,India,RSU,16384.42,0.2,3276.88,Approved,Normal
TX505181,EMP10721,Vesting,2025-03-08,2421,92.08,UK,RSU,222925.68,0.45,100316.56,Pending Review,High Value
TX505182,EMP11897,Grant,2025-11-03,941,14.55,Australia,RSU,13691.55,0.3,4107.46,Approved,Normal
TX505183,EMP10156,Vesting,2025-11-11,2328,17.25,India,Stock Option,40158.0,0.2,8031.6,Approved,Normal
TX505184,EMP10198,Grant,2026-01-24,1075,42.73,India,Performance Share,45934.75,0.3,13780.42,Approved,Normal
TX505185,EMP10055,Sale,2025-11-18,1046,51.15,India,Stock Option,53502.9,0.2,10700.58,Approved,Normal
TX505186,EMP10107,Vesting,2025-08-10,2372,19.07,Australia,RSU,45234.04,0.3,13570.21,Approved,Normal
TX505187,EMP11399,Exercise,2026-04-15,1099,68.72,UK,RSU,75523.28,0.3,22656.98,Approved,Normal
TX505188,EMP10270,Grant,2026-02-09,1760,68.98,USA,ESPP,121404.8,0.2,24280.96,Approved,High Value
TX505189,EMP11299,Grant,2025-01-31,939,23.67,India,ESPP,22226.13,0.3,6667.84,Approved,Normal
TX505190,EMP10165,Grant,2026-06-29,1276,54.63,Singapore,Performance Share,69707.88,0.2,13941.58,Approved,Normal
TX505191,EMP10008,Vesting,2026-12-09,1216,58.46,UK,RSU,71087.36,0.2,14217.47,Approved,Normal
TX505192,EMP11717,Cancellation,2025-01-10,1195,46.01,USA,Stock Option,54981.95,0.3,16494.58,Approved,Normal
TX505193,EMP10147,Cancellation,2026-09-14,764,18.03,UK,Stock Option,13774.92,0.4,5509.97,Pending Review,Normal
TX505194,EMP11847,Grant,2026-07-16,453,22.14,Germany,Performance Share,10029.42,0.3,3008.83,Approved,Normal
TX505195,EMP10735,Cancellation,2025-03-18,2242,55.37,UK,Performance Share,124139.54,0.3,37241.86,Approved,High Value
TX505196,EMP11656,Vesting,2026-09-09,2482,60.39,India,Stock Option,149887.98,0.4,59955.19,Approved,High Value
TX505197,EMP10654,Vesting,2025-11-09,554,71.78,Germany,Performance Share,39766.12,0.4,15906.45,Approved,Normal
TX505198,EMP10208,Vesting,2025-03-29,80,44.09,USA,Performance Share,3527.2,0.3,1058.16,Approved,Normal
TX505199,EMP10193,Exercise,2026-06-04,591,85.66,UK,RSU,50625.06,0.3,15187.52,Approved,Normal
TX505200,EMP11830,Grant,2025-01-25,1540,59.85,India,RSU,92169.0,0.45,41476.05,Approved,Normal
TX505201,EMP10512,Vesting,2026-07-30,1275,17.5,India,ESPP,22312.5,0.4,8925.0,Approved,Normal
TX505202,EMP11234,Exercise,2026-08-08,2412,39.01,India,RSU,94092.12,0.2,18818.42,Pending Review,Normal
TX505203,EMP10287,Vesting,2025-03-20,511,53.41,Singapore,RSU,27292.51,0.4,10917.0,Approved,Normal
TX505204,EMP11187,Sale,2025-03-16,1452,10.54,UK,RSU,15304.08,0.4,6121.63,Pending Review,Normal
TX505205,EMP11410,Cancellation,2026-02-27,2306,59.46,Australia,Performance Share,137114.76,0.3,41134.43,Approved,High Value
TX505206,EMP11969,Exercise,2025-05-30,848,51.48,Singapore,ESPP,43655.04,0.45,19644.77,Approved,Normal
TX505207,EMP10149,Exercise,2026-01-24,1653,62.01,UK,Performance Share,102502.53,0.2,20500.51,Approved,High Value
TX505208,EMP11196,Vesting,2026-11-26,945,52.94,UK,RSU,50028.3,0.3,15008.49,Approved,Normal
TX505209,EMP11951,Sale,2025-02-11,34,29.96,India,ESPP,1018.64,0.2,203.73,Approved,Normal
TX505210,EMP10351,Sale,2025-12-03,2325,18.69,Singapore,Stock Option,43454.25,0.3,13036.28,Pending Review,Normal
TX505211,EMP11064,Exercise,2026-12-03,159,8.59,USA,RSU,1365.81,0.3,409.74,Pending Review,Normal
TX505212,EMP11103,Sale,2025-01-06,416,91.66,UK,RSU,38130.56,0.2,7626.11,Approved,Normal
TX505213,EMP99999,Grant,2025-09-30,428,58.12,UK,RSU,24875.36,0.4,9950.14,Approved,Normal
TX505214,EMP11389,Grant,2026-03-25,1203,6.07,UK,RSU,7302.21,0.4,2920.88,Approved,Normal
TX505215,EMP10446,Grant,2025-12-28,2047,82.52,Australia,ESPP,168918.44,0.4,67567.38,Approved,High Value
TX505216,EMP10744,Grant,2025-03-23,1991,6.71,India,Performance Share,13359.61,0.4,5343.84,Approved,Normal
TX505217,EMP10522,Grant,2025-12-25,304,15.55,India,Stock Option,4727.2,0.3,1418.16,Approved,Normal
TX505218,EMP11005,Exercise,2026-02-06,553,90.45,India,Stock Option,50018.85,0.2,10003.77,Approved,Normal
TX505219,EMP11090,Vesting,2025-09-09,807,62.25,USA,Stock Option,50235.75,0.4,20094.3,Pending Review,Normal
TX505220,EMP10419,Cancellation,2025-09-09,1916,50.97,USA,RSU,97658.52,0.2,19531.7,Approved,Normal
TX505221,EMP10333,Vesting,2026-11-09,1914,26.55,UK,ESPP,50816.7,0.4,20326.68,Approved,Normal
TX505222,EMP10370,Cancellation,2025-03-07,915,56.93,India,RSU,52090.95,0.2,10418.19,Approved,Normal
TX505223,EMP10311,Grant,2026-05-01,2463,78.57,India,RSU,193517.91,0.45,87083.06,Approved,High Value
TX505224,EMP10651,Grant,2025-10-15,2274,11.26,India,Stock Option,25605.24,0.3,7681.57,Pending Review,Normal
TX505225,EMP11008,Vesting,2025-04-02,1613,26.68,India,ESPP,43034.84,0.3,12910.45,Approved,Normal
TX505226,EMP10199,Sale,2026-07-07,1511,33.46,USA,ESPP,50558.06,0.2,10111.61,Approved,Normal
TX505227,EMP11598,Exercise,2026-12-09,1499,10.07,Australia,RSU,15094.93,0.2,3018.99,Approved,Normal
TX505228,EMP11242,Sale,2026-12-06,2169,83.11,UK,RSU,180265.59,0.2,36053.12,Approved,High Value
TX505229,EMP11470,Exercise,2025-04-30,488,29.34,USA,RSU,14317.92,0.2,2863.58,Approved,Normal
TX505230,EMP10313,Vesting,2025-05-15,2427,50.11,Australia,Performance Share,121616.97,0.4,48646.79,Approved,High Value
TX505231,EMP11863,Grant,2025-03-08,2128,66.02,Germany,Performance Share,140490.56,0.4,56196.22,Approved,High Value
TX505232,EMP11538,Sale,2025-10-08,1096,17.58,USA,ESPP,19267.68,0.4,7707.07,Approved,Normal
TX505233,EMP11385,Sale,2025-10-13,1684,65.41,India,ESPP,110150.44,0.45,49567.7,Pending Review,High Value
TX505234,EMP11661,Grant,2026-02-15,2018,86.91,UK,RSU,175384.38,0.45,78922.97,Approved,High Value
TX505235,EMP10909,Vesting,2026-06-29,190,70.45,UK,Stock Option,13385.5,0.45,6023.48,Approved,Normal
TX505236,EMP11194,Grant,2025-07-07,1930,33.98,Singapore,Performance Share,65581.4,0.3,19674.42,Approved,Normal
TX505237,EMP11668,Grant,2025-09-14,923,32.95,UK,RSU,30412.85,0.4,12165.14,Approved,Normal
TX505238,EMP11695,Sale,2025-05-11,1803,24.5,India,RSU,44173.5,0.4,17669.4,Approved,Normal
TX505239,EMP11831,Sale,2025-02-27,1434,27.69,Australia,Performance Share,39707.46,0.4,15882.98,Approved,Normal
TX505240,EMP11261,Sale,2025-03-24,2341,37.55,USA,ESPP,87904.55,0.2,17580.91,Approved,Normal
TX505241,EMP11239,Exercise,2025-11-25,1573,9.4,UK,Stock Option,14786.2,0.4,5914.48,Approved,Normal
TX505242,EMP11008,Grant,2025-02-07,286,72.02,India,ESPP,20597.72,0.2,4119.54,Approved,Normal
TX505243,EMP10007,Exercise,2025-03-23,903,53.64,India,ESPP,48436.92,0.45,21796.61,Approved,Normal
TX505244,EMP11121,Grant,2025-01-25,2437,50.27,UK,ESPP,122507.99,0.2,24501.6,Approved,High Value
TX505245,EMP10210,Grant,2025-10-23,96,90.23,UK,RSU,8662.08,0.3,2598.62,Approved,Normal
TX505246,EMP10278,Exercise,2025-11-21,1816,82.94,Australia,Performance Share,150619.04,0.2,30123.81,Approved,High Value
TX505247,EMP10076,Vesting,2026-08-16,270,38.77,India,RSU,10467.9,0.4,4187.16,Approved,Normal
TX505248,EMP11484,Exercise,2026-07-01,894,21.24,UK,RSU,18988.56,0.3,5696.57,Approved,Normal
TX505249,EMP11189,Vesting,2025-07-03,1442,83.82,UK,Performance Share,120868.44,0.3,36260.53,Approved,High Value
TX505250,EMP11217,Exercise,2025-09-09,640,35.79,UK,RSU,22905.6,0.3,6871.68,Approved,Normal
TX505251,EMP11516,Sale,2025-03-02,2200,6.59,USA,RSU,14498.0,0.3,4349.4,Approved,Normal
TX505252,EMP10584,Grant,2025-01-03,2178,58.16,India,RSU,126672.48,0.3,38001.74,Approved,High Value
TX505253,EMP10616,Sale,2026-11-02,2172,27.26,Germany,RSU,59208.72,0.2,11841.74,Approved,Normal
TX505254,EMP11113,Exercise,2025-09-03,253,73.66,India,RSU,18635.98,0.3,5590.79,Approved,Normal
TX505255,EMP11154,Sale,2025-07-16,1962,79.76,UK,RSU,156489.12,0.2,31297.82,Approved,High Value
TX505256,EMP10995,Sale,2025-01-08,1801,22.01,USA,Stock Option,39640.01,0.2,7928.0,Approved,Normal
TX505257,EMP11638,Cancellation,2025-05-23,262,53.57,Australia,ESPP,14035.34,0.45,6315.9,Approved,Normal
TX505258,EMP11214,Vesting,2026-01-10,848,9.53,USA,RSU,8081.44,0.3,2424.43,Approved,Normal
TX505259,EMP10388,Sale,2026-12-23,835,64.31,India,RSU,53698.85,0.2,10739.77,Approved,Normal
TX505260,EMP11003,Vesting,2026-08-10,2181,16.62,India,RSU,36248.22,0.3,10874.47,Approved,Normal
TX505261,EMP11614,Cancellation,2026-08-22,1208,47.06,USA,RSU,56848.48,0.2,11369.7,Approved,Normal
TX505262,EMP11190,Vesting,2025-02-26,796,76.67,Germany,RSU,61029.32,0.3,18308.8,Approved,Normal
TX505263,EMP10816,Cancellation,2026-03-27,1985,45.38,UK,RSU,90079.3,0.2,18015.86,Approved,Normal
TX505264,EMP10903,Vesting,2025-05-01,2258,46.83,USA,ESPP,105742.14,0.2,21148.43,Approved,High Value
TX505265,EMP10961,Sale,2026-03-18,371,10.86,Germany,ESPP,4029.06,0.4,1611.62,Approved,Normal
TX505266,EMP11434,Grant,2025-06-27,1037,88.38,USA,RSU,91650.06,0.3,27495.02,Approved,Normal
TX505267,EMP10202,Sale,2026-01-04,1435,70.26,UK,Performance Share,100823.1,0.3,30246.93,Approved,High Value
TX505268,EMP11290,Vesting,2025-12-30,2419,39.65,USA,RSU,95913.35,0.3,28774.0,Approved,Normal
TX505269,EMP11136,Vesting,2025-02-01,1541,20.93,UK,Stock Option,32253.13,0.2,6450.63,Approved,Normal
TX505270,EMP10382,Grant,2026-01-27,861,35.79,India,RSU,30815.19,0.4,12326.08,Approved,Normal
TX505271,EMP11121,Vesting,2025-02-24,1811,49.56,UK,ESPP,89753.16,0.2,17950.63,Approved,Normal
TX505272,EMP11318,Vesting,2025-08-12,2308,67.99,USA,Performance Share,156920.92,0.3,47076.28,Approved,High Value
TX505273,EMP11503,Vesting,2026-03-25,1320,62.3,UK,Stock Option,82236.0,0.2,16447.2,Approved,Normal
TX505274,EMP10503,Vesting,2025-04-18,1755,89.36,India,RSU,156826.8,0.2,31365.36,Approved,High Value
TX505275,EMP11009,Vesting,2025-02-23,1025,62.26,Germany,RSU,63816.5,0.2,12763.3,Approved,Normal
TX505276,EMP10326,Sale,2026-06-02,1647,69.24,India,Performance Share,114038.28,0.4,45615.31,Approved,High Value
TX505277,EMP11398,Sale,2025-08-30,2122,67.57,USA,Performance Share,143383.54,0.3,43015.06,Approved,High Value
TX505278,EMP11481,Cancellation,2025-10-13,1190,37.21,Singapore,RSU,44279.9,0.2,8855.98,Approved,Normal
TX505279,EMP10810,Exercise,2026-08-06,347,61.28,UK,RSU,21264.16,0.3,6379.25,Approved,Normal
TX505280,EMP11536,Grant,2025-11-17,1685,35.98,UK,Stock Option,60626.3,0.3,18187.89,Approved,Normal
TX505281,EMP10178,Exercise,2026-11-25,2135,36.85,India,RSU,78674.75,0.2,15734.95,Approved,Normal
TX505282,EMP11021,Exercise,2025-12-03,145,92.79,India,Performance Share,13454.55,0.45,6054.55,Pending Review,Normal
TX505283,EMP10288,Exercise,2025-02-03,1988,53.42,USA,RSU,106198.96,0.4,42479.58,Approved,High Value
TX505284,EMP11706,Cancellation,2026-04-02,1105,45.39,India,RSU,50155.95,0.4,20062.38,Approved,Normal
TX505285,EMP10768,Vesting,2026-12-04,1801,93.34,India,RSU,168105.34,0.4,67242.14,Approved,High Value
TX505286,EMP10661,Cancellation,2025-04-02,1825,62.25,UK,ESPP,113606.25,0.3,34081.88,Approved,High Value
TX505287,EMP10559,Sale,2026-05-06,492,93.93,UK,RSU,46213.56,0.45,20796.1,Approved,Normal
TX505288,EMP10930,Exercise,2025-01-18,614,12.86,India,RSU,7896.04,0.2,1579.21,Approved,Normal
TX505289,EMP10813,Vesting,2026-09-13,832,20.19,USA,Stock Option,16798.08,0.2,3359.62,Pending Review,Normal
TX505290,EMP11087,Vesting,2026-01-18,260,15.21,Australia,ESPP,3954.6,0.3,1186.38,Approved,Normal
TX505291,EMP10644,Vesting,2026-04-02,950,52.2,Germany,Stock Option,49590.0,0.45,22315.5,Approved,Normal
TX505292,EMP11534,Grant,2025-05-26,41,10.46,Germany,RSU,428.86,0.3,128.66,Approved,Normal
TX505293,EMP11756,Sale,2026-08-09,599,30.42,UK,RSU,18221.58,0.2,3644.32,Approved,Normal
TX505294,EMP10267,Sale,2025-08-09,1769,38.0,Australia,RSU,67222.0,0.2,13444.4,Approved,Normal
TX505295,EMP10401,Vesting,2026-06-27,1687,84.81,Singapore,Performance Share,143074.47,0.2,28614.89,Approved,High Value
TX505296,EMP10720,Grant,2026-09-04,1754,47.95,Germany,ESPP,84104.3,0.45,37846.94,Approved,Normal
TX505297,EMP10742,Sale,2026-01-12,1329,44.99,Singapore,Performance Share,59791.71,0.2,11958.34,Approved,Normal
TX505298,EMP11028,Grant,2026-01-28,1926,37.91,UK,RSU,73014.66,0.4,29205.86,Approved,Normal
TX505299,EMP11365,Grant,2025-02-04,1718,51.13,UK,RSU,87841.34,0.3,26352.4,Approved,Normal
TX505300,EMP10963,Exercise,2026-11-30,738,54.82,USA,Stock Option,40457.16,0.3,12137.15,Pending Review,Normal
TX505301,EMP11109,Grant,2026-11-22,1758,40.58,UK,Performance Share,71339.64,0.4,28535.86,Approved,Normal
TX505302,EMP10094,Grant,2025-10-20,212,59.74,Australia,Performance Share,12664.88,0.2,2532.98,Approved,Normal
TX505303,EMP10354,Vesting,2025-12-21,1549,6.6,Singapore,RSU,10223.4,0.4,4089.36,Approved,Normal
TX505304,EMP10777,Sale,2026-10-05,898,80.0,India,RSU,71840.0,0.2,14368.0,Approved,Normal
TX505305,EMP11089,Exercise,2025-07-29,2276,89.03,USA,Stock Option,202632.28,0.4,81052.91,Approved,High Value
TX505306,EMP11667,Sale,2026-02-17,30,18.46,India,ESPP,553.8,0.4,221.52,Approved,Normal
TX505307,EMP11948,Cancellation,2026-08-07,1416,31.4,India,RSU,44462.4,0.2,8892.48,Approved,Normal
TX505308,EMP10210,Vesting,2025-03-13,1571,84.66,UK,RSU,133000.86,0.2,26600.17,Approved,High Value
TX505309,EMP11633,Vesting,2025-04-13,409,67.52,Australia,ESPP,27615.68,0.45,12427.06,Approved,Normal
TX505310,EMP11166,Cancellation,2026-02-14,765,27.58,Singapore,Performance Share,21098.7,0.45,9494.42,Approved,Normal
TX505311,EMP10018,Vesting,2025-11-25,1579,43.88,India,ESPP,69286.52,0.4,27714.61,Approved,Normal
TX505312,EMP11568,Sale,2026-03-26,401,22.53,Germany,ESPP,9034.53,0.2,1806.91,Approved,Normal
TX505313,EMP11041,Sale,2026-10-31,2173,5.19,Singapore,RSU,11277.87,0.3,3383.36,Approved,Normal
TX505314,EMP10705,Grant,2025-02-27,2168,86.19,India,RSU,186859.92,0.4,74743.97,Approved,High Value
TX505315,EMP11601,Exercise,2025-06-01,651,65.24,India,Performance Share,42471.24,0.2,8494.25,Approved,Normal
TX505316,EMP10408,Vesting,2025-02-20,1492,63.7,Australia,Performance Share,95040.4,0.2,19008.08,Pending Review,Normal
TX505317,EMP11598,Vesting,2025-05-23,2146,37.88,Australia,RSU,81290.48,0.2,16258.1,Approved,Normal
TX505318,EMP11634,Vesting,2025-08-31,813,69.21,Australia,RSU,56267.73,0.2,11253.55,Approved,Normal
TX505319,EMP10226,Sale,2025-01-08,1285,55.98,India,ESPP,71934.3,0.45,32370.44,Approved,Normal
TX505320,EMP10104,Sale,2025-07-01,2354,21.94,India,Performance Share,51646.76,0.2,10329.35,Approved,Normal
TX505321,EMP11243,Vesting,2026-06-29,1564,39.16,USA,Stock Option,61246.24,0.3,18373.87,Approved,Normal
TX505322,EMP10178,Exercise,2026-07-22,830,79.55,India,RSU,66026.5,0.4,26410.6,Approved,Normal
TX505323,EMP10753,Exercise,2025-02-22,2178,56.54,UK,Stock Option,123144.12,0.4,49257.65,Approved,High Value
TX505324,EMP10002,Exercise,2025-04-20,1435,18.78,Singapore,RSU,26949.3,0.45,12127.18,Approved,Normal
TX505325,EMP10562,Exercise,2026-08-20,1664,30.3,India,Stock Option,50419.2,0.3,15125.76,Approved,Normal
TX505326,EMP10529,Exercise,2025-05-02,1607,89.34,Germany,RSU,143569.38,0.45,64606.22,Approved,High Value
TX505327,EMP10651,Grant,2026-03-31,1447,24.06,India,Stock Option,34814.82,0.2,6962.96,Approved,Normal
TX505328,EMP11482,Grant,2025-07-09,538,16.0,Germany,RSU,8608.0,0.2,1721.6,Approved,Normal
TX505329,EMP11928,Vesting,2026-03-24,850,23.18,India,Stock Option,19703.0,0.3,5910.9,Approved,Normal
TX505330,EMP11851,Vesting,2025-12-17,994,27.82,USA,RSU,27653.08,0.2,5530.62,Approved,Normal
TX505331,EMP10214,Sale,2025-05-12,1678,38.24,USA,Stock Option,64166.72,0.2,12833.34,Approved,Normal
TX505332,EMP10248,Vesting,2026-08-20,1838,35.72,Singapore,Performance Share,65653.36,0.3,19696.01,Approved,Normal
TX505333,EMP10357,Exercise,2025-03-26,157,64.06,Australia,RSU,10057.42,0.2,2011.48,Approved,Normal
TX505334,EMP11698,Cancellation,2025-02-17,473,42.47,India,RSU,20088.31,0.2,4017.66,Approved,Normal
TX505335,EMP10155,Vesting,2025-10-11,2013,43.75,UK,RSU,88068.75,0.3,26420.62,Approved,Normal
TX505336,EMP10867,Sale,2026-01-06,1764,15.66,USA,RSU,27624.24,0.2,5524.85,Approved,Normal
TX505337,EMP10543,Sale,2026-03-23,865,14.78,Australia,RSU,12784.7,0.4,5113.88,Approved,Normal
TX505338,EMP11350,Sale,2026-07-08,1393,22.84,UK,Performance Share,31816.12,0.3,9544.84,Approved,Normal
TX505339,EMP11954,Vesting,2026-10-16,110,61.69,UK,RSU,6785.9,0.3,2035.77,Approved,Normal
TX505340,EMP11427,Vesting,2025-04-14,2336,9.03,Singapore,RSU,21094.08,0.4,8437.63,Approved,Normal
TX505341,EMP11697,Vesting,2025-01-25,76,61.0,India,Stock Option,4636.0,0.45,2086.2,Approved,Normal
TX505342,EMP11240,Grant,2025-09-23,2491,67.62,UK,RSU,168441.42,0.4,67376.57,Approved,High Value
TX505343,EMP10127,Grant,2025-03-19,75,13.96,USA,ESPP,1047.0,0.3,314.1,Approved,Normal
TX505344,EMP10723,Vesting,2026-01-27,1023,83.05,UK,ESPP,84960.15,0.2,16992.03,Approved,Normal
TX505345,EMP11153,Grant,2025-11-14,1778,63.53,USA,Stock Option,112956.34,0.3,33886.9,Approved,High Value
TX505346,EMP10261,Vesting,2026-11-13,1497,51.07,Germany,ESPP,76451.79,0.2,15290.36,Pending Review,Normal
TX505347,EMP99999,Sale,2025-08-13,376,56.13,Germany,RSU,21104.88,0.4,8441.95,Approved,Normal
TX505348,EMP11181,Grant,2025-01-17,1466,70.63,UK,RSU,103543.58,0.45,46594.61,Approved,High Value
TX505349,EMP10201,Grant,2025-04-04,2474,77.63,Singapore,RSU,192056.62,0.4,76822.65,Approved,High Value
TX505350,EMP11276,Grant,2025-10-06,187,10.94,Australia,RSU,2045.78,0.4,818.31,Approved,Normal
TX505351,EMP11128,Grant,2026-04-18,2231,18.67,UK,Stock Option,41652.77,0.3,12495.83,Approved,Normal
TX505352,EMP11121,Sale,2026-06-10,1905,27.38,UK,ESPP,52158.9,0.2,10431.78,Pending Review,Normal
TX505353,EMP10648,Vesting,2025-10-26,1384,72.72,Australia,Performance Share,100644.48,0.2,20128.9,Approved,High Value
TX505354,EMP11348,Vesting,2026-11-23,2388,63.44,UK,RSU,151494.72,0.4,60597.89,Approved,High Value
TX505355,EMP10108,Exercise,2026-05-24,2312,72.59,Singapore,Stock Option,167828.08,0.3,50348.42,Approved,High Value
TX505356,EMP10252,Vesting,2026-08-06,1424,94.75,UK,Performance Share,134924.0,0.2,26984.8,Approved,High Value
TX505357,EMP11090,Exercise,2026-11-20,1915,34.89,USA,Stock Option,66814.35,0.4,26725.74,Approved,Normal
TX505358,EMP11547,Exercise,2025-08-22,45,58.63,Australia,Stock Option,2638.35,0.4,1055.34,Approved,Normal
TX505359,EMP10173,Vesting,2026-02-16,951,27.28,Germany,RSU,25943.28,0.4,10377.31,Pending Review,Normal
TX505360,EMP11714,Grant,2025-09-21,642,5.78,Singapore,RSU,3710.76,0.4,1484.3,Approved,Normal
TX505361,EMP10382,Cancellation,2025-08-13,2079,90.91,India,RSU,189001.89,0.4,75600.76,Approved,High Value
TX505362,EMP10116,Grant,2025-08-23,2433,6.19,Germany,Stock Option,15060.27,0.3,4518.08,Approved,Normal
TX505363,EMP10023,Exercise,2025-09-20,1652,94.42,UK,ESPP,155981.84,0.3,46794.55,Approved,High Value
TX505364,EMP11614,Grant,2025-07-15,804,12.56,USA,RSU,10098.24,0.3,3029.47,Pending Review,Normal
TX505365,EMP10769,Grant,2026-10-11,2380,83.89,UK,RSU,199658.2,0.4,79863.28,Approved,High Value
TX505366,EMP11532,Exercise,2026-07-21,882,53.52,UK,Performance Share,47204.64,0.4,18881.86,Approved,Normal
TX505367,EMP10694,Exercise,2025-09-09,968,9.58,Singapore,Stock Option,9273.44,0.4,3709.38,Approved,Normal
TX505368,EMP10103,Exercise,2026-05-21,1290,76.46,Singapore,Performance Share,98633.4,0.2,19726.68,Approved,Normal
TX505369,EMP10097,Grant,2025-06-14,420,13.68,Singapore,Performance Share,5745.6,0.2,1149.12,Approved,Normal
TX505370,EMP10139,Sale,2025-11-06,2363,51.2,USA,ESPP,120985.6,0.3,36295.68,Pending Review,High Value
TX505371,EMP10160,Vesting,2026-11-07,1561,66.57,UK,RSU,103915.77,0.2,20783.15,Approved,High Value
TX505372,EMP11307,Grant,2025-02-28,2329,75.68,India,RSU,176258.72,0.3,52877.62,Approved,High Value
TX505373,EMP10594,Grant,2025-03-10,1418,67.88,India,RSU,96253.84,0.3,28876.15,Approved,Normal
TX505374,EMP10305,Exercise,2026-03-11,777,93.82,UK,RSU,72898.14,0.2,14579.63,Approved,Normal
TX505375,EMP10431,Grant,2026-04-16,537,78.05,India,RSU,41912.85,0.3,12573.86,Pending Review,Normal
TX505376,EMP10536,Grant,2026-04-06,2414,28.68,UK,Stock Option,69233.52,0.2,13846.7,Approved,Normal
TX505377,EMP11256,Grant,2026-10-18,617,28.77,USA,ESPP,17751.09,0.2,3550.22,Approved,Normal
TX505378,EMP11693,Exercise,2026-07-04,838,54.73,UK,ESPP,45863.74,0.4,18345.5,Approved,Normal
TX505379,EMP11619,Exercise,2026-05-09,1504,22.38,Australia,RSU,33659.52,0.3,10097.86,Approved,Normal
TX505380,EMP11298,Vesting,2025-02-01,109,39.58,UK,ESPP,4314.22,0.2,862.84,Approved,Normal
TX505381,EMP10898,Exercise,2026-02-18,1308,51.59,India,Stock Option,67479.72,0.3,20243.92,Approved,Normal
TX505382,EMP11654,Vesting,2026-12-29,1505,56.63,India,RSU,85228.15,0.2,17045.63,Approved,Normal
TX505383,EMP11144,Sale,2025-09-11,1321,7.36,Australia,ESPP,9722.56,0.4,3889.02,Pending Review,Normal
TX505384,EMP10641,Grant,2025-10-21,492,21.73,USA,RSU,10691.16,0.4,4276.46,Approved,Normal
TX505385,EMP10789,Cancellation,2026-11-14,92,53.09,USA,RSU,4884.28,0.2,976.86,Approved,Normal
TX505386,EMP10140,Sale,2025-11-10,500,36.32,Singapore,Stock Option,18160.0,0.3,5448.0,Approved,Normal
TX505387,EMP11681,Sale,2025-10-09,2163,94.12,India,ESPP,203581.56,0.2,40716.31,Approved,High Value
TX505388,EMP10126,Exercise,2026-10-30,2369,17.36,UK,RSU,41125.84,0.3,12337.75,Approved,Normal
TX505389,EMP11589,Vesting,2026-05-05,2151,91.09,Singapore,Stock Option,195934.59,0.4,78373.84,Approved,High Value
TX505390,EMP11069,Cancellation,2025-12-15,1132,70.85,UK,RSU,80202.2,0.3,24060.66,Approved,Normal
TX505391,EMP10811,Vesting,2026-07-21,598,20.47,UK,RSU,12241.06,0.2,2448.21,Approved,Normal
TX505392,EMP10176,Sale,2026-02-17,337,47.78,UK,RSU,16101.86,0.2,3220.37,Approved,Normal
TX505393,EMP10211,Sale,2026-06-23,2244,93.6,Germany,ESPP,210038.4,0.4,84015.36,Approved,High Value
TX505394,EMP11298,Exercise,2025-06-21,972,86.93,UK,ESPP,84495.96,0.3,25348.79,Approved,Normal
TX505395,EMP11930,Vesting,2025-11-09,273,10.34,UK,ESPP,2822.82,0.2,564.56,Pending Review,Normal
TX505396,EMP10932,Exercise,2026-04-23,1669,76.67,India,RSU,127962.23,0.4,51184.89,Approved,High Value
TX505397,EMP10768,Cancellation,2025-03-06,1326,24.27,India,RSU,32182.02,0.3,9654.61,Approved,Normal
TX505398,EMP11622,Grant,2025-07-15,1977,29.5,India,Performance Share,58321.5,0.2,11664.3,Approved,Normal
TX505399,EMP10830,Grant,2026-07-07,2008,75.77,USA,RSU,152146.16,0.4,60858.46,Pending Review,High Value
TX505400,EMP10786,Exercise,2025-02-12,2233,7.2,USA,Stock Option,16077.6,0.2,3215.52,Approved,Normal
TX505401,EMP11077,Exercise,2025-09-11,1784,60.37,USA,RSU,107700.08,0.3,32310.02,Approved,High Value
TX505402,EMP10735,Grant,2026-01-12,2392,89.56,UK,Performance Share,214227.52,0.45,96402.38,Approved,High Value
TX505403,EMP11988,Vesting,2026-12-25,863,28.49,Australia,RSU,24586.87,0.3,7376.06,Approved,Normal
TX505404,EMP11555,Grant,2026-01-01,1182,84.11,India,RSU,99418.02,0.2,19883.6,Approved,Normal
TX505405,EMP11649,Vesting,2025-02-18,2126,90.52,India,RSU,192445.52,0.2,38489.1,Approved,High Value
TX505406,EMP11595,Sale,2025-06-19,1355,70.86,USA,ESPP,96015.3,0.4,38406.12,Pending Review,Normal
TX505407,EMP10852,Vesting,2025-06-04,1158,54.63,Singapore,Stock Option,63261.54,0.2,12652.31,Approved,Normal
TX505408,EMP10603,Vesting,2025-03-30,1364,78.55,India,Performance Share,107142.2,0.2,21428.44,Approved,High Value
TX505409,EMP11709,Grant,2025-05-12,1693,93.91,Australia,Performance Share,158989.63,0.3,47696.89,Approved,High Value
TX505410,EMP10863,Exercise,2026-11-25,605,83.79,UK,Stock Option,50692.95,0.2,10138.59,Approved,Normal
TX505411,EMP10529,Grant,2025-04-27,1064,69.58,Germany,RSU,74033.12,0.2,14806.62,Approved,Normal
TX505412,EMP11337,Grant,2026-03-28,422,58.67,UK,Performance Share,24758.74,0.3,7427.62,Approved,Normal
TX505413,EMP10342,Sale,2026-07-29,1420,59.07,India,Performance Share,83879.4,0.2,16775.88,Approved,Normal
TX505414,EMP10843,Cancellation,2026-06-04,839,63.28,USA,ESPP,53091.92,0.2,10618.38,Approved,Normal
TX505415,EMP10744,Vesting,2025-10-04,2439,92.68,India,Performance Share,226046.52,0.3,67813.96,Approved,High Value
TX505416,EMP11381,Exercise,2026-08-08,755,30.14,India,ESPP,22755.7,0.2,4551.14,Approved,Normal
TX505417,EMP10574,Grant,2026-04-15,927,24.11,UK,Stock Option,22349.97,0.2,4469.99,Approved,Normal
TX505418,EMP11141,Exercise,2025-03-04,2392,74.27,USA,RSU,177653.84,0.4,71061.54,Approved,High Value
TX505419,EMP11178,Exercise,2025-11-16,107,41.2,Germany,RSU,4408.4,0.2,881.68,Approved,Normal
TX505420,EMP10898,Cancellation,2026-04-29,2275,19.51,India,Stock Option,44385.25,0.3,13315.58,Approved,Normal
TX505421,EMP11870,Vesting,2026-01-29,1666,67.37,UK,ESPP,112238.42,0.4,44895.37,Approved,High Value
TX505422,EMP10330,Vesting,2025-05-05,306,65.14,India,RSU,19932.84,0.4,7973.14,Approved,Normal
TX505423,EMP11516,Exercise,2025-02-13,1766,69.19,USA,RSU,122189.54,0.4,48875.82,Approved,High Value
TX505424,EMP10779,Exercise,2026-07-07,665,12.89,UK,Performance Share,8571.85,0.45,3857.33,Approved,Normal
TX505425,EMP10964,Grant,2025-07-11,171,7.54,India,RSU,1289.34,0.2,257.87,Approved,Normal
TX505426,EMP10308,Grant,2025-02-11,113,60.33,Australia,RSU,6817.29,0.2,1363.46,Approved,Normal
TX505427,EMP11446,Grant,2026-03-29,911,52.59,UK,ESPP,47909.49,0.4,19163.8,Approved,Normal
TX505428,EMP11655,Sale,2026-07-26,1458,52.63,Singapore,Performance Share,76734.54,0.45,34530.54,Approved,Normal
TX505429,EMP11789,Grant,2026-09-04,1540,84.59,USA,RSU,130268.6,0.45,58620.87,Approved,High Value
TX505430,EMP11662,Sale,2026-10-11,1956,16.21,Germany,Performance Share,31706.76,0.3,9512.03,Approved,Normal
TX505431,EMP11385,Grant,2026-04-05,43,36.06,India,ESPP,1550.58,0.4,620.23,Approved,Normal
TX505432,EMP11888,Vesting,2026-03-13,48,24.09,India,RSU,1156.32,0.2,231.26,Approved,Normal
TX505433,EMP10982,Vesting,2025-12-30,2254,49.51,India,Performance Share,111595.54,0.4,44638.22,Approved,High Value
TX505434,EMP11768,Grant,2026-09-16,66,50.93,Singapore,RSU,3361.38,0.2,672.28,Pending Review,Normal
TX505435,EMP11192,Grant,2025-10-18,1344,62.38,Germany,Performance Share,83838.72,0.45,37727.42,Pending Review,Normal
TX505436,EMP10932,Cancellation,2025-11-09,39,42.47,India,RSU,1656.33,0.3,496.9,Pending Review,Normal
TX505437,EMP11239,Vesting,2025-04-09,2066,58.67,UK,Stock Option,121212.22,0.2,24242.44,Approved,High Value
TX505438,EMP11469,Exercise,2025-08-02,334,46.61,USA,RSU,15567.74,0.4,6227.1,Approved,Normal
TX505439,EMP11599,Exercise,2026-07-07,2086,87.99,Germany,Performance Share,183547.14,0.3,55064.14,Pending Review,High Value
TX505440,EMP10310,Vesting,2025-08-11,124,43.01,USA,RSU,5333.24,0.3,1599.97,Approved,Normal
TX505441,EMP10025,Grant,2026-09-09,758,50.18,Germany,Stock Option,38036.44,0.3,11410.93,Approved,Normal
TX505442,EMP11923,Vesting,2026-11-23,1017,92.65,India,Performance Share,94225.05,0.2,18845.01,Approved,Normal
TX505443,EMP11776,Exercise,2025-03-16,1220,63.36,UK,Stock Option,77299.2,0.2,15459.84,Approved,Normal
TX505444,EMP11020,Sale,2025-08-12,1040,79.76,UK,RSU,82950.4,0.3,24885.12,Approved,Normal
TX505445,EMP10162,Grant,2026-01-01,2340,82.92,Australia,RSU,194032.8,0.2,38806.56,Approved,High Value
TX505446,EMP11998,Vesting,2025-06-26,750,82.25,Germany,Performance Share,61687.5,0.4,24675.0,Pending Review,Normal
TX505447,EMP99999,Cancellation,2025-05-04,2106,33.81,India,Stock Option,71203.86,0.2,14240.77,Pending Review,Normal
TX505448,EMP10057,Sale,2025-10-19,2295,66.75,UK,Performance Share,153191.25,0.45,68936.06,Approved,High Value
TX505449,EMP10468,Exercise,2026-12-20,811,71.37,India,Stock Option,57881.07,0.2,11576.21,Approved,Normal
TX505450,EMP10637,Vesting,2026-07-06,1092,15.66,UK,RSU,17100.72,0.2,3420.14,Approved,Normal
TX505451,EMP10886,Exercise,2026-01-19,296,25.8,Singapore,RSU,7636.8,0.3,2291.04,Approved,Normal
TX505452,EMP10052,Sale,2026-07-17,1583,55.5,India,RSU,87856.5,0.2,17571.3,Approved,Normal
TX505453,EMP11740,Vesting,2026-07-23,1872,18.77,UK,RSU,35137.44,0.3,10541.23,Approved,Normal
TX505454,EMP10476,Sale,2025-05-06,1970,19.99,UK,RSU,39380.3,0.3,11814.09,Approved,Normal
TX505455,EMP10661,Cancellation,2026-03-16,2175,10.39,UK,ESPP,22598.25,0.3,6779.48,Approved,Normal
TX505456,EMP10938,Sale,2026-04-15,2139,27.25,Singapore,RSU,58287.75,0.2,11657.55,Approved,Normal
TX505457,EMP11212,Vesting,2025-06-07,839,8.48,India,Performance Share,7114.72,0.2,1422.94,Approved,Normal
TX505458,EMP10576,Sale,2025-11-05,1170,42.33,India,Stock Option,49526.1,0.3,14857.83,Approved,Normal
TX505459,EMP11978,Sale,2025-08-21,573,83.91,UK,RSU,48080.43,0.3,14424.13,Approved,Normal
TX505460,EMP10974,Exercise,2025-04-05,1482,21.03,UK,Performance Share,31166.46,0.3,9349.94,Approved,Normal
TX505461,EMP11598,Exercise,2026-02-25,1292,19.13,Australia,RSU,24715.96,0.2,4943.19,Approved,Normal
TX505462,EMP10439,Grant,2025-03-26,812,30.84,UK,RSU,25042.08,0.45,11268.94,Approved,Normal
TX505463,EMP11860,Grant,2026-08-05,419,64.1,Germany,RSU,26857.9,0.3,8057.37,Pending Review,Normal
TX505464,EMP10499,Exercise,2025-01-31,2065,58.73,USA,RSU,121277.45,0.45,54574.85,Approved,High Value
TX505465,EMP10704,Vesting,2026-11-14,655,18.54,USA,RSU,12143.7,0.4,4857.48,Approved,Normal
TX505466,EMP11887,Cancellation,2025-08-15,2275,34.5,UK,Stock Option,78487.5,0.4,31395.0,Approved,Normal
TX505467,EMP10867,Sale,2025-10-10,2288,28.76,USA,RSU,65802.88,0.2,13160.58,Approved,Normal
TX505468,EMP10680,Vesting,2025-06-24,886,13.13,India,ESPP,11633.18,0.3,3489.95,Approved,Normal
TX505469,EMP11734,Exercise,2025-12-30,1058,15.94,India,RSU,16864.52,0.3,5059.36,Approved,Normal
TX505470,EMP11996,Vesting,2026-12-20,1693,69.75,India,RSU,118086.75,0.2,23617.35,Approved,High Value
TX505471,EMP11666,Cancellation,2025-11-25,81,57.43,Germany,RSU,4651.83,0.2,930.37,Approved,Normal
TX505472,EMP11488,Vesting,2026-11-16,1810,15.9,India,ESPP,28779.0,0.2,5755.8,Approved,Normal
TX505473,EMP10335,Grant,2026-03-25,713,64.39,UK,Stock Option,45910.07,0.2,9182.01,Approved,Normal
TX505474,EMP10262,Vesting,2026-12-15,1291,7.96,UK,RSU,10276.36,0.2,2055.27,Approved,Normal
TX505475,EMP11911,Cancellation,2025-06-14,2039,17.32,UK,ESPP,35315.48,0.4,14126.19,Pending Review,Normal
TX505476,EMP10192,Exercise,2026-12-29,1950,11.41,India,Performance Share,22249.5,0.45,10012.28,Approved,Normal
TX505477,EMP11786,Vesting,2025-07-09,1284,19.05,Germany,RSU,24460.2,0.2,4892.04,Approved,Normal
TX505478,EMP11818,Sale,2025-05-25,1981,10.28,India,Performance Share,20364.68,0.2,4072.94,Approved,Normal
TX505479,EMP10662,Vesting,2025-04-29,1608,72.69,Australia,RSU,116885.52,0.45,52598.48,Approved,High Value
TX505480,EMP10783,Cancellation,2026-11-26,2115,88.8,Singapore,Stock Option,187812.0,0.3,56343.6,Pending Review,High Value
TX505481,EMP10447,Sale,2025-11-12,1626,81.67,UK,RSU,132795.42,0.3,39838.63,Approved,High Value
TX505482,EMP10792,Vesting,2026-10-29,470,82.02,Germany,ESPP,38549.4,0.45,17347.23,Approved,Normal
TX505483,EMP11309,Grant,2025-08-28,61,30.04,UK,RSU,1832.44,0.45,824.6,Approved,Normal
TX505484,EMP11971,Cancellation,2026-07-30,1141,65.78,Germany,RSU,75054.98,0.3,22516.49,Approved,Normal
TX505485,EMP10204,Sale,2026-12-29,951,60.5,Germany,Performance Share,57535.5,0.2,11507.1,Approved,Normal
TX505486,EMP10822,Sale,2025-09-22,1137,63.52,Australia,RSU,72222.24,0.3,21666.67,Approved,Normal
TX505487,EMP10873,Grant,2025-12-24,905,14.74,Germany,Performance Share,13339.7,0.45,6002.87,Approved,Normal
TX505488,EMP11262,Vesting,2026-07-16,197,20.25,UK,ESPP,3989.25,0.3,1196.77,Approved,Normal
TX505489,EMP11009,Exercise,2026-11-20,2227,72.01,Germany,RSU,160366.27,0.2,32073.25,Approved,High Value
TX505490,EMP10595,Sale,2025-11-30,2321,72.78,Singapore,RSU,168922.38,0.4,67568.95,Approved,High Value
TX505491,EMP11335,Cancellation,2025-12-08,560,87.09,India,Performance Share,48770.4,0.3,14631.12,Approved,Normal
TX505492,EMP11055,Sale,2025-06-14,614,54.31,India,RSU,33346.34,0.3,10003.9,Approved,Normal
TX505493,EMP10951,Vesting,2025-09-15,2466,29.72,UK,RSU,73289.52,0.2,14657.9,Approved,Normal
TX505494,EMP11022,Vesting,2025-10-28,1141,27.58,Germany,RSU,31468.78,0.4,12587.51,Approved,Normal
TX505495,EMP11122,Sale,2026-05-26,1545,29.64,USA,RSU,45793.8,0.4,18317.52,Approved,Normal
TX505496,EMP11028,Cancellation,2026-06-29,2240,75.48,UK,RSU,169075.2,0.45,76083.84,Approved,High Value
TX505497,EMP11967,Grant,2025-10-05,2044,45.5,UK,Stock Option,93002.0,0.4,37200.8,Approved,Normal
TX505498,EMP11563,Sale,2026-02-12,1463,22.19,UK,Stock Option,32463.97,0.4,12985.59,Approved,Normal
TX505499,EMP11453,Grant,2026-06-23,1476,93.86,UK,Performance Share,138537.36,0.3,41561.21,Approved,High Value
TX505500,EMP10534,Grant,2025-02-27,371,74.0,USA,ESPP,27454.0,0.2,5490.8,Approved,Normal
TX505501,EMP10091,Exercise,2025-02-02,1112,72.95,Singapore,RSU,81120.4,0.3,24336.12,Approved,Normal
TX505502,EMP10637,Cancellation,2026-09-09,1623,73.17,UK,RSU,118754.91,0.4,47501.96,Approved,High Value
TX505503,EMP10525,Vesting,2025-02-06,663,75.11,Germany,Stock Option,49797.93,0.3,14939.38,Approved,Normal
TX505504,EMP11360,Grant,2026-06-16,175,62.66,India,Performance Share,10965.5,0.2,2193.1,Approved,Normal
TX505505,EMP10792,Grant,2026-12-04,2079,19.54,Germany,ESPP,40623.66,0.4,16249.46,Approved,Normal
TX505506,EMP11983,Exercise,2025-01-29,1999,64.47,Germany,RSU,128875.53,0.3,38662.66,Approved,High Value
TX505507,EMP11347,Grant,2025-05-26,1794,65.14,Germany,ESPP,116861.16,0.3,35058.35,Approved,High Value
TX505508,EMP10365,Vesting,2026-06-28,44,39.55,Germany,Performance Share,1740.2,0.2,348.04,Approved,Normal
TX505509,EMP10421,Exercise,2026-01-02,1869,32.62,USA,RSU,60966.78,0.2,12193.36,Approved,Normal
TX505510,EMP11381,Cancellation,2026-03-28,961,92.94,India,ESPP,89315.34,0.4,35726.14,Approved,Normal
TX505511,EMP11049,Sale,2026-09-29,866,19.98,UK,RSU,17302.68,0.4,6921.07,Pending Review,Normal
TX505512,EMP11317,Grant,2026-01-06,2164,20.59,USA,RSU,44556.76,0.4,17822.7,Approved,Normal
TX505513,EMP10219,Exercise,2025-02-19,1503,81.69,Singapore,RSU,122780.07,0.2,24556.01,Approved,High Value
TX505514,EMP10215,Exercise,2025-04-30,1336,31.95,UK,RSU,42685.2,0.4,17074.08,Approved,Normal
TX505515,EMP10494,Exercise,2025-08-18,1018,68.11,UK,Performance Share,69335.98,0.2,13867.2,Approved,Normal
TX505516,EMP11604,Vesting,2025-12-10,370,14.4,Australia,RSU,5328.0,0.3,1598.4,Approved,Normal
TX505517,EMP11034,Exercise,2025-10-21,1964,81.11,UK,Performance Share,159300.04,0.4,63720.02,Approved,High Value
TX505518,EMP11373,Vesting,2026-05-27,496,45.28,USA,RSU,22458.88,0.45,10106.5,Approved,Normal
TX505519,EMP10583,Vesting,2026-10-07,375,15.62,Australia,RSU,5857.5,0.2,1171.5,Approved,Normal
TX505520,EMP10873,Grant,2026-09-09,437,42.34,Germany,Performance Share,18502.58,0.4,7401.03,Approved,Normal
TX505521,EMP11057,Sale,2026-12-01,508,80.01,USA,RSU,40645.08,0.4,16258.03,Approved,Normal
TX505522,EMP10728,Sale,2026-04-16,1807,31.83,USA,Performance Share,57516.81,0.45,25882.56,Approved,Normal
TX505523,EMP10907,Sale,2025-05-05,1439,26.2,Australia,RSU,37701.8,0.4,15080.72,Approved,Normal
TX505524,EMP10179,Vesting,2026-08-23,898,37.07,UK,Performance Share,33288.86,0.45,14979.99,Approved,Normal
TX505525,EMP10238,Sale,2026-06-25,2229,54.75,India,Performance Share,122037.75,0.2,24407.55,Approved,High Value
TX505526,EMP10429,Grant,2025-05-22,2428,28.35,UK,Stock Option,68833.8,0.4,27533.52,Approved,Normal
TX505527,EMP10473,Sale,2025-07-17,1693,41.87,Singapore,RSU,70885.91,0.2,14177.18,Approved,Normal
TX505528,EMP10753,Exercise,2025-05-15,1867,84.21,UK,Stock Option,157220.07,0.3,47166.02,Approved,High Value
TX505529,EMP10476,Grant,2026-11-30,436,44.47,UK,RSU,19388.92,0.4,7755.57,Pending Review,Normal
TX505530,EMP10590,Vesting,2026-01-06,54,26.74,Australia,Performance Share,1443.96,0.3,433.19,Approved,Normal
TX505531,EMP11447,Grant,2026-04-29,497,75.13,USA,Stock Option,37339.61,0.4,14935.84,Approved,Normal
TX505532,EMP10682,Cancellation,2026-10-02,1434,80.9,UK,RSU,116010.6,0.2,23202.12,Approved,High Value
TX505533,EMP10685,Grant,2026-01-11,1397,33.17,Germany,RSU,46338.49,0.4,18535.4,Approved,Normal
TX505534,EMP10774,Vesting,2025-01-20,1499,42.64,USA,RSU,63917.36,0.4,25566.94,Approved,Normal
TX505535,EMP11130,Vesting,2025-06-06,2215,38.04,Singapore,Stock Option,84258.6,0.2,16851.72,Approved,Normal
TX505536,EMP10843,Vesting,2025-12-08,1349,15.13,USA,ESPP,20410.37,0.4,8164.15,Approved,Normal
TX505537,EMP10605,Sale,2025-03-25,66,29.45,Australia,Performance Share,1943.7,0.2,388.74,Approved,Normal
TX505538,EMP10267,Cancellation,2025-06-03,84,40.56,Australia,RSU,3407.04,0.3,1022.11,Approved,Normal
TX505539,EMP10159,Grant,2025-05-21,274,84.96,Germany,Stock Option,23279.04,0.3,6983.71,Approved,Normal
TX505540,EMP10887,Cancellation,2025-04-06,1793,12.26,UK,Performance Share,21982.18,0.2,4396.44,Approved,Normal
TX505541,EMP11283,Exercise,2026-01-29,2038,56.71,UK,RSU,115574.98,0.2,23115.0,Approved,High Value
TX505542,EMP11638,Grant,2026-04-01,949,22.44,Australia,ESPP,21295.56,0.3,6388.67,Approved,Normal
TX505543,EMP11727,Grant,2026-05-30,2222,66.45,Singapore,RSU,147651.9,0.2,29530.38,Approved,High Value
TX505544,EMP10422,Grant,2025-07-29,1762,58.76,Germany,RSU,103535.12,0.4,41414.05,Approved,High Value
TX505545,EMP11623,Vesting,2025-03-28,913,19.81,India,RSU,18086.53,0.3,5425.96,Approved,Normal
TX505546,EMP10374,Sale,2026-09-28,1422,85.54,UK,Stock Option,121637.88,0.3,36491.36,Approved,High Value
TX505547,EMP11953,Grant,2026-01-09,2495,52.52,Australia,Stock Option,131037.4,0.3,39311.22,Approved,High Value
TX505548,EMP11143,Exercise,2026-09-02,328,16.25,Germany,Performance Share,5330.0,0.4,2132.0,Approved,Normal
TX505549,EMP10423,Sale,2025-04-18,693,20.24,Germany,Stock Option,14026.32,0.4,5610.53,Approved,Normal
TX505550,EMP11196,Exercise,2026-07-20,602,24.18,UK,RSU,14556.36,0.4,5822.54,Approved,Normal
TX505551,EMP11445,Grant,2026-03-21,686,88.78,Germany,RSU,60903.08,0.4,24361.23,Approved,Normal
TX505552,EMP10940,Sale,2026-06-08,1871,41.36,UK,RSU,77384.56,0.4,30953.82,Approved,Normal
TX505553,EMP11402,Sale,2025-07-01,819,33.44,UK,RSU,27387.36,0.4,10954.94,Approved,Normal
TX505554,EMP10067,Vesting,2026-06-01,2094,54.63,Germany,RSU,114395.22,0.2,22879.04,Approved,High Value
TX505555,EMP10846,Exercise,2025-07-02,1697,55.92,Singapore,ESPP,94896.24,0.4,37958.5,Approved,Normal
TX505556,EMP10302,Vesting,2026-08-20,117,62.99,India,Stock Option,7369.83,0.2,1473.97,Approved,Normal
TX505557,EMP11490,Exercise,2025-09-22,1884,41.28,UK,RSU,77771.52,0.2,15554.3,Approved,Normal
TX505558,EMP10083,Sale,2025-05-02,886,25.27,India,RSU,22389.22,0.4,8955.69,Approved,Normal
TX505559,EMP10927,Sale,2025-04-27,1003,28.35,Singapore,RSU,28435.05,0.3,8530.52,Approved,Normal
TX505560,EMP11635,Exercise,2025-12-05,1792,72.51,UK,Stock Option,129937.92,0.2,25987.58,Approved,High Value
TX505561,EMP10399,Grant,2026-03-25,1961,38.49,India,RSU,75478.89,0.4,30191.56,Approved,Normal
TX505562,EMP10598,Vesting,2026-12-03,1525,83.59,UK,RSU,127474.75,0.4,50989.9,Approved,High Value
TX505563,EMP10704,Exercise,2025-05-18,117,11.26,USA,RSU,1317.42,0.4,526.97,Approved,Normal
TX505564,EMP10105,Exercise,2025-07-17,717,59.22,USA,Performance Share,42460.74,0.4,16984.3,Approved,Normal
TX505565,EMP10208,Cancellation,2025-09-08,473,50.44,USA,Performance Share,23858.12,0.2,4771.62,Approved,Normal
TX505566,EMP11902,Grant,2026-05-02,914,9.24,Singapore,RSU,8445.36,0.2,1689.07,Approved,Normal
TX505567,EMP10896,Cancellation,2025-11-27,1214,78.42,Singapore,RSU,95201.88,0.4,38080.75,Approved,Normal
TX505568,EMP10004,Exercise,2025-05-12,2183,36.3,Singapore,RSU,79242.9,0.2,15848.58,Approved,Normal
TX505569,EMP11788,Sale,2026-06-25,2018,92.81,India,Stock Option,187290.58,0.3,56187.17,Approved,High Value
TX505570,EMP11305,Vesting,2025-06-14,2206,91.35,Australia,RSU,201518.1,0.4,80607.24,Approved,High Value
TX505571,EMP11429,Exercise,2025-03-29,1865,7.43,Germany,RSU,13856.95,0.2,2771.39,Approved,Normal
TX505572,EMP11806,Grant,2026-11-02,1776,44.25,Australia,ESPP,78588.0,0.2,15717.6,Approved,Normal
TX505573,EMP10276,Vesting,2025-01-22,230,50.78,UK,Performance Share,11679.4,0.3,3503.82,Approved,Normal
TX505574,EMP11387,Vesting,2025-10-20,376,81.03,India,RSU,30467.28,0.4,12186.91,Approved,Normal
TX505575,EMP10466,Grant,2026-01-03,2046,55.95,UK,Performance Share,114473.7,0.4,45789.48,Approved,High Value
TX505576,EMP11795,Exercise,2026-08-16,1393,9.12,India,ESPP,12704.16,0.2,2540.83,Approved,Normal
TX505577,EMP11370,Vesting,2026-07-22,2021,87.13,Australia,RSU,176089.73,0.2,35217.95,Approved,High Value
TX505578,EMP10257,Grant,2026-02-18,2427,5.52,USA,RSU,13397.04,0.4,5358.82,Approved,Normal
TX505579,EMP10563,Exercise,2026-07-14,2284,30.71,UK,Performance Share,70141.64,0.3,21042.49,Approved,Normal
TX505580,EMP11893,Grant,2025-12-05,1060,61.76,Singapore,RSU,65465.6,0.3,19639.68,Approved,Normal
TX505581,EMP10338,Sale,2025-05-01,238,19.96,USA,ESPP,4750.48,0.2,950.1,Approved,Normal
TX505582,EMP10458,Sale,2026-01-06,2221,93.27,USA,Performance Share,207152.67,0.4,82861.07,Pending Review,High Value
TX505583,EMP10690,Exercise,2025-10-04,904,91.93,USA,RSU,83104.72,0.4,33241.89,Approved,Normal
TX505584,EMP11504,Sale,2025-04-21,2303,43.36,USA,ESPP,99858.08,0.3,29957.42,Approved,Normal
TX505585,EMP11891,Cancellation,2025-08-01,1839,70.01,USA,RSU,128748.39,0.3,38624.52,Approved,High Value
TX505586,EMP11199,Vesting,2025-08-13,1501,89.06,USA,Performance Share,133679.06,0.4,53471.62,Approved,High Value
TX505587,EMP11271,Sale,2025-05-04,1396,73.79,UK,RSU,103010.84,0.3,30903.25,Approved,High Value
TX505588,EMP10315,Grant,2025-12-26,655,63.34,USA,ESPP,41487.7,0.2,8297.54,Approved,Normal
TX505589,EMP10081,Vesting,2026-06-12,1893,80.33,UK,Performance Share,152064.69,0.4,60825.88,Approved,High Value
TX505590,EMP11837,Vesting,2025-12-26,619,7.93,Germany,Stock Option,4908.67,0.2,981.73,Approved,Normal
TX505591,EMP11675,Grant,2025-04-08,1418,87.14,UK,RSU,123564.52,0.3,37069.36,Approved,High Value
TX505592,EMP11063,Sale,2026-10-12,1335,72.47,India,RSU,96747.45,0.3,29024.23,Approved,Normal
TX505593,EMP10880,Vesting,2025-10-24,2440,18.05,India,RSU,44042.0,0.3,13212.6,Approved,Normal
TX505594,EMP11187,Grant,2025-04-19,986,54.86,UK,RSU,54091.96,0.4,21636.78,Approved,Normal
TX505595,EMP11958,Grant,2026-07-12,2155,38.34,India,RSU,82622.7,0.2,16524.54,Approved,Normal
TX505596,EMP10739,Grant,2025-12-09,65,13.16,USA,RSU,855.4,0.4,342.16,Approved,Normal
TX505597,EMP10378,Grant,2025-08-26,1761,75.11,Germany,RSU,132268.71,0.2,26453.74,Pending Review,High Value
TX505598,EMP10668,Grant,2026-04-25,1208,63.04,UK,ESPP,76152.32,0.3,22845.7,Approved,Normal
TX505599,EMP11149,Grant,2025-01-07,1509,38.62,Singapore,Stock Option,58277.58,0.4,23311.03,Approved,Normal
TX505600,EMP11054,Exercise,2025-06-02,662,49.98,Germany,ESPP,33086.76,0.3,9926.03,Approved,Normal
TX505601,EMP10521,Exercise,2026-01-05,523,61.54,USA,ESPP,32185.42,0.2,6437.08,Approved,Normal
TX505602,EMP10193,Vesting,2025-06-29,1372,82.57,UK,RSU,113286.04,0.45,50978.72,Approved,High Value
TX505603,EMP11818,Sale,2026-11-08,1670,79.13,India,Performance Share,132147.1,0.45,59466.2,Approved,High Value
TX505604,EMP10205,Sale,2026-08-30,2230,90.01,USA,RSU,200722.3,0.2,40144.46,Approved,High Value
TX505605,EMP10500,Vesting,2026-09-09,1637,69.51,India,ESPP,113787.87,0.3,34136.36,Pending Review,High Value
TX505606,EMP10329,Exercise,2026-12-26,166,15.69,Germany,Performance Share,2604.54,0.3,781.36,Approved,Normal
TX505607,EMP10961,Exercise,2026-03-18,935,81.15,Germany,ESPP,75875.25,0.4,30350.1,Approved,Normal
TX505608,EMP10940,Sale,2026-10-03,1237,58.79,UK,RSU,72723.23,0.4,29089.29,Approved,Normal
TX505609,EMP10555,Grant,2026-05-07,1612,62.08,Germany,RSU,100072.96,0.4,40029.18,Approved,High Value
TX505610,EMP11329,Grant,2026-04-07,1711,33.66,UK,RSU,57592.26,0.2,11518.45,Approved,Normal
TX505611,EMP11623,Sale,2025-10-18,1848,48.99,India,RSU,90533.52,0.2,18106.7,Approved,Normal
TX505612,EMP10053,Vesting,2026-03-03,533,29.87,USA,Performance Share,15920.71,0.3,4776.21,Approved,Normal
TX505613,EMP10329,Cancellation,2025-12-15,1654,86.65,Germany,Performance Share,143319.1,0.3,42995.73,Approved,High Value
TX505614,EMP11618,Sale,2025-04-13,784,92.19,USA,RSU,72276.96,0.3,21683.09,Approved,Normal
TX505615,EMP11756,Sale,2025-06-16,515,46.01,UK,RSU,23695.15,0.4,9478.06,Pending Review,Normal
TX505616,EMP11906,Vesting,2025-12-24,432,81.42,USA,Stock Option,35173.44,0.3,10552.03,Pending Review,Normal
TX505617,EMP10569,Sale,2026-10-15,472,36.2,India,RSU,17086.4,0.4,6834.56,Approved,Normal
TX505618,EMP11714,Vesting,2025-05-05,1047,35.27,Singapore,RSU,36927.69,0.45,16617.46,Approved,Normal
TX505619,EMP10015,Cancellation,2025-09-11,1705,78.32,India,Performance Share,133535.6,0.4,53414.24,Approved,High Value
TX505620,EMP10339,Grant,2025-12-29,125,32.49,UK,Stock Option,4061.25,0.2,812.25,Approved,Normal
TX505621,EMP10131,Grant,2025-01-05,227,56.01,UK,ESPP,12714.27,0.2,2542.85,Approved,Normal
TX505622,EMP10812,Grant,2025-08-11,1169,24.39,Singapore,Stock Option,28511.91,0.2,5702.38,Approved,Normal
TX505623,EMP10611,Vesting,2026-05-03,1612,39.42,Singapore,ESPP,63545.04,0.3,19063.51,Approved,Normal
TX505624,EMP10033,Sale,2026-09-20,337,78.01,India,RSU,26289.37,0.4,10515.75,Approved,Normal
TX505625,EMP11053,Vesting,2026-12-31,945,20.99,India,RSU,19835.55,0.2,3967.11,Approved,Normal
TX505626,EMP11172,Exercise,2025-09-11,1676,75.38,Singapore,RSU,126336.88,0.3,37901.06,Pending Review,High Value
TX505627,EMP11135,Vesting,2025-10-31,1807,48.52,Singapore,RSU,87675.64,0.4,35070.26,Approved,Normal
TX505628,EMP99999,Exercise,2025-07-01,64,39.69,Singapore,RSU,2540.16,0.4,1016.06,Approved,Normal
TX505629,EMP10318,Cancellation,2026-02-05,1994,85.94,India,Performance Share,171364.36,0.3,51409.31,Approved,High Value
TX505630,EMP10161,Cancellation,2026-08-22,1045,53.87,UK,RSU,56294.15,0.2,11258.83,Approved,Normal
TX505631,EMP10383,Exercise,2026-01-29,1785,24.57,India,RSU,43857.45,0.2,8771.49,Approved,Normal
TX505632,EMP11134,Cancellation,2025-02-15,1315,81.89,India,ESPP,107685.35,0.4,43074.14,Approved,High Value
TX505633,EMP10353,Exercise,2026-11-13,1635,86.38,India,RSU,141231.3,0.2,28246.26,Approved,High Value
TX505634,EMP10577,Vesting,2026-10-27,2493,8.68,UK,ESPP,21639.24,0.4,8655.7,Approved,Normal
TX505635,EMP10171,Grant,2026-06-12,2078,68.78,UK,RSU,142924.84,0.2,28584.97,Approved,High Value
TX505636,EMP11269,Vesting,2026-05-20,1054,38.75,UK,RSU,40842.5,0.3,12252.75,Approved,Normal
TX505637,EMP11472,Vesting,2025-08-29,1357,51.21,USA,RSU,69491.97,0.2,13898.39,Approved,Normal
TX505638,EMP10310,Vesting,2026-02-22,2030,21.95,USA,RSU,44558.5,0.4,17823.4,Approved,Normal
TX505639,EMP10941,Vesting,2025-04-22,1480,32.29,USA,RSU,47789.2,0.45,21505.14,Approved,Normal
TX505640,EMP10427,Sale,2025-10-08,1421,70.65,UK,RSU,100393.65,0.3,30118.09,Approved,High Value
TX505641,EMP11404,Grant,2026-08-31,666,30.23,USA,RSU,20133.18,0.2,4026.64,Approved,Normal
TX505642,EMP11875,Grant,2026-11-10,1947,40.03,Australia,Performance Share,77938.41,0.3,23381.52,Pending Review,Normal
TX505643,EMP11660,Sale,2026-06-01,2399,88.76,India,Performance Share,212935.24,0.3,63880.57,Approved,High Value
TX505644,EMP10617,Vesting,2025-01-08,1304,12.48,UK,ESPP,16273.92,0.45,7323.26,Approved,Normal
TX505645,EMP10154,Vesting,2026-02-11,1601,25.94,India,RSU,41529.94,0.2,8305.99,Approved,Normal
TX505646,EMP11646,Exercise,2026-12-06,792,32.98,UK,RSU,26120.16,0.3,7836.05,Approved,Normal
TX505647,EMP11542,Sale,2026-06-11,1351,48.17,UK,RSU,65077.67,0.2,13015.53,Pending Review,Normal
TX505648,EMP11393,Exercise,2025-04-16,1927,30.27,USA,ESPP,58330.29,0.4,23332.12,Approved,Normal
TX505649,EMP10497,Vesting,2025-06-08,168,51.54,UK,Stock Option,8658.72,0.4,3463.49,Approved,Normal
TX505650,EMP11684,Exercise,2025-04-18,1255,16.66,India,ESPP,20908.3,0.2,4181.66,Approved,Normal
TX505651,EMP10864,Sale,2025-02-18,2417,49.78,India,RSU,120318.26,0.2,24063.65,Approved,High Value
TX505652,EMP10440,Grant,2025-02-13,76,43.52,India,RSU,3307.52,0.3,992.26,Approved,Normal
TX505653,EMP11125,Sale,2026-06-27,1816,31.3,USA,ESPP,56840.8,0.2,11368.16,Approved,Normal
TX505654,EMP11667,Sale,2026-01-26,2398,13.55,India,ESPP,32492.9,0.45,14621.8,Approved,Normal
TX505655,EMP11258,Exercise,2025-10-02,1545,50.88,India,Stock Option,78609.6,0.3,23582.88,Approved,Normal
TX505656,EMP10495,Vesting,2026-09-29,1604,73.49,USA,ESPP,117877.96,0.3,35363.39,Approved,High Value
TX505657,EMP10062,Exercise,2025-01-25,876,72.79,USA,RSU,63764.04,0.4,25505.62,Approved,Normal
TX505658,EMP10336,Exercise,2026-04-08,1653,26.8,Australia,RSU,44300.4,0.3,13290.12,Approved,Normal
TX505659,EMP10763,Grant,2025-05-05,968,81.17,USA,Performance Share,78572.56,0.3,23571.77,Approved,Normal
TX505660,EMP10686,Sale,2025-10-14,1327,91.49,Australia,Stock Option,121407.23,0.2,24281.45,Approved,High Value
TX505661,EMP11490,Grant,2026-05-15,2198,40.58,UK,RSU,89194.84,0.2,17838.97,Approved,Normal
TX505662,EMP10471,Sale,2026-11-21,109,68.24,UK,RSU,7438.16,0.4,2975.26,Approved,Normal
TX505663,EMP11764,Sale,2025-08-04,952,69.88,Germany,ESPP,66525.76,0.3,19957.73,Approved,Normal
TX505664,EMP10530,Sale,2026-05-18,492,36.12,India,Performance Share,17771.04,0.45,7996.97,Approved,Normal
TX505665,EMP10031,Vesting,2026-09-20,133,47.04,UK,ESPP,6256.32,0.4,2502.53,Approved,Normal
TX505666,EMP11329,Vesting,2025-12-13,1047,70.41,UK,RSU,73719.27,0.3,22115.78,Approved,Normal
TX505667,EMP10557,Sale,2025-10-06,2232,18.95,UK,ESPP,42296.4,0.2,8459.28,Approved,Normal
TX505668,EMP11571,Grant,2026-12-02,2332,64.51,India,Stock Option,150437.32,0.45,67696.79,Approved,High Value
TX505669,EMP11063,Sale,2025-06-04,1281,56.48,India,RSU,72350.88,0.4,28940.35,Approved,Normal
TX505670,EMP11489,Exercise,2026-11-08,507,75.38,UK,RSU,38217.66,0.3,11465.3,Approved,Normal
TX505671,EMP10322,Cancellation,2026-01-08,1031,30.86,USA,ESPP,31816.66,0.3,9545.0,Approved,Normal
TX505672,EMP11796,Exercise,2026-11-11,473,63.98,USA,ESPP,30262.54,0.3,9078.76,Approved,Normal
TX505673,EMP11028,Vesting,2026-06-14,452,67.03,UK,RSU,30297.56,0.4,12119.02,Approved,Normal
TX505674,EMP10685,Grant,2026-09-07,1773,45.49,Germany,RSU,80653.77,0.3,24196.13,Approved,Normal
TX505675,EMP11835,Sale,2026-08-12,2440,24.95,USA,Performance Share,60878.0,0.4,24351.2,Approved,Normal
TX505676,EMP10356,Cancellation,2026-10-07,2305,73.81,UK,Stock Option,170132.05,0.4,68052.82,Approved,High Value
TX505677,EMP11354,Sale,2025-06-06,1360,9.96,USA,Stock Option,13545.6,0.2,2709.12,Approved,Normal
TX505678,EMP10359,Sale,2026-07-11,1116,62.57,Singapore,Performance Share,69828.12,0.3,20948.44,Approved,Normal
TX505679,EMP10906,Grant,2025-01-16,661,69.97,India,ESPP,46250.17,0.2,9250.03,Approved,Normal
TX505680,EMP11695,Vesting,2025-11-17,1269,76.65,India,RSU,97268.85,0.4,38907.54,Approved,Normal
TX505681,EMP11735,Cancellation,2025-11-05,2497,76.0,Germany,Performance Share,189772.0,0.2,37954.4,Approved,High Value
TX505682,EMP10817,Sale,2026-12-27,1218,90.62,Germany,Performance Share,110375.16,0.4,44150.06,Approved,High Value
TX505683,EMP10314,Grant,2026-10-28,2288,49.24,Australia,ESPP,112661.12,0.2,22532.22,Approved,High Value
TX505684,EMP11300,Sale,2025-09-17,239,45.64,USA,RSU,10907.96,0.3,3272.39,Approved,Normal
TX505685,EMP11687,Cancellation,2026-11-14,2499,80.52,UK,Performance Share,201219.48,0.2,40243.9,Approved,High Value
TX505686,EMP11914,Exercise,2026-01-18,1338,79.95,India,RSU,106973.1,0.3,32091.93,Approved,High Value
TX505687,EMP10671,Vesting,2025-10-22,2337,61.91,Australia,Performance Share,144683.67,0.2,28936.73,Approved,High Value
TX505688,EMP11584,Exercise,2026-02-04,424,24.8,Australia,RSU,10515.2,0.3,3154.56,Approved,Normal
TX505689,EMP11966,Exercise,2026-09-15,514,30.97,Australia,Performance Share,15918.58,0.4,6367.43,Approved,Normal
TX505690,EMP10345,Grant,2026-11-16,281,29.33,UK,RSU,8241.73,0.3,2472.52,Approved,Normal
TX505691,EMP11161,Grant,2026-01-09,917,22.9,India,Performance Share,20999.3,0.4,8399.72,Approved,Normal
TX505692,EMP11513,Exercise,2026-01-20,1041,61.63,USA,RSU,64156.83,0.3,19247.05,Approved,Normal
TX505693,EMP11806,Sale,2026-11-24,2212,22.18,Australia,ESPP,49062.16,0.2,9812.43,Approved,Normal
TX505694,EMP11943,Grant,2025-01-10,521,72.28,India,Stock Option,37657.88,0.2,7531.58,Pending Review,Normal
TX505695,EMP11478,Vesting,2025-05-11,123,81.03,Germany,RSU,9966.69,0.4,3986.68,Approved,Normal
TX505696,EMP11707,Vesting,2026-09-17,432,91.18,India,RSU,39389.76,0.2,7877.95,Approved,Normal
TX505697,EMP11657,Vesting,2026-10-05,2469,83.38,India,ESPP,205865.22,0.3,61759.57,Approved,High Value
TX505698,EMP10514,Exercise,2025-07-15,2301,41.55,Germany,ESPP,95606.55,0.4,38242.62,Approved,Normal
TX505699,EMP10390,Cancellation,2025-01-15,711,92.28,USA,RSU,65611.08,0.2,13122.22,Approved,Normal
TX505700,EMP11232,Exercise,2026-07-23,1642,74.41,Singapore,RSU,122181.22,0.2,24436.24,Approved,High Value
TX505701,EMP10054,Vesting,2026-11-20,612,29.26,USA,RSU,17907.12,0.4,7162.85,Approved,Normal
TX505702,EMP10063,Sale,2026-12-30,70,62.62,UK,Performance Share,4383.4,0.45,1972.53,Approved,Normal
TX505703,EMP10374,Sale,2026-10-28,1831,92.85,UK,Stock Option,170008.35,0.2,34001.67,Approved,High Value
TX505704,EMP10426,Grant,2026-09-01,709,32.47,Germany,Stock Option,23021.23,0.3,6906.37,Approved,Normal
TX505705,EMP11881,Grant,2025-01-31,860,57.5,Germany,ESPP,49450.0,0.4,0.0,Approved,Normal
TX505706,EMP10544,Exercise,2026-11-04,1608,72.9,UK,RSU,117223.2,0.2,23444.64,Approved,High Value
TX505707,EMP10116,Sale,2026-11-15,459,91.16,Germany,Stock Option,41842.44,0.3,12552.73,Approved,Normal
TX505708,EMP11788,Grant,2025-08-26,87,51.35,India,Stock Option,4467.45,0.3,1340.24,Approved,Normal
TX505709,EMP10279,Vesting,2026-05-25,523,39.51,UK,RSU,20663.73,0.3,6199.12,Approved,Normal
TX505710,EMP11065,Exercise,2025-04-07,2019,60.56,Singapore,RSU,122270.64,0.3,36681.19,Pending Review,High Value
TX505711,EMP11600,Vesting,2025-05-17,1963,48.89,India,RSU,95971.07,0.2,19194.21,Approved,Normal
TX505712,EMP11566,Vesting,2026-08-31,1059,83.92,Germany,RSU,88871.28,0.2,17774.26,Approved,Normal
TX505713,EMP10945,Grant,2025-10-18,1661,69.35,UK,RSU,115190.35,0.4,46076.14,Pending Review,High Value
TX505714,EMP11665,Sale,2026-11-15,990,75.9,USA,RSU,75141.0,0.2,15028.2,Approved,Normal
TX505715,EMP11945,Vesting,2025-09-04,1530,72.35,USA,RSU,110695.5,0.2,22139.1,Approved,High Value
TX505716,EMP11042,Sale,2026-05-03,1006,89.24,Singapore,Performance Share,89775.44,0.45,40398.95,Approved,Normal
TX505717,EMP11637,Vesting,2025-11-07,486,45.89,USA,Performance Share,22302.54,0.2,4460.51,Approved,Normal
TX505718,EMP11299,Sale,2026-05-02,2267,77.15,India,ESPP,174899.05,0.4,69959.62,Approved,High Value
TX505719,EMP10692,Sale,2025-04-02,1895,23.91,USA,Performance Share,45309.45,0.3,13592.84,Approved,Normal
TX505720,EMP11932,Grant,2025-10-19,31,69.03,India,ESPP,2139.93,0.2,427.99,Approved,Normal
TX505721,EMP11053,Cancellation,2025-05-05,2207,65.17,India,RSU,143830.19,0.2,28766.04,Approved,High Value
TX505722,EMP10105,Exercise,2025-06-09,1807,48.14,USA,Performance Share,86988.98,0.45,39145.04,Approved,Normal
TX505723,EMP11062,Exercise,2026-09-02,222,26.03,UK,Stock Option,5778.66,0.2,1155.73,Approved,Normal
TX505724,EMP10129,Vesting,2025-01-24,1649,7.44,Germany,Stock Option,12268.56,0.3,3680.57,Pending Review,Normal
TX505725,EMP11597,Exercise,2025-02-19,668,45.27,India,Performance Share,30240.36,0.2,0.0,Pending Review,Normal
TX505726,EMP11027,Exercise,2025-02-22,551,80.88,USA,ESPP,44564.88,0.3,13369.46,Approved,Normal
TX505727,EMP10688,Sale,2026-08-20,1036,23.71,UK,ESPP,24563.56,0.2,4912.71,Approved,Normal
TX505728,EMP10241,Grant,2026-07-11,901,26.64,Australia,RSU,24002.64,0.4,9601.06,Approved,Normal
TX505729,EMP11934,Sale,2025-01-08,163,94.95,UK,RSU,15476.85,0.2,3095.37,Approved,Normal
TX505730,EMP11745,Grant,2026-02-11,2346,53.39,India,Performance Share,125252.94,0.2,25050.59,Approved,High Value
TX505731,EMP11402,Sale,2026-05-13,1718,23.93,UK,RSU,41111.74,0.3,12333.52,Approved,Normal
TX505732,EMP10732,Cancellation,2025-03-28,295,52.28,Germany,RSU,15422.6,0.3,4626.78,Approved,Normal
TX505733,EMP11001,Sale,2026-01-27,278,77.13,UK,RSU,21442.14,0.4,8576.86,Approved,Normal
TX505734,EMP10346,Sale,2025-11-19,541,36.2,Australia,ESPP,19584.2,0.3,5875.26,Approved,Normal
TX505735,EMP11990,Sale,2025-07-01,706,45.04,India,RSU,31798.24,0.2,6359.65,Approved,Normal
TX505736,EMP11167,Exercise,2026-09-28,1486,32.07,UK,ESPP,47656.02,0.3,14296.81,Approved,Normal
TX505737,EMP10777,Exercise,2026-04-16,756,58.66,India,RSU,44346.96,0.2,8869.39,Approved,Normal
TX505738,EMP10731,Vesting,2025-09-19,1198,16.1,India,Performance Share,19287.8,0.2,3857.56,Approved,Normal
TX505739,EMP10445,Exercise,2026-08-09,982,80.06,Germany,Performance Share,78618.92,0.3,23585.68,Approved,Normal
TX505740,EMP11704,Grant,2026-03-19,1786,74.08,Singapore,Performance Share,132306.88,0.4,52922.75,Approved,High Value
TX505741,EMP11596,Sale,2026-10-31,1879,38.44,India,ESPP,72228.76,0.3,21668.63,Approved,Normal
TX505742,EMP10430,Grant,2025-02-05,460,48.52,India,Performance Share,22319.2,0.45,10043.64,Approved,Normal
TX505743,EMP10374,Exercise,2026-08-17,324,43.03,UK,Stock Option,13941.72,0.45,6273.77,Approved,Normal
TX505744,EMP10907,Vesting,2026-04-21,2431,28.58,Australia,RSU,69477.98,0.2,13895.6,Approved,Normal
TX505745,EMP11392,Grant,2025-05-26,1633,61.82,India,Performance Share,100952.06,0.2,20190.41,Approved,High Value
TX505746,EMP10214,Sale,2025-07-16,1038,12.53,USA,Stock Option,13006.14,0.3,3901.84,Approved,Normal
TX505747,EMP10263,Sale,2025-08-19,1912,84.35,UK,ESPP,161277.2,0.3,48383.16,Approved,High Value
TX505748,EMP10035,Vesting,2025-03-14,1755,45.76,India,Performance Share,80308.8,0.3,24092.64,Approved,Normal
TX505749,EMP10220,Cancellation,2026-11-21,736,63.64,UK,RSU,46839.04,0.3,14051.71,Approved,Normal
TX505750,EMP10628,Exercise,2026-12-30,1278,76.14,UK,Stock Option,97306.92,0.3,29192.08,Pending Review,Normal
TX505751,EMP11001,Vesting,2025-08-29,2234,58.95,UK,RSU,131694.3,0.2,26338.86,Approved,High Value
TX505752,EMP11361,Sale,2026-04-09,1172,39.22,India,Stock Option,45965.84,0.2,9193.17,Approved,Normal
TX505753,EMP11331,Cancellation,2026-12-12,274,48.1,Australia,RSU,13179.4,0.2,2635.88,Pending Review,Normal
TX505754,EMP11438,Grant,2026-01-10,1816,16.49,UK,Performance Share,29945.84,0.2,5989.17,Pending Review,Normal
TX505755,EMP11429,Exercise,2026-12-19,2280,58.53,Germany,RSU,133448.4,0.2,26689.68,Pending Review,High Value
TX505756,EMP11598,Vesting,2026-02-17,1954,13.71,Australia,RSU,26789.34,0.45,12055.2,Approved,Normal
TX505757,EMP10303,Vesting,2025-09-07,1828,38.63,UK,ESPP,70615.64,0.2,14123.13,Approved,Normal
TX505758,EMP10767,Grant,2025-11-07,1295,60.38,Australia,ESPP,78192.1,0.45,35186.45,Approved,Normal
TX505759,EMP10247,Vesting,2026-12-05,149,21.23,India,RSU,3163.27,0.2,632.65,Pending Review,Normal
TX505760,EMP10422,Vesting,2026-03-04,966,59.34,Germany,RSU,57322.44,0.3,17196.73,Approved,Normal
TX505761,EMP10394,Vesting,2026-11-30,1432,63.93,USA,RSU,91547.76,0.3,27464.33,Pending Review,Normal
TX505762,EMP10385,Vesting,2025-11-16,2312,16.92,India,RSU,39119.04,0.2,7823.81,Approved,Normal
TX505763,EMP11226,Sale,2026-10-04,1381,6.88,USA,RSU,9501.28,0.2,1900.26,Approved,Normal
TX505764,EMP11962,Cancellation,2025-05-15,1063,58.08,India,ESPP,61739.04,0.45,27782.57,Approved,Normal
TX505765,EMP10698,Cancellation,2025-01-06,44,83.78,Germany,Performance Share,3686.32,0.2,737.26,Approved,Normal
TX505766,EMP11661,Exercise,2025-05-13,1673,65.29,UK,RSU,109230.17,0.2,21846.03,Approved,High Value
TX505767,EMP11229,Exercise,2026-06-22,313,22.69,UK,Performance Share,7101.97,0.2,1420.39,Approved,Normal
TX505768,EMP11599,Sale,2025-03-03,1085,47.38,Germany,Performance Share,51407.3,0.4,20562.92,Approved,Normal
TX505769,EMP10467,Vesting,2026-04-03,550,22.07,India,Performance Share,12138.5,0.3,3641.55,Approved,Normal
TX505770,EMP11345,Grant,2026-07-25,649,82.54,Germany,RSU,53568.46,0.4,21427.38,Approved,Normal
TX505771,EMP10982,Exercise,2025-11-29,785,57.5,India,Performance Share,45137.5,0.4,18055.0,Approved,Normal
TX505772,EMP10368,Exercise,2025-03-25,624,9.78,UK,Stock Option,6102.72,0.45,2746.22,Approved,Normal
TX505773,EMP10049,Grant,2025-07-21,769,38.48,UK,Performance Share,29591.12,0.3,8877.34,Approved,Normal
TX505774,EMP10728,Grant,2025-05-12,1273,77.19,USA,Performance Share,98262.87,0.45,44218.29,Approved,Normal
TX505775,EMP10663,Exercise,2025-04-02,674,13.36,USA,RSU,9004.64,0.2,1800.93,Approved,Normal
TX505776,EMP11504,Grant,2026-05-16,2486,13.82,USA,ESPP,34356.52,0.3,10306.96,Approved,Normal
TX505777,EMP10877,Sale,2025-05-25,1877,56.6,USA,ESPP,106238.2,0.3,31871.46,Approved,High Value
TX505778,EMP11863,Vesting,2026-10-09,651,20.21,Germany,Performance Share,13156.71,0.2,2631.34,Pending Review,Normal
TX505779,EMP11355,Exercise,2026-02-22,2201,61.65,UK,Performance Share,135691.65,0.2,27138.33,Pending Review,High Value
TX505780,EMP10208,Exercise,2025-03-21,81,49.05,USA,Performance Share,3973.05,0.2,794.61,Pending Review,Normal
TX505781,EMP11303,Grant,2026-07-30,428,27.28,India,Performance Share,11675.84,0.2,2335.17,Approved,Normal
TX505782,EMP10394,Sale,2026-03-03,2480,73.13,USA,RSU,181362.4,0.2,36272.48,Approved,High Value
TX505783,EMP10191,Sale,2026-10-12,74,80.32,UK,Performance Share,5943.68,0.3,1783.1,Approved,Normal
TX505784,EMP10725,Sale,2025-11-29,815,13.0,USA,Stock Option,10595.0,0.2,2119.0,Approved,Normal
TX505785,EMP10146,Vesting,2026-06-04,2215,13.71,UK,RSU,30367.65,0.3,9110.3,Approved,Normal
TX505786,EMP10826,Grant,2025-03-08,841,76.24,India,Performance Share,64117.84,0.2,12823.57,Approved,Normal
TX505787,EMP11574,Vesting,2025-03-04,1826,23.41,Australia,RSU,42746.66,0.45,19236.0,Approved,Normal
TX505788,EMP11985,Sale,2025-05-18,263,90.64,India,Stock Option,23838.32,0.45,10727.24,Approved,Normal
TX505789,EMP10339,Vesting,2026-06-02,2069,66.28,UK,Stock Option,137133.32,0.2,27426.66,Approved,High Value
TX505790,EMP11729,Grant,2026-07-23,2228,72.48,UK,Performance Share,161485.44,0.4,64594.18,Approved,High Value
TX505791,EMP11529,Sale,2026-09-15,1707,34.92,UK,Stock Option,59608.44,0.4,23843.38,Approved,Normal
TX505792,EMP10471,Exercise,2026-11-26,60,12.43,UK,RSU,745.8,0.3,223.74,Approved,Normal
TX505793,EMP11274,Sale,2025-07-08,1035,51.77,Singapore,ESPP,53581.95,0.2,10716.39,Approved,Normal
TX505794,EMP11915,Vesting,2026-03-13,1425,16.51,India,RSU,23526.75,0.2,4705.35,Approved,Normal
TX505795,EMP11292,Grant,2026-07-15,2253,84.98,Germany,Stock Option,191459.94,0.2,38291.99,Approved,High Value
TX505796,EMP11556,Grant,2025-01-28,1454,90.73,Singapore,Stock Option,131921.42,0.3,39576.43,Approved,High Value
TX505797,EMP10530,Cancellation,2026-02-26,2097,22.19,India,Performance Share,46532.43,0.3,13959.73,Approved,Normal
TX505798,EMP10208,Exercise,2025-08-11,416,76.87,USA,Performance Share,31977.92,0.4,12791.17,Pending Review,Normal
TX505799,EMP11590,Grant,2026-04-15,1660,10.11,India,RSU,16782.6,0.2,3356.52,Approved,Normal
TX505800,EMP10298,Exercise,2025-08-31,802,43.5,UK,ESPP,34887.0,0.2,6977.4,Approved,Normal
TX505801,EMP11938,Exercise,2026-01-20,198,41.49,India,Stock Option,8215.02,0.2,1643.0,Approved,Normal
TX505802,EMP11835,Vesting,2026-11-27,2319,40.63,USA,Performance Share,94220.97,0.2,0.0,Approved,Normal
TX505803,EMP11545,Grant,2025-07-17,1468,77.82,UK,Performance Share,114239.76,0.45,51407.89,Approved,High Value
TX505804,EMP10654,Grant,2026-01-29,635,56.49,Germany,Performance Share,35871.15,0.3,10761.34,Approved,Normal
TX505805,EMP11599,Exercise,2025-03-11,1353,23.04,Germany,Performance Share,31173.12,0.4,12469.25,Approved,Normal
TX505806,EMP11580,Cancellation,2026-10-31,2430,76.94,USA,ESPP,186964.2,0.4,74785.68,Approved,High Value
TX505807,EMP11834,Vesting,2025-11-17,971,18.66,USA,RSU,18118.86,0.3,5435.66,Approved,Normal
TX505808,EMP11416,Cancellation,2025-09-21,2092,80.35,Germany,RSU,168092.2,0.2,33618.44,Approved,High Value
TX505809,EMP11608,Grant,2026-10-15,475,91.16,UK,RSU,43301.0,0.4,17320.4,Approved,Normal
TX505810,EMP11518,Exercise,2025-05-30,373,51.96,USA,RSU,19381.08,0.3,5814.32,Approved,Normal
TX505811,EMP10544,Vesting,2026-06-12,1896,25.84,UK,RSU,48992.64,0.2,9798.53,Approved,Normal
TX505812,EMP11268,Exercise,2025-01-27,1275,32.41,UK,Performance Share,41322.75,0.3,12396.82,Approved,Normal
TX505813,EMP11938,Vesting,2026-03-06,1408,5.81,India,Stock Option,8180.48,0.2,1636.1,Pending Review,Normal
TX505814,EMP11456,Vesting,2026-03-11,1920,85.6,USA,Performance Share,164352.0,0.3,49305.6,Pending Review,High Value
TX505815,EMP10786,Cancellation,2025-09-02,796,77.94,USA,Stock Option,62040.24,0.3,18612.07,Approved,Normal
TX505816,EMP11229,Vesting,2026-04-24,689,6.52,UK,Performance Share,4492.28,0.45,2021.53,Pending Review,Normal
TX505817,EMP11355,Exercise,2026-08-07,1562,57.43,UK,Performance Share,89705.66,0.3,26911.7,Pending Review,Normal
TX505818,EMP10981,Exercise,2025-12-08,2411,41.5,India,RSU,100056.5,0.3,30016.95,Approved,High Value
TX505819,EMP11246,Sale,2026-05-13,1887,80.09,Australia,RSU,151129.83,0.45,68008.42,Approved,High Value
TX505820,EMP10502,Cancellation,2026-07-09,269,25.99,India,RSU,6991.31,0.2,1398.26,Approved,Normal
TX505821,EMP11424,Sale,2025-04-30,911,44.57,Singapore,Performance Share,40603.27,0.2,8120.65,Approved,Normal
TX505822,EMP10284,Exercise,2025-07-07,2020,18.93,UK,RSU,38238.6,0.3,11471.58,Approved,Normal
TX505823,EMP11222,Sale,2025-09-10,1486,47.64,USA,Stock Option,70793.04,0.3,21237.91,Approved,Normal
TX505824,EMP11005,Sale,2025-07-31,372,75.09,India,Stock Option,27933.48,0.4,11173.39,Approved,Normal
TX505825,EMP10432,Vesting,2025-04-11,1925,76.97,Germany,RSU,148167.25,0.4,59266.9,Pending Review,High Value
TX505826,EMP10946,Grant,2025-02-17,2236,74.59,Singapore,RSU,166783.24,0.4,66713.3,Approved,High Value
TX505827,EMP10901,Exercise,2025-11-11,1306,26.72,Singapore,RSU,34896.32,0.3,10468.9,Approved,Normal
TX505828,EMP11778,Cancellation,2025-03-13,275,74.32,UK,Performance Share,20438.0,0.3,6131.4,Approved,Normal
TX505829,EMP10226,Grant,2026-07-10,504,39.18,India,ESPP,19746.72,0.3,5924.02,Approved,Normal
TX505830,EMP11448,Sale,2025-12-06,1380,29.63,UK,Performance Share,40889.4,0.4,16355.76,Approved,Normal
TX505831,EMP10097,Sale,2026-02-22,873,18.81,Singapore,Performance Share,16421.13,0.3,4926.34,Approved,Normal
TX505832,EMP11941,Vesting,2026-01-03,157,78.57,Germany,Stock Option,12335.49,0.2,2467.1,Approved,Normal
TX505833,EMP10129,Cancellation,2025-02-06,1143,40.21,Germany,Stock Option,45960.03,0.4,18384.01,Approved,Normal
TX505834,EMP10972,Cancellation,2026-10-27,1856,32.68,Australia,RSU,60654.08,0.2,12130.82,Approved,Normal
TX505835,EMP10335,Sale,2025-04-05,406,6.11,UK,Stock Option,2480.66,0.2,496.13,Approved,Normal
TX505836,EMP11916,Grant,2026-10-16,1266,11.09,Singapore,Performance Share,14039.94,0.2,2807.99,Approved,Normal
TX505837,EMP11915,Grant,2026-01-14,1256,80.11,India,RSU,100618.16,0.3,30185.45,Approved,High Value
TX505838,EMP11684,Exercise,2026-02-11,972,74.3,India,ESPP,72219.6,0.2,14443.92,Approved,Normal
TX505839,EMP11880,Grant,2026-09-29,1973,58.13,Australia,Performance Share,114690.49,0.3,34407.15,Approved,High Value
TX505840,EMP11195,Grant,2025-08-17,34,90.19,USA,ESPP,3066.46,0.4,1226.58,Approved,Normal
TX505841,EMP10365,Vesting,2025-12-26,542,22.54,Germany,Performance Share,12216.68,0.3,3665.0,Approved,Normal
TX505842,EMP11941,Exercise,2026-12-25,1537,49.79,Germany,Stock Option,76527.23,0.2,15305.45,Approved,Normal
TX505843,EMP10251,Vesting,2025-05-03,1564,92.57,Australia,ESPP,144779.48,0.3,43433.84,Approved,High Value
TX505844,EMP10896,Grant,2025-12-15,1429,33.88,Singapore,RSU,48414.52,0.3,14524.36,Approved,Normal
TX505845,EMP10599,Exercise,2025-06-13,1883,33.21,UK,RSU,62534.43,0.2,12506.89,Pending Review,Normal
TX505846,EMP11993,Exercise,2026-07-04,1683,51.76,UK,RSU,87112.08,0.2,17422.42,Approved,Normal
TX505847,EMP10178,Vesting,2025-04-14,1741,14.01,India,RSU,24391.41,0.4,9756.56,Approved,Normal
TX505848,EMP11060,Cancellation,2026-05-14,1869,82.29,USA,Performance Share,153800.01,0.45,0.0,Approved,High Value
TX505849,EMP11123,Sale,2025-01-04,2445,7.47,Singapore,Stock Option,18264.15,0.2,3652.83,Approved,Normal
TX505850,EMP10682,Grant,2025-12-21,2347,71.31,UK,RSU,167364.57,0.4,66945.83,Approved,High Value
TX505851,EMP11113,Grant,2025-04-29,1175,39.23,India,RSU,46095.25,0.2,9219.05,Approved,Normal
TX505852,EMP11176,Vesting,2025-08-30,2200,89.28,UK,RSU,196416.0,0.2,39283.2,Approved,High Value
TX505853,EMP10652,Grant,2026-12-22,1043,14.7,Australia,Stock Option,15332.1,0.2,3066.42,Approved,Normal
TX505854,EMP11297,Exercise,2026-06-28,448,79.99,Australia,ESPP,35835.52,0.2,7167.1,Approved,Normal
TX505855,EMP10048,Exercise,2025-06-21,336,63.44,Germany,ESPP,21315.84,0.3,6394.75,Approved,Normal
TX505856,EMP10709,Cancellation,2025-09-19,127,47.06,India,ESPP,5976.62,0.2,1195.32,Approved,Normal
TX505857,EMP11575,Grant,2026-02-09,1369,10.16,USA,RSU,13909.04,0.2,2781.81,Approved,Normal
TX505858,EMP10863,Cancellation,2026-03-15,1834,29.68,UK,Stock Option,54433.12,0.3,16329.94,Approved,Normal
TX505859,EMP11783,Sale,2026-03-02,982,5.71,Australia,RSU,5607.22,0.4,2242.89,Approved,Normal
TX505860,EMP11631,Vesting,2026-02-18,1026,48.12,Germany,Stock Option,49371.12,0.3,14811.34,Approved,Normal
TX505861,EMP10239,Vesting,2025-03-24,2315,68.44,USA,RSU,158438.6,0.3,47531.58,Approved,High Value
TX505862,EMP10287,Sale,2025-05-16,2310,40.35,Singapore,RSU,93208.5,0.3,27962.55,Pending Review,Normal
TX505863,EMP10560,Exercise,2025-06-17,149,49.21,UK,RSU,7332.29,0.3,2199.69,Approved,Normal
TX505864,EMP11550,Sale,2025-09-22,1683,91.89,UK,Performance Share,154650.87,0.2,30930.17,Approved,High Value
TX505865,EMP11821,Sale,2025-10-26,1607,82.19,UK,Stock Option,132079.33,0.2,26415.87,Approved,High Value
TX505866,EMP10368,Exercise,2026-02-22,117,20.95,UK,Stock Option,2451.15,0.2,490.23,Approved,Normal
TX505867,EMP11274,Sale,2025-11-28,1241,65.81,Singapore,ESPP,81670.21,0.2,16334.04,Approved,Normal
TX505868,EMP11224,Sale,2025-06-24,303,92.14,Australia,RSU,27918.42,0.4,11167.37,Pending Review,Normal
TX505869,EMP11781,Vesting,2025-03-04,2130,29.72,UK,Performance Share,63303.6,0.4,25321.44,Approved,Normal
TX505870,EMP11892,Sale,2025-06-01,1702,84.82,Germany,Stock Option,144363.64,0.45,64963.64,Approved,High Value
TX505871,EMP10132,Vesting,2025-10-24,251,28.49,Australia,RSU,7150.99,0.2,1430.2,Approved,Normal
TX505872,EMP11346,Cancellation,2026-09-29,2489,33.87,UK,Stock Option,84302.43,0.2,16860.49,Approved,Normal
TX505873,EMP10298,Vesting,2026-04-29,776,68.29,UK,ESPP,52993.04,0.2,10598.61,Approved,Normal
TX505874,EMP10126,Vesting,2026-02-03,1927,83.68,UK,RSU,161251.36,0.4,64500.54,Approved,High Value
TX505875,EMP11081,Cancellation,2025-10-03,2154,73.16,India,RSU,157586.64,0.45,70913.99,Approved,High Value
TX505876,EMP11528,Grant,2026-11-25,1944,36.35,UK,RSU,70664.4,0.3,21199.32,Approved,Normal
TX505877,EMP10585,Cancellation,2025-08-16,48,9.88,India,RSU,474.24,0.2,94.85,Approved,Normal
TX505878,EMP11514,Grant,2025-09-01,2322,68.09,USA,RSU,158104.98,0.3,47431.49,Approved,High Value
TX505879,EMP11962,Sale,2026-01-05,805,39.48,India,ESPP,31781.4,0.2,6356.28,Approved,Normal
TX505880,EMP11900,Exercise,2025-08-09,2424,16.74,India,Performance Share,40577.76,0.3,12173.33,Approved,Normal
TX505881,EMP10972,Exercise,2025-05-07,1555,16.74,Australia,RSU,26030.7,0.3,7809.21,Approved,Normal
TX505882,EMP11898,Vesting,2025-12-18,2401,13.87,USA,Performance Share,33301.87,0.45,14985.84,Approved,Normal
TX505883,EMP11345,Sale,2026-01-21,252,36.29,Germany,RSU,9145.08,0.4,3658.03,Pending Review,Normal
TX505884,EMP11166,Sale,2025-02-13,1200,60.84,Singapore,Performance Share,73008.0,0.45,32853.6,Approved,Normal
TX505885,EMP11030,Cancellation,2026-04-20,818,22.74,Germany,Stock Option,18601.32,0.45,8370.59,Approved,Normal
TX505886,EMP11740,Vesting,2025-09-07,1585,63.89,UK,RSU,101265.65,0.2,20253.13,Approved,High Value
TX505887,EMP10391,Vesting,2026-11-20,2339,36.55,India,ESPP,85490.45,0.4,34196.18,Approved,Normal
TX505888,EMP10302,Exercise,2025-10-25,669,49.04,India,Stock Option,32807.76,0.4,13123.1,Approved,Normal
TX505889,EMP11502,Exercise,2026-04-19,1590,90.03,Germany,RSU,143147.7,0.45,64416.46,Approved,High Value
TX505890,EMP11896,Exercise,2025-08-28,1977,32.33,UK,RSU,63916.41,0.2,12783.28,Approved,Normal
TX505891,EMP10793,Grant,2026-10-12,312,15.13,India,Performance Share,4720.56,0.45,2124.25,Approved,Normal
TX505892,EMP11098,Grant,2025-01-23,1703,14.74,Germany,Stock Option,25102.22,0.4,10040.89,Approved,Normal
TX505893,EMP10752,Vesting,2025-05-20,2480,94.82,USA,RSU,235153.6,0.2,47030.72,Approved,High Value
TX505894,EMP11377,Vesting,2026-12-11,803,43.37,USA,RSU,34826.11,0.2,6965.22,Approved,Normal
TX505895,EMP11220,Sale,2025-07-19,1153,39.69,Australia,Performance Share,45762.57,0.3,13728.77,Pending Review,Normal
TX505896,EMP10978,Vesting,2025-05-06,1980,37.75,Singapore,RSU,74745.0,0.4,29898.0,Approved,Normal
TX505897,EMP11476,Grant,2026-01-18,1139,46.6,Germany,Stock Option,53077.4,0.4,21230.96,Approved,Normal
TX505898,EMP11643,Sale,2025-10-04,2259,48.0,India,ESPP,108432.0,0.3,32529.6,Approved,High Value
TX505899,EMP11240,Vesting,2025-09-15,2248,36.74,UK,RSU,82591.52,0.2,16518.3,Approved,Normal
TX505900,EMP10163,Vesting,2026-05-06,1231,18.06,Germany,ESPP,22231.86,0.3,6669.56,Approved,Normal
TX505901,EMP10540,Vesting,2026-08-24,1570,68.46,Australia,RSU,107482.2,0.2,21496.44,Approved,High Value
TX505902,EMP10407,Exercise,2026-03-20,355,94.67,Australia,RSU,33607.85,0.4,13443.14,Approved,Normal
TX505903,EMP11175,Grant,2025-11-05,625,37.48,India,RSU,23425.0,0.2,4685.0,Approved,Normal
TX505904,EMP10782,Vesting,2025-05-08,1725,77.33,USA,RSU,133394.25,0.3,40018.28,Approved,High Value
TX505905,EMP11683,Cancellation,2025-07-31,139,5.6,USA,RSU,778.4,0.4,311.36,Approved,Normal
TX505906,EMP10144,Vesting,2026-01-28,904,82.78,India,ESPP,74833.12,0.45,33674.9,Pending Review,Normal
TX505907,EMP11920,Cancellation,2025-12-20,2137,67.59,USA,RSU,144439.83,0.3,43331.95,Approved,High Value
TX505908,EMP11172,Vesting,2025-08-28,2100,32.27,Singapore,RSU,67767.0,0.3,20330.1,Approved,Normal
TX505909,EMP10976,Grant,2025-10-30,865,82.61,UK,RSU,71457.65,0.3,21437.3,Approved,Normal
TX505910,EMP11769,Sale,2025-04-06,1685,60.51,USA,RSU,101959.35,0.2,20391.87,Approved,High Value
TX505911,EMP11348,Vesting,2026-09-08,416,9.58,UK,RSU,3985.28,0.2,797.06,Approved,Normal
TX505912,EMP11991,Vesting,2026-12-05,2129,31.73,India,Stock Option,67553.17,0.3,20265.95,Approved,Normal
TX505913,EMP11518,Sale,2026-08-28,1644,8.63,USA,RSU,14187.72,0.3,4256.32,Pending Review,Normal
TX505914,EMP10828,Exercise,2025-02-07,1171,40.39,India,RSU,47296.69,0.2,9459.34,Approved,Normal
TX505915,EMP10697,Grant,2026-09-26,2252,21.42,USA,ESPP,48237.84,0.4,19295.14,Approved,Normal
TX505916,EMP10231,Sale,2025-01-08,2065,66.73,USA,Stock Option,137797.45,0.4,55118.98,Approved,High Value
TX505917,EMP11024,Vesting,2026-05-09,1922,10.41,India,Performance Share,20008.02,0.45,9003.61,Approved,Normal
TX505918,EMP10106,Exercise,2025-02-15,1308,66.8,Singapore,Performance Share,87374.4,0.4,34949.76,Approved,Normal
TX505919,EMP10348,Sale,2025-11-24,1529,53.85,UK,RSU,82336.65,0.4,32934.66,Approved,Normal
TX505920,EMP11514,Grant,2025-11-03,1496,32.15,USA,RSU,48096.4,0.4,19238.56,Approved,Normal
TX505921,EMP11464,Vesting,2026-01-30,2159,30.89,UK,Stock Option,66691.51,0.45,30011.18,Approved,Normal
TX505922,EMP10480,Exercise,2025-07-08,1460,13.08,UK,RSU,19096.8,0.3,5729.04,Approved,Normal
TX505923,EMP10557,Cancellation,2026-09-17,2221,50.81,UK,ESPP,112849.01,0.2,22569.8,Approved,High Value
TX505924,EMP10567,Sale,2025-04-06,1111,75.14,India,RSU,83480.54,0.45,37566.24,Approved,Normal
TX505925,EMP99999,Grant,2025-04-10,1365,42.71,UK,ESPP,58299.15,0.2,11659.83,Approved,Normal
TX505926,EMP11609,Sale,2026-07-01,234,29.77,UK,ESPP,6966.18,0.2,1393.24,Approved,Normal
TX505927,EMP11653,Vesting,2025-01-06,197,48.33,USA,RSU,9521.01,0.4,3808.4,Approved,Normal
TX505928,EMP10771,Grant,2025-04-20,1062,65.05,Singapore,RSU,69083.1,0.2,13816.62,Approved,Normal
TX505929,EMP99999,Vesting,2026-06-01,88,82.79,USA,Performance Share,7285.52,0.4,2914.21,Approved,Normal
TX505930,EMP11540,Vesting,2025-07-24,195,44.89,UK,Performance Share,8753.55,0.4,3501.42,Approved,Normal
TX505931,EMP11240,Exercise,2026-07-19,68,54.83,UK,RSU,3728.44,0.4,1491.38,Approved,Normal
TX505932,EMP11906,Sale,2026-10-16,296,10.05,USA,Stock Option,2974.8,0.4,1189.92,Approved,Normal
TX505933,EMP11804,Sale,2026-10-30,1658,45.67,USA,Stock Option,75720.86,0.3,22716.26,Approved,Normal
TX505934,EMP10184,Vesting,2026-07-03,428,87.42,UK,Performance Share,37415.76,0.2,7483.15,Approved,Normal
TX505935,EMP11529,Sale,2025-11-07,2361,50.54,UK,Stock Option,119324.94,0.2,23864.99,Pending Review,High Value
TX505936,EMP11831,Cancellation,2026-12-14,637,36.11,Australia,Performance Share,23002.07,0.4,9200.83,Approved,Normal
TX505937,EMP10915,Sale,2025-11-20,961,30.1,UK,RSU,28926.1,0.3,8677.83,Approved,Normal
TX505938,EMP11449,Vesting,2026-04-01,1811,17.48,USA,ESPP,31656.28,0.3,9496.88,Approved,Normal
TX505939,EMP11687,Sale,2026-08-10,1671,62.53,UK,Performance Share,104487.63,0.3,31346.29,Approved,High Value
TX505940,EMP11107,Vesting,2026-07-10,2066,11.35,UK,RSU,23449.1,0.3,7034.73,Approved,Normal
TX505941,EMP11480,Grant,2025-07-31,1653,47.15,UK,Performance Share,77938.95,0.3,23381.68,Approved,Normal
TX505942,EMP10523,Vesting,2025-04-03,2025,76.8,UK,ESPP,155520.0,0.3,46656.0,Approved,High Value
TX505943,EMP11644,Vesting,2025-04-09,1127,76.99,India,RSU,86767.73,0.3,26030.32,Approved,Normal
TX505944,EMP10014,Sale,2026-07-22,2283,72.95,UK,RSU,166544.85,0.3,49963.46,Approved,High Value
TX505945,EMP10380,Sale,2026-12-10,2275,27.05,USA,ESPP,61538.75,0.45,27692.44,Approved,Normal
TX505946,EMP11728,Sale,2025-08-01,850,19.14,USA,ESPP,16269.0,0.3,4880.7,Approved,Normal
TX505947,EMP10010,Grant,2026-10-19,2476,54.06,India,Stock Option,133852.56,0.3,40155.77,Approved,High Value
TX505948,EMP11901,Exercise,2026-09-16,1267,60.96,Singapore,Stock Option,77236.32,0.4,30894.53,Approved,Normal
TX505949,EMP11340,Vesting,2025-09-04,2213,88.73,UK,Stock Option,196359.49,0.2,39271.9,Approved,High Value
TX505950,EMP10612,Grant,2026-04-22,153,26.45,USA,Stock Option,4046.85,0.4,1618.74,Approved,Normal
TX505951,EMP10263,Vesting,2026-10-18,960,28.14,UK,ESPP,27014.4,0.45,12156.48,Approved,Normal
TX505952,EMP10233,Exercise,2025-12-25,370,50.78,Singapore,RSU,18788.6,0.2,3757.72,Approved,Normal
TX505953,EMP11752,Sale,2025-09-30,1684,75.08,USA,RSU,126434.72,0.4,50573.89,Approved,High Value
TX505954,EMP10361,Sale,2026-10-07,1105,41.97,UK,ESPP,46376.85,0.4,18550.74,Approved,Normal
TX505955,EMP11031,Vesting,2026-12-29,1876,47.65,UK,ESPP,89391.4,0.2,17878.28,Approved,Normal
TX505956,EMP10172,Sale,2026-05-07,58,87.32,UK,Stock Option,5064.56,0.3,1519.37,Approved,Normal
TX505957,EMP10299,Sale,2026-09-16,280,31.44,UK,RSU,8803.2,0.2,1760.64,Approved,Normal
TX505958,EMP11568,Vesting,2026-08-18,1236,50.27,Germany,ESPP,62133.72,0.4,24853.49,Approved,Normal
TX505959,EMP11740,Exercise,2025-01-01,1388,81.52,UK,RSU,113149.76,0.4,45259.9,Approved,High Value
TX505960,EMP11426,Grant,2026-10-25,1823,46.99,USA,Stock Option,85662.77,0.4,34265.11,Approved,Normal
TX505961,EMP10911,Cancellation,2025-11-07,1379,72.97,USA,ESPP,100625.63,0.2,20125.13,Approved,High Value
TX505962,EMP10285,Sale,2025-04-24,475,72.12,Germany,Performance Share,34257.0,0.3,10277.1,Approved,Normal
TX505963,EMP99999,Vesting,2025-06-30,452,72.55,UK,Performance Share,32792.6,0.4,13117.04,Approved,Normal
TX505964,EMP10665,Vesting,2026-12-17,1096,81.53,UK,RSU,89356.88,0.2,17871.38,Approved,Normal
TX505965,EMP11509,Exercise,2025-11-13,978,43.29,India,Performance Share,42337.62,0.4,16935.05,Approved,Normal
TX505966,EMP10533,Cancellation,2025-09-03,507,49.87,UK,Performance Share,25284.09,0.3,7585.23,Approved,Normal
TX505967,EMP11661,Exercise,2026-10-05,1464,69.26,UK,RSU,101396.64,0.4,40558.66,Approved,High Value
TX505968,EMP10033,Grant,2026-12-01,1678,30.67,India,RSU,51464.26,0.2,10292.85,Approved,Normal
TX505969,EMP10992,Cancellation,2026-05-12,1786,31.82,Germany,Performance Share,56830.52,0.4,22732.21,Approved,Normal
TX505970,EMP10227,Exercise,2025-02-02,254,14.81,India,Stock Option,3761.74,0.2,752.35,Approved,Normal
TX505971,EMP10292,Vesting,2025-12-22,1942,39.99,UK,RSU,77660.58,0.4,31064.23,Approved,Normal
TX505972,EMP11187,Grant,2025-11-04,1455,72.18,UK,RSU,105021.9,0.4,42008.76,Approved,High Value
TX505973,EMP10779,Grant,2026-12-31,1512,20.81,UK,Performance Share,31464.72,0.4,12585.89,Pending Review,Normal
TX505974,EMP10376,Exercise,2025-06-20,879,73.35,UK,Performance Share,64474.65,0.4,25789.86,Approved,Normal
TX505975,EMP11866,Grant,2025-06-06,1770,10.5,India,RSU,18585.0,0.3,5575.5,Approved,Normal
TX505976,EMP11701,Exercise,2025-10-26,311,94.24,USA,Stock Option,29308.64,0.3,8792.59,Approved,Normal
TX505977,EMP10988,Vesting,2026-08-02,1364,20.87,UK,Stock Option,28466.68,0.4,11386.67,Approved,Normal
TX505978,EMP10298,Sale,2026-07-13,1550,88.89,UK,ESPP,137779.5,0.2,27555.9,Approved,High Value
TX505979,EMP10775,Vesting,2026-07-05,1423,31.22,UK,RSU,44426.06,0.2,8885.21,Approved,Normal
TX505980,EMP11426,Exercise,2026-09-13,1344,13.68,USA,Stock Option,18385.92,0.3,5515.78,Approved,Normal
TX505981,EMP10041,Sale,2025-06-05,1630,31.0,India,ESPP,50530.0,0.4,20212.0,Approved,Normal
TX505982,EMP11819,Grant,2025-08-21,593,22.81,India,Performance Share,13526.33,0.4,5410.53,Approved,Normal
TX505983,EMP11520,Grant,2026-01-30,1066,77.16,India,RSU,82252.56,0.2,16450.51,Approved,Normal
TX505984,EMP10855,Vesting,2025-06-17,1855,39.6,India,Performance Share,73458.0,0.2,14691.6,Approved,Normal
TX505985,EMP10250,Exercise,2026-01-14,130,24.2,India,Stock Option,3146.0,0.4,1258.4,Approved,Normal
TX505986,EMP11944,Grant,2026-10-19,337,30.82,UK,Performance Share,10386.34,0.4,4154.54,Approved,Normal
TX505987,EMP10306,Grant,2025-11-11,1664,34.94,India,Stock Option,58140.16,0.4,23256.06,Approved,Normal
TX505988,EMP10226,Cancellation,2025-08-11,2347,78.28,India,ESPP,183723.16,0.2,36744.63,Approved,High Value
TX505989,EMP11285,Sale,2025-12-12,1213,24.9,Singapore,RSU,30203.7,0.3,9061.11,Approved,Normal
TX505990,EMP10446,Grant,2026-02-18,965,65.22,Australia,ESPP,62937.3,0.4,25174.92,Approved,Normal
TX505991,EMP11245,Vesting,2025-07-19,172,69.96,India,ESPP,12033.12,0.2,2406.62,Approved,Normal
TX505992,EMP11109,Grant,2025-03-15,2271,27.75,UK,Performance Share,63020.25,0.3,18906.08,Approved,Normal
TX505993,EMP11839,Grant,2026-12-04,2105,76.29,USA,RSU,160590.45,0.4,64236.18,Approved,High Value
TX505994,EMP10172,Grant,2025-10-10,706,87.78,UK,Stock Option,61972.68,0.3,18591.8,Approved,Normal
TX505995,EMP10001,Vesting,2026-04-15,2463,64.46,UK,RSU,158764.98,0.2,31753.0,Pending Review,High Value
TX505996,EMP99999,Vesting,2026-06-10,1790,29.34,Germany,RSU,52518.6,0.3,15755.58,Approved,Normal
TX505997,EMP10150,Grant,2026-06-21,1309,88.31,UK,Performance Share,115597.79,0.45,52019.01,Approved,High Value
TX505998,EMP10585,Grant,2025-05-01,2402,39.45,India,RSU,94758.9,0.45,42641.5,Approved,Normal
TX505999,EMP10414,Sale,2026-09-13,1927,41.72,Germany,RSU,80394.44,0.45,36177.5,Approved,Normal
TX506000,EMP11589,Exercise,2025-01-27,2303,55.17,Singapore,Stock Option,127056.51,0.2,25411.3,Approved,High Value
